Transaction_ID,User_ID,Transaction_Amount,Transaction_Type,Time_of_Transaction,Device_Used,Location,Previous_Fraudulent_Transactions,Account_Age,Number_of_Transactions_Last_24H,Payment_Method,Fraudulent
TXN100000,USER2292,1357.42,Bill Payment,4,Android,Different State,0,1268,3,UPI PIN,0
TXN100001,USER2919,2430.94,P2P,22,Android,Same City,0,475,3,UPI PIN,0
TXN100002,USER2831,617.62,P2P,9,Android,Same City,0,1529,5,UPI PIN,0
TXN100003,USER4064,979.96,P2P,5,iOS,Same City,1,2655,2,UPI PIN,0
TXN100004,USER2230,294.97,Recharge,17,Android,Different State,0,937,1,Biometric,0
TXN100005,USER3026,617.92,P2P,3,iOS,Same City,0,1362,1,UPI PIN,0
TXN100006,USER2866,9579.19,Recharge,16,Android,Same City,2,2636,3,Auto Debit,1
TXN100007,USER2043,2029.07,Recharge,7,Android,Same City,0,1916,3,Biometric,0
TXN100008,USER3901,4968.66,Recharge,23,iOS,Different State,0,2063,1,UPI PIN,0
TXN100009,USER4227,3785.35,P2P,9,Web,Same City,0,1908,1,Biometric,0
TXN100010,USER3614,5994.4,P2P,5,Android,Same City,0,535,3,UPI PIN,1
TXN100011,USER3972,2862.27,Bill Payment,0,Android,Same City,0,98,2,UPI PIN,0
TXN100012,USER2219,2169.94,Bill Payment,11,Android,Different City,0,1647,5,Biometric,1
TXN100013,USER2211,1498.96,Bill Payment,18,Android,Different State,0,747,3,UPI PIN,0
TXN100014,USER3890,5171.38,Merchant,10,Android,Same City,1,967,2,UPI PIN,0
TXN100015,USER4239,2622.42,P2P,9,Android,Same City,0,2831,6,UPI PIN,1
TXN100016,USER4656,1656.57,Bill Payment,4,Android,Same City,0,2696,0,UPI PIN,1
TXN100017,USER3291,2311.61,P2P,18,Android,Same City,0,366,3,UPI PIN,1
TXN100018,USER1304,349.95,Recharge,23,Android,Different City,0,1861,2,UPI PIN,0
TXN100019,USER4216,3935.38,P2P,0,Android,Different City,0,2462,0,UPI PIN,0
TXN100020,USER3104,1728.88,Merchant,12,Android,Same City,0,1859,1,UPI PIN,0
TXN100021,USER3241,274.53,Recharge,18,Web,Same City,0,245,3,UPI PIN,0
TXN100022,USER1717,2250.39,Bill Payment,18,Android,Different City,0,77,4,UPI PIN,0
TXN100023,USER2237,545.97,Recharge,19,iOS,Different City,0,2967,2,UPI PIN,0
TXN100024,USER1174,1412.74,P2P,19,Android,Same City,2,2754,4,UPI PIN,0
TXN100025,USER1614,1425.58,Merchant,7,Android,Same City,0,3770,2,UPI PIN,1
TXN100026,USER2595,758.71,Recharge,0,iOS,Same City,0,459,3,UPI PIN,1
TXN100027,USER4949,2017.18,P2P,5,iOS,Same City,1,2454,3,Auto Debit,0
TXN100028,USER2742,1059.51,Recharge,22,Android,Same City,0,1629,5,Biometric,1
TXN100029,USER4937,399.31,Recharge,5,iOS,Same City,0,3773,3,UPI PIN,0
TXN100030,USER4082,3995.42,Merchant,18,iOS,Different City,0,2664,4,Biometric,0
TXN100031,USER3974,808.67,Merchant,18,Android,Same City,0,3403,1,UPI PIN,1
TXN100032,USER4081,2753.13,P2P,2,iOS,Different State,0,882,2,UPI PIN,0
TXN100033,USER4203,93.84,P2P,16,Android,Different City,1,3314,5,Biometric,0
TXN100034,USER4513,0.64,P2P,2,Android,Different City,0,3275,1,UPI PIN,0
TXN100035,USER3252,1925.25,P2P,5,Android,Same City,0,902,4,UPI PIN,0
TXN100036,USER1158,2237.97,Recharge,2,Android,Same City,1,1897,3,UPI PIN,1
TXN100037,USER4428,2083.15,Merchant,8,iOS,Same City,0,2454,1,UPI PIN,0
TXN100038,USER4698,3268.17,Merchant,14,Android,Same City,1,1339,6,Biometric,1
TXN100039,USER2854,2151.35,Recharge,8,Android,Same City,1,1919,2,UPI PIN,0
TXN100040,USER4832,936.54,P2P,13,Android,Same City,3,1681,6,UPI PIN,0
TXN100041,USER3976,9252.48,Recharge,20,Android,Same City,0,2410,5,UPI PIN,1
TXN100042,USER1979,866.9,P2P,18,Android,Same City,0,1776,1,UPI PIN,0
TXN100043,USER1675,4069.28,Bill Payment,14,Android,Same City,0,639,3,UPI PIN,1
TXN100044,USER1092,1369.49,Recharge,13,Android,Same City,0,2614,4,UPI PIN,0
TXN100045,USER1894,1187.67,Bill Payment,1,iOS,Same City,1,3759,1,UPI PIN,0
TXN100046,USER4722,2231.04,Bill Payment,22,iOS,Same City,0,494,4,Auto Debit,0
TXN100047,USER4579,511.89,Merchant,13,Android,Different State,0,472,2,UPI PIN,0
TXN100048,USER4344,286.48,Recharge,10,Android,Different State,0,2053,1,UPI PIN,1
TXN100049,USER4506,1272.59,Bill Payment,12,Android,Same City,0,1546,1,Auto Debit,1
TXN100050,USER3747,888.39,Merchant,22,Android,Same City,0,2528,3,UPI PIN,0
TXN100051,USER4569,2019.21,Bill Payment,8,iOS,Same City,0,2134,6,UPI PIN,0
TXN100052,USER2521,1525.63,Bill Payment,21,Android,Same City,0,1181,4,UPI PIN,0
TXN100053,USER2783,3068.99,P2P,7,iOS,Different City,0,1778,3,UPI PIN,0
TXN100054,USER3766,1109.28,Merchant,18,Android,Same City,1,1805,3,UPI PIN,0
TXN100055,USER3731,3130.51,Merchant,15,Android,Same City,2,2737,1,UPI PIN,1
TXN100056,USER3070,2620.94,P2P,21,iOS,Same City,0,1518,5,UPI PIN,0
TXN100057,USER1912,3282.98,Merchant,16,Android,Same City,0,3605,2,Biometric,1
TXN100058,USER4866,434.17,Bill Payment,7,iOS,Different State,0,2986,9,UPI PIN,0
TXN100059,USER1890,681.58,P2P,6,Android,Same City,0,2456,4,Biometric,0
TXN100060,USER4671,4278.76,P2P,17,iOS,Same City,0,561,1,UPI PIN,0
TXN100061,USER3600,112.16,Recharge,16,Android,Same City,0,1657,2,Biometric,0
TXN100062,USER4127,1528.41,Recharge,6,iOS,Same City,1,1509,0,UPI PIN,0
TXN100063,USER1021,332.54,P2P,11,iOS,Same City,0,1236,6,UPI PIN,0
TXN100064,USER1285,4574.39,Bill Payment,17,iOS,Same City,1,3185,2,Biometric,0
TXN100065,USER2303,267.44,P2P,13,Android,Different State,0,2999,1,UPI PIN,0
TXN100066,USER3905,2316.85,Recharge,6,iOS,Same City,0,3792,1,Biometric,1
TXN100067,USER3122,14.05,Bill Payment,21,Android,Same City,1,753,2,UPI PIN,0
TXN100068,USER1697,2479.79,Recharge,2,iOS,Different City,0,2741,1,Biometric,1
TXN100069,USER3249,290.63,Bill Payment,13,Android,Same City,0,3024,1,Auto Debit,0
TXN100070,USER3517,1445.09,Recharge,14,iOS,Same City,2,3151,3,UPI PIN,0
TXN100071,USER3828,2278.25,P2P,5,Android,Same City,0,1378,1,Biometric,1
TXN100072,USER3088,127.97,Bill Payment,0,Android,Different City,0,3475,1,UPI PIN,0
TXN100073,USER1025,1229.2,Bill Payment,17,Android,Same City,0,3454,3,UPI PIN,1
TXN100074,USER1248,692.39,P2P,17,iOS,Same City,0,1830,4,UPI PIN,0
TXN100075,USER1043,641.8,Recharge,8,Android,Same City,0,1204,4,UPI PIN,0
TXN100076,USER4335,2121.93,Bill Payment,7,iOS,Same City,0,1961,5,Auto Debit,1
TXN100077,USER4267,1958.52,P2P,12,iOS,Same City,1,1574,2,UPI PIN,0
TXN100078,USER4818,1920.91,Bill Payment,17,iOS,Same City,1,2544,2,UPI PIN,0
TXN100079,USER1808,1465.73,Bill Payment,15,Android,Same City,0,2956,0,UPI PIN,0
TXN100080,USER4439,3646.41,Bill Payment,22,Android,Same City,0,2803,1,UPI PIN,1
TXN100081,USER1707,2177.07,Recharge,0,Android,Same City,0,3330,1,UPI PIN,1
TXN100082,USER2215,197.05,Recharge,9,Android,Same City,0,3835,5,UPI PIN,0
TXN100083,USER3165,1485.6,Merchant,11,Android,Same City,0,2095,2,UPI PIN,1
TXN100084,USER4176,1536.83,Merchant,5,iOS,Same City,0,154,2,UPI PIN,0
TXN100085,USER2235,339.37,Merchant,3,Android,Same City,0,846,3,UPI PIN,0
TXN100086,USER4368,2558.48,Merchant,21,Android,Same City,1,3731,6,Biometric,1
TXN100087,USER4596,412.2,Bill Payment,0,Android,Same City,0,3178,3,UPI PIN,0
TXN100088,USER1104,175.9,Recharge,5,Android,Same City,0,1896,3,UPI PIN,0
TXN100089,USER1526,5185.95,Merchant,12,Android,Different City,0,2788,4,UPI PIN,0
TXN100090,USER1517,3672.32,Bill Payment,7,iOS,Different City,0,1677,1,UPI PIN,1
TXN100091,USER4008,522.54,Recharge,13,Android,Same City,0,2826,5,UPI PIN,0
TXN100092,USER1358,954.93,Bill Payment,3,Android,Different City,0,1461,3,Auto Debit,0
TXN100093,USER4420,1105.86,P2P,5,Web,Different City,0,1445,1,UPI PIN,0
TXN100094,USER4519,4727.09,Merchant,21,Android,Different City,0,1394,4,UPI PIN,1
TXN100095,USER3332,3446.91,Merchant,3,Android,Same City,0,783,4,UPI PIN,1
TXN100096,USER3328,1362.81,Bill Payment,20,iOS,Same City,0,954,3,Auto Debit,0
TXN100097,USER2895,2217.88,Merchant,22,iOS,Different State,0,3087,1,UPI PIN,0
TXN100098,USER4767,696.99,P2P,15,Android,Same City,0,1698,4,Biometric,0
TXN100099,USER1162,1581.95,P2P,16,iOS,Same City,1,2836,3,UPI PIN,0
TXN100100,USER3243,2779.29,P2P,0,iOS,Same City,0,1248,2,UPI PIN,0
TXN100101,USER4095,677.91,P2P,8,iOS,Different City,0,3713,1,UPI PIN,0
TXN100102,USER1189,128.74,Merchant,8,Android,Different State,1,2181,6,UPI PIN,0
TXN100103,USER4296,3902.69,Merchant,4,Android,Same City,1,3650,5,UPI PIN,0
TXN100104,USER1372,1763.23,Bill Payment,11,Android,Same City,0,3946,2,Biometric,0
TXN100105,USER1228,892.24,Merchant,2,iOS,Same City,0,3234,2,UPI PIN,0
TXN100106,USER4757,3738.35,Recharge,3,Android,Different State,2,1723,4,UPI PIN,1
TXN100107,USER1002,1559.17,P2P,16,iOS,Same City,0,3302,2,Biometric,0
TXN100108,USER4040,6094.85,P2P,7,Android,Same City,0,3951,5,Biometric,1
TXN100109,USER1485,515.73,Merchant,23,Android,Same City,2,3208,6,UPI PIN,0
TXN100110,USER3409,1387.07,Bill Payment,16,iOS,Same City,0,1376,3,Biometric,0
TXN100111,USER1877,899.0,Recharge,12,Android,Same City,0,2540,4,Biometric,1
TXN100112,USER4652,976.16,P2P,5,iOS,Same City,1,2830,0,UPI PIN,0
TXN100113,USER2497,3628.0,P2P,22,iOS,Same City,0,688,5,UPI PIN,0
TXN100114,USER1865,79.17,Recharge,2,Android,Same City,0,1478,2,Biometric,0
TXN100115,USER2411,900.97,Recharge,4,Android,Different State,1,3776,5,UPI PIN,1
TXN100116,USER2744,1961.82,Recharge,4,Android,Same City,0,2520,3,Biometric,0
TXN100117,USER2350,2973.81,Merchant,15,iOS,Same City,1,743,7,UPI PIN,0
TXN100118,USER3759,3273.8,Bill Payment,21,Android,Same City,0,1165,6,UPI PIN,0
TXN100119,USER4952,1307.36,P2P,8,Android,Same City,0,2669,3,Auto Debit,0
TXN100120,USER4938,1577.22,Bill Payment,22,iOS,Same City,1,1497,4,Auto Debit,0
TXN100121,USER2323,2156.72,Bill Payment,20,Web,Same City,0,1749,2,UPI PIN,1
TXN100122,USER3995,2068.85,Recharge,9,Android,Different State,0,1441,2,UPI PIN,0
TXN100123,USER2430,4745.97,Recharge,12,Android,Same City,1,3695,2,UPI PIN,0
TXN100124,USER2020,466.78,Bill Payment,17,Android,Same City,0,1228,0,UPI PIN,0
TXN100125,USER4450,3202.79,P2P,9,Android,Same City,0,1372,3,UPI PIN,0
TXN100126,USER2681,52.29,Bill Payment,1,iOS,Same City,0,1263,4,Biometric,0
TXN100127,USER3055,931.54,Recharge,13,Android,Same City,0,2550,2,UPI PIN,0
TXN100128,USER1962,1298.9,P2P,11,Android,Same City,0,3105,4,Biometric,1
TXN100129,USER2771,1736.22,Bill Payment,14,Android,Same City,0,1189,3,Biometric,1
TXN100130,USER4186,4894.39,Merchant,18,Android,Same City,0,1553,2,UPI PIN,0
TXN100131,USER3515,605.19,Merchant,7,Android,Same City,0,1300,2,Biometric,0
TXN100132,USER1244,689.22,Bill Payment,20,iOS,Different City,0,2229,2,UPI PIN,0
TXN100133,USER2440,349.51,P2P,22,Android,Different State,1,1159,4,UPI PIN,1
TXN100134,USER2167,3335.22,P2P,6,Android,Different State,0,3870,1,UPI PIN,0
TXN100135,USER1295,449.57,Bill Payment,22,Android,Same City,0,965,4,UPI PIN,0
TXN100136,USER4624,2253.45,P2P,7,Android,Different State,1,3481,7,UPI PIN,1
TXN100137,USER1854,1890.84,Bill Payment,20,Android,Same City,1,1301,5,UPI PIN,1
TXN100138,USER1552,2403.12,Recharge,9,Android,Different State,0,3492,3,UPI PIN,0
TXN100139,USER4607,1002.7,Merchant,3,iOS,Same City,0,2847,2,Auto Debit,0
TXN100140,USER4537,4525.77,P2P,20,Android,Different City,1,1441,3,UPI PIN,1
TXN100141,USER4375,963.3,Bill Payment,21,Android,Different City,0,552,1,UPI PIN,0
TXN100142,USER1899,120.48,Recharge,7,Android,Different State,0,3567,2,UPI PIN,0
TXN100143,USER4733,480.33,Bill Payment,9,Android,Same City,0,2195,3,UPI PIN,0
TXN100144,USER2386,1396.88,P2P,19,Android,Same City,0,2939,3,UPI PIN,0
TXN100145,USER1551,553.1,Merchant,20,Android,Different City,1,990,1,UPI PIN,0
TXN100146,USER1338,3158.27,Recharge,18,iOS,Same City,0,1885,6,Biometric,0
TXN100147,USER4152,1274.86,Recharge,8,Web,Different City,0,2493,8,UPI PIN,0
TXN100148,USER4918,589.72,Merchant,6,iOS,Same City,1,1370,2,UPI PIN,0
TXN100149,USER1663,1029.76,P2P,5,iOS,Same City,1,1380,5,UPI PIN,0
TXN100150,USER4410,4558.78,Bill Payment,19,iOS,Same City,2,1354,0,Biometric,0
TXN100151,USER4660,2797.33,Merchant,11,Android,Same City,0,1756,3,UPI PIN,0
TXN100152,USER4171,3262.84,Bill Payment,7,Android,Same City,0,875,2,UPI PIN,1
TXN100153,USER2833,396.99,Recharge,1,iOS,Same City,0,2119,3,Biometric,0
TXN100154,USER3138,821.1,Bill Payment,7,Web,Same City,0,762,4,Biometric,0
TXN100155,USER3870,1272.36,P2P,16,iOS,Same City,0,771,0,UPI PIN,0
TXN100156,USER4654,2405.0,Recharge,18,Android,Same City,0,3226,5,UPI PIN,1
TXN100157,USER2643,261.29,P2P,13,Web,Same City,1,1172,4,Auto Debit,0
TXN100158,USER3684,1774.72,Bill Payment,5,Android,Same City,0,1071,1,UPI PIN,0
TXN100159,USER2333,1520.41,Merchant,12,Android,Same City,0,1911,1,UPI PIN,1
TXN100160,USER3037,1409.31,Merchant,7,Android,Same City,0,529,4,UPI PIN,0
TXN100161,USER2117,4599.44,Recharge,10,Android,Same City,0,2336,5,UPI PIN,0
TXN100162,USER1748,45.61,Bill Payment,20,iOS,Different City,0,1622,2,UPI PIN,0
TXN100163,USER4337,518.82,P2P,8,Android,Same City,0,46,2,UPI PIN,0
TXN100164,USER2991,8466.45,Bill Payment,19,Android,Different State,0,809,3,UPI PIN,0
TXN100165,USER4482,316.49,Recharge,7,Android,Same City,1,3589,1,UPI PIN,0
TXN100166,USER3748,7899.48,Recharge,20,Android,Different City,0,1691,3,Biometric,1
TXN100167,USER3271,9.21,P2P,0,Android,Different State,0,2467,4,UPI PIN,0
TXN100168,USER1965,2177.23,Bill Payment,15,iOS,Same City,0,2079,4,UPI PIN,1
TXN100169,USER4043,296.04,Recharge,3,Web,Same City,0,1949,4,UPI PIN,0
TXN100170,USER4500,314.75,Recharge,0,iOS,Same City,1,3063,6,UPI PIN,1
TXN100171,USER3591,1670.22,Recharge,8,Android,Same City,2,3046,2,UPI PIN,1
TXN100172,USER2519,97.76,Merchant,20,iOS,Same City,0,2248,2,UPI PIN,0
TXN100173,USER1520,1249.32,P2P,14,Android,Same City,0,91,5,Biometric,0
TXN100174,USER3072,189.25,Bill Payment,10,Android,Same City,0,427,1,UPI PIN,0
TXN100175,USER3202,16.03,Merchant,11,Android,Same City,1,570,4,UPI PIN,0
TXN100176,USER2916,107.26,P2P,12,Web,Same City,0,2368,5,Auto Debit,0
TXN100177,USER2129,546.12,P2P,15,Android,Same City,0,92,3,UPI PIN,0
TXN100178,USER2275,7.46,P2P,19,iOS,Same City,1,3125,1,UPI PIN,0
TXN100179,USER2083,2325.99,Bill Payment,23,Android,Same City,0,920,6,UPI PIN,1
TXN100180,USER2519,1343.39,P2P,2,Android,Same City,0,1342,1,UPI PIN,0
TXN100181,USER3062,987.52,Merchant,5,Android,Same City,1,2160,2,Auto Debit,0
TXN100182,USER2885,799.8,Bill Payment,7,iOS,Same City,0,1948,3,UPI PIN,0
TXN100183,USER4357,476.88,Merchant,12,Android,Same City,0,2271,1,UPI PIN,0
TXN100184,USER4190,171.5,Bill Payment,9,Android,Same City,0,349,3,UPI PIN,0
TXN100185,USER3601,6461.41,Merchant,6,Android,Different State,0,1201,5,UPI PIN,0
TXN100186,USER4196,3721.74,P2P,3,Android,Same City,0,3787,2,UPI PIN,0
TXN100187,USER3919,1419.71,Bill Payment,18,Android,Same City,0,3281,5,Biometric,0
TXN100188,USER4111,1900.17,Bill Payment,12,Android,Different State,0,670,2,UPI PIN,1
TXN100189,USER2272,1500.11,Merchant,0,iOS,Different City,0,1165,5,Biometric,0
TXN100190,USER2193,2331.29,Merchant,10,Android,Different City,0,2699,3,UPI PIN,0
TXN100191,USER4591,384.14,Recharge,23,Android,Same City,0,3349,1,UPI PIN,0
TXN100192,USER3964,1060.1,Merchant,0,Android,Same City,0,1379,2,UPI PIN,0
TXN100193,USER2969,3533.98,Recharge,18,Android,Same City,0,459,3,UPI PIN,0
TXN100194,USER4001,2070.0,Recharge,2,Android,Same City,0,1884,5,UPI PIN,1
TXN100195,USER3636,1377.29,P2P,10,iOS,Same City,0,1134,2,UPI PIN,0
TXN100196,USER4105,39.75,P2P,13,iOS,Different City,0,3690,4,UPI PIN,0
TXN100197,USER1226,2796.85,Bill Payment,17,Android,Same City,0,3443,2,UPI PIN,1
TXN100198,USER2171,1785.49,Merchant,12,Android,Same City,0,2787,2,UPI PIN,0
TXN100199,USER3720,2365.31,P2P,5,Android,Different City,0,2034,5,UPI PIN,0
TXN100200,USER3592,1679.61,Merchant,20,iOS,Different State,1,699,3,UPI PIN,0
TXN100201,USER1029,338.52,Merchant,10,iOS,Different City,0,887,2,Biometric,0
TXN100202,USER1284,633.03,Recharge,17,Android,Same City,0,2808,1,UPI PIN,1
TXN100203,USER1468,614.94,Recharge,14,iOS,Different City,1,3854,3,UPI PIN,0
TXN100204,USER1673,481.78,Merchant,8,iOS,Same City,0,2981,2,UPI PIN,0
TXN100205,USER1427,351.14,Merchant,17,Android,Same City,0,2773,3,UPI PIN,0
TXN100206,USER3282,3839.14,Merchant,4,iOS,Same City,1,2128,0,UPI PIN,1
TXN100207,USER4430,203.88,P2P,17,Android,Same City,0,2632,2,Auto Debit,0
TXN100208,USER2235,385.61,Recharge,11,iOS,Same City,0,2861,3,UPI PIN,0
TXN100209,USER1340,5524.75,Recharge,17,Android,Same City,1,1900,1,Biometric,0
TXN100210,USER3593,2400.12,Recharge,19,iOS,Different City,0,3031,4,UPI PIN,1
TXN100211,USER2538,3832.48,P2P,16,Android,Same City,0,327,4,Biometric,1
TXN100212,USER1965,107.46,Recharge,2,Android,Different City,0,909,8,UPI PIN,1
TXN100213,USER3197,54.15,Merchant,21,Android,Same City,0,437,4,Biometric,0
TXN100214,USER1917,1070.86,Recharge,13,iOS,Same City,0,304,5,Biometric,0
TXN100215,USER2695,2112.64,Merchant,8,Android,Same City,0,664,0,Auto Debit,0
TXN100216,USER1498,3228.88,P2P,9,Web,Same City,0,1129,3,Biometric,1
TXN100217,USER2334,3279.78,P2P,9,Android,Same City,1,998,2,UPI PIN,0
TXN100218,USER3680,453.42,Bill Payment,22,Android,Same City,0,3437,5,UPI PIN,0
TXN100219,USER2201,1475.29,Recharge,5,iOS,Different City,0,2071,5,UPI PIN,0
TXN100220,USER1775,1644.26,Recharge,20,Android,Same City,0,1988,5,UPI PIN,0
TXN100221,USER2593,1320.76,Recharge,15,Android,Different City,0,2909,1,Biometric,0
TXN100222,USER1753,403.85,Merchant,7,Android,Same City,2,3461,1,UPI PIN,0
TXN100223,USER4979,1437.92,Merchant,4,Web,Same City,1,3132,1,Biometric,0
TXN100224,USER4160,203.42,P2P,22,Android,Same City,0,3736,1,Auto Debit,0
TXN100225,USER1879,3304.31,Merchant,12,iOS,Same City,0,3926,4,UPI PIN,0
TXN100226,USER4033,1410.46,Merchant,11,Android,Different City,0,1885,3,UPI PIN,1
TXN100227,USER1182,975.92,Recharge,9,iOS,Different State,0,527,2,UPI PIN,0
TXN100228,USER3911,1690.72,P2P,11,Android,Same City,0,582,2,Auto Debit,1
TXN100229,USER3334,7083.92,P2P,20,Android,Different State,0,436,0,UPI PIN,0
TXN100230,USER4700,1409.63,Recharge,20,iOS,Same City,0,2281,2,UPI PIN,1
TXN100231,USER3159,273.93,Bill Payment,15,Android,Different State,0,1971,7,UPI PIN,0
TXN100232,USER4920,4029.12,P2P,7,iOS,Same City,0,1052,3,UPI PIN,1
TXN100233,USER4008,785.78,P2P,5,iOS,Different State,0,1447,1,UPI PIN,0
TXN100234,USER4194,548.56,Merchant,19,Android,Different State,0,3563,6,UPI PIN,0
TXN100235,USER2398,467.22,P2P,19,Android,Same City,0,2056,3,UPI PIN,0
TXN100236,USER2190,66.56,Merchant,17,iOS,Different City,0,89,6,Auto Debit,0
TXN100237,USER3588,889.13,Bill Payment,12,Android,Same City,0,3355,3,UPI PIN,0
TXN100238,USER4861,911.45,Merchant,19,Android,Different City,0,3884,4,Auto Debit,0
TXN100239,USER3171,513.22,Bill Payment,3,iOS,Same City,0,1782,4,UPI PIN,0
TXN100240,USER1075,1959.94,P2P,20,iOS,Same City,0,77,4,Biometric,0
TXN100241,USER1877,2518.58,Merchant,13,iOS,Same City,0,3729,4,UPI PIN,0
TXN100242,USER1089,5334.87,P2P,2,iOS,Same City,0,1024,3,UPI PIN,0
TXN100243,USER1574,1275.23,Merchant,23,Android,Same City,0,2200,2,UPI PIN,0
TXN100244,USER3546,4907.62,Recharge,10,Android,Same City,1,377,3,UPI PIN,0
TXN100245,USER1306,1544.62,Merchant,0,Android,Same City,0,1706,3,Biometric,0
TXN100246,USER3408,4772.8,Recharge,12,iOS,Same City,0,2165,2,Biometric,0
TXN100247,USER1691,42.52,Merchant,5,iOS,Same City,0,2455,4,Biometric,0
TXN100248,USER3410,5252.51,Merchant,21,Android,Different State,0,2577,6,UPI PIN,0
TXN100249,USER3858,5765.72,Merchant,2,Web,Same City,1,2111,4,UPI PIN,0
TXN100250,USER1385,1238.68,Recharge,15,iOS,Different City,0,2074,3,Biometric,0
TXN100251,USER4289,674.61,Merchant,9,Web,Different City,0,1437,1,UPI PIN,0
TXN100252,USER1736,1671.19,Merchant,14,Android,Different State,1,3254,5,Auto Debit,0
TXN100253,USER2050,1641.24,Recharge,23,Android,Same City,2,1863,1,UPI PIN,0
TXN100254,USER1538,341.86,Recharge,8,iOS,Different State,0,184,3,Auto Debit,1
TXN100255,USER4761,1113.34,Merchant,3,iOS,Same City,0,286,3,Auto Debit,0
TXN100256,USER1622,1635.88,Merchant,12,Android,Different State,0,3990,3,UPI PIN,0
TXN100257,USER2030,1529.68,Merchant,16,Android,Same City,0,3670,2,UPI PIN,0
TXN100258,USER3001,2611.35,P2P,2,Android,Same City,1,974,4,Biometric,0
TXN100259,USER3183,4745.29,Bill Payment,14,Web,Same City,0,208,1,Biometric,1
TXN100260,USER1165,4610.11,P2P,8,Android,Same City,0,670,1,Auto Debit,0
TXN100261,USER4173,2113.02,Bill Payment,1,Android,Same City,0,3989,4,UPI PIN,0
TXN100262,USER2169,2052.37,Recharge,13,Android,Same City,0,3108,5,UPI PIN,0
TXN100263,USER4513,860.35,Bill Payment,21,Android,Different State,0,909,3,UPI PIN,0
TXN100264,USER3249,441.81,Bill Payment,2,Android,Same City,0,1138,4,Biometric,0
TXN100265,USER4426,845.29,Merchant,0,iOS,Same City,0,3990,5,UPI PIN,0
TXN100266,USER4174,3543.62,Bill Payment,12,Android,Same City,0,694,3,UPI PIN,1
TXN100267,USER2453,679.93,Merchant,11,Android,Same City,2,673,5,Biometric,0
TXN100268,USER3505,5668.1,Merchant,22,Android,Same City,1,1742,5,UPI PIN,0
TXN100269,USER2754,1210.6,P2P,12,iOS,Same City,0,240,2,UPI PIN,0
TXN100270,USER3184,8220.45,Recharge,21,Android,Same City,0,1568,4,Biometric,1
TXN100271,USER1288,5213.37,P2P,15,iOS,Same City,1,2392,5,UPI PIN,0
TXN100272,USER1908,3465.51,P2P,19,iOS,Same City,0,2306,4,UPI PIN,1
TXN100273,USER4195,519.29,Bill Payment,18,Android,Different State,0,527,4,Biometric,0
TXN100274,USER2321,413.0,Bill Payment,22,iOS,Same City,0,2184,4,Auto Debit,0
TXN100275,USER2572,661.5,P2P,16,Android,Different State,0,3473,4,Biometric,0
TXN100276,USER3397,1066.49,Recharge,4,Android,Different State,0,3538,0,UPI PIN,0
TXN100277,USER2380,406.97,Bill Payment,10,Android,Different City,1,3366,3,Auto Debit,0
TXN100278,USER4652,1253.39,Merchant,15,Android,Same City,0,567,1,UPI PIN,0
TXN100279,USER1474,381.98,P2P,7,Android,Same City,0,2674,3,UPI PIN,0
TXN100280,USER4188,120.8,Recharge,8,Android,Same City,0,3655,2,UPI PIN,0
TXN100281,USER3801,5761.72,Merchant,1,Android,Same City,0,1492,4,Auto Debit,0
TXN100282,USER3150,191.36,Merchant,1,Android,Same City,1,2916,3,Auto Debit,0
TXN100283,USER2032,51.5,Recharge,5,iOS,Same City,1,663,2,Biometric,0
TXN100284,USER3499,784.91,Recharge,0,Android,Different City,0,520,3,Biometric,0
TXN100285,USER2575,2534.32,P2P,6,Android,Different City,1,2784,3,UPI PIN,0
TXN100286,USER4156,359.98,Bill Payment,2,Android,Same City,0,2342,4,UPI PIN,1
TXN100287,USER2053,2117.88,Recharge,13,iOS,Same City,1,2674,3,UPI PIN,1
TXN100288,USER4348,2308.93,Recharge,22,iOS,Different City,0,2960,5,UPI PIN,0
TXN100289,USER4804,982.49,P2P,15,iOS,Different City,1,2441,5,UPI PIN,0
TXN100290,USER3376,17.1,Bill Payment,20,Android,Same City,1,1025,6,UPI PIN,0
TXN100291,USER4735,1687.79,Merchant,17,iOS,Same City,1,3789,3,Biometric,0
TXN100292,USER3093,1098.67,Bill Payment,17,iOS,Same City,0,2357,2,UPI PIN,0
TXN100293,USER3803,1391.12,P2P,6,Android,Same City,0,255,1,UPI PIN,0
TXN100294,USER4456,641.35,Merchant,8,iOS,Same City,1,1945,1,Biometric,0
TXN100295,USER2656,2259.18,Recharge,3,Android,Same City,1,2353,2,UPI PIN,0
TXN100296,USER3228,8788.03,Merchant,8,Android,Same City,0,2396,2,UPI PIN,0
TXN100297,USER2178,1620.59,P2P,12,Android,Same City,0,3954,4,Auto Debit,0
TXN100298,USER1991,193.51,Merchant,0,Android,Same City,1,2070,2,Biometric,1
TXN100299,USER4718,2998.5,Bill Payment,23,Android,Same City,0,2579,2,UPI PIN,1
TXN100300,USER2075,596.57,Bill Payment,14,Android,Different City,0,617,1,UPI PIN,0
TXN100301,USER3650,604.04,P2P,22,Android,Same City,0,949,4,UPI PIN,0
TXN100302,USER2159,5185.71,Merchant,12,iOS,Same City,0,3380,2,UPI PIN,0
TXN100303,USER2068,3675.26,Merchant,11,Web,Different State,1,2083,3,UPI PIN,1
TXN100304,USER4180,159.7,Recharge,0,Android,Same City,0,3778,4,UPI PIN,0
TXN100305,USER4543,1532.81,Recharge,2,iOS,Same City,1,1582,5,UPI PIN,0
TXN100306,USER3796,2810.06,Recharge,12,Android,Same City,0,184,11,UPI PIN,0
TXN100307,USER2558,2697.81,Bill Payment,12,Android,Same City,0,1785,5,Biometric,1
TXN100308,USER2316,7300.67,P2P,5,Android,Same City,1,646,3,UPI PIN,1
TXN100309,USER4803,1160.25,Bill Payment,22,Android,Same City,0,397,2,UPI PIN,0
TXN100310,USER1453,2059.06,Recharge,6,Android,Different State,0,1789,3,Biometric,0
TXN100311,USER1161,6201.04,P2P,7,Android,Same City,0,1430,2,Auto Debit,0
TXN100312,USER1436,1330.27,Recharge,9,Android,Same City,1,3492,2,Auto Debit,0
TXN100313,USER1193,2222.25,Bill Payment,4,Android,Different City,0,2671,1,UPI PIN,0
TXN100314,USER1875,572.6,P2P,21,Android,Different City,0,317,3,UPI PIN,0
TXN100315,USER4423,1116.76,P2P,0,iOS,Different City,0,978,5,UPI PIN,0
TXN100316,USER2786,258.44,Bill Payment,1,Android,Same City,0,713,3,UPI PIN,0
TXN100317,USER1808,1468.26,Merchant,6,Android,Same City,1,448,1,UPI PIN,0
TXN100318,USER3203,2458.8,P2P,18,Android,Same City,0,1079,1,Auto Debit,1
TXN100319,USER4454,2586.84,P2P,14,Web,Same City,0,2206,0,Biometric,1
TXN100320,USER1455,6599.96,Merchant,16,Android,Same City,0,1877,2,UPI PIN,0
TXN100321,USER2953,1458.33,Merchant,18,iOS,Same City,0,471,4,UPI PIN,0
TXN100322,USER2050,3557.52,Bill Payment,13,iOS,Same City,0,2795,3,UPI PIN,0
TXN100323,USER1564,156.41,Merchant,1,Android,Same City,1,1284,7,UPI PIN,0
TXN100324,USER1869,5299.97,Recharge,22,Android,Different City,0,627,3,UPI PIN,0
TXN100325,USER4243,50.94,Recharge,1,Android,Same City,1,3784,4,UPI PIN,0
TXN100326,USER2245,2783.22,P2P,14,Web,Same City,0,2164,3,UPI PIN,1
TXN100327,USER1245,4039.76,Merchant,7,Android,Same City,0,2139,1,UPI PIN,0
TXN100328,USER3459,297.33,Bill Payment,20,iOS,Same City,0,2569,2,UPI PIN,0
TXN100329,USER1071,105.59,Bill Payment,19,Android,Different State,1,2740,1,Biometric,0
TXN100330,USER4238,4386.5,Recharge,22,Android,Different City,0,3667,5,UPI PIN,0
TXN100331,USER2150,3034.91,Merchant,6,Android,Different City,0,3401,5,UPI PIN,1
TXN100332,USER2958,1203.72,Merchant,18,Android,Same City,1,1538,4,UPI PIN,1
TXN100333,USER2451,9553.67,P2P,16,iOS,Different City,0,3188,2,UPI PIN,0
TXN100334,USER1419,3536.83,Recharge,9,iOS,Different City,0,1125,2,Biometric,0
TXN100335,USER1455,3995.66,Recharge,15,Android,Different City,0,3218,3,UPI PIN,0
TXN100336,USER3900,4825.77,P2P,1,iOS,Same City,0,2834,4,UPI PIN,0
TXN100337,USER2248,3672.19,Recharge,8,Android,Same City,0,3124,6,UPI PIN,0
TXN100338,USER2054,2386.73,Recharge,16,Android,Same City,0,1811,3,UPI PIN,1
TXN100339,USER4919,1534.92,Merchant,23,iOS,Different State,1,771,3,Biometric,0
TXN100340,USER2738,1877.82,Merchant,9,Android,Same City,0,3632,4,Biometric,1
TXN100341,USER2366,2435.91,Recharge,0,Android,Same City,0,2411,3,Biometric,0
TXN100342,USER1862,8000.52,Merchant,2,Android,Same City,0,647,3,UPI PIN,0
TXN100343,USER1418,3484.98,P2P,12,Web,Same City,1,2805,2,UPI PIN,1
TXN100344,USER4252,722.34,Merchant,14,iOS,Same City,0,1048,3,Biometric,0
TXN100345,USER3145,2033.61,P2P,12,iOS,Same City,1,2489,4,UPI PIN,0
TXN100346,USER2311,1147.98,Bill Payment,8,iOS,Same City,0,3726,0,UPI PIN,0
TXN100347,USER3967,3086.48,Merchant,18,Android,Same City,1,701,1,Biometric,0
TXN100348,USER4423,2363.59,P2P,9,Android,Different City,2,1469,6,Biometric,1
TXN100349,USER1548,1083.92,P2P,5,iOS,Same City,0,579,4,Biometric,0
TXN100350,USER3616,2129.88,P2P,7,Android,Same City,1,833,3,UPI PIN,0
TXN100351,USER3926,2652.4,Bill Payment,12,Android,Same City,0,2995,2,Biometric,0
TXN100352,USER2702,247.65,Merchant,17,Android,Different City,1,3221,5,UPI PIN,0
TXN100353,USER3615,726.94,Bill Payment,13,iOS,Same City,0,1910,4,UPI PIN,0
TXN100354,USER4646,1387.66,Recharge,13,iOS,Same City,0,505,4,UPI PIN,1
TXN100355,USER4485,1589.8,Recharge,5,iOS,Same City,0,1251,5,UPI PIN,0
TXN100356,USER3294,65.18,Merchant,5,iOS,Same City,0,3464,0,UPI PIN,0
TXN100357,USER1376,275.94,Recharge,3,iOS,Same City,1,712,4,Auto Debit,0
TXN100358,USER1938,599.52,Bill Payment,1,Android,Same City,1,2351,1,UPI PIN,0
TXN100359,USER4798,895.03,Recharge,18,iOS,Same City,0,3254,2,UPI PIN,0
TXN100360,USER1527,337.87,Recharge,23,iOS,Same City,1,2099,5,UPI PIN,0
TXN100361,USER1852,2310.19,Bill Payment,17,Android,Different City,1,884,4,UPI PIN,1
TXN100362,USER2267,1314.3,P2P,1,Web,Same City,1,1894,3,UPI PIN,0
TXN100363,USER3741,1353.13,P2P,5,Android,Different State,0,1474,4,UPI PIN,0
TXN100364,USER3657,6106.35,Bill Payment,12,Android,Same City,0,514,2,UPI PIN,0
TXN100365,USER2880,934.06,Recharge,12,Android,Same City,0,1545,3,UPI PIN,0
TXN100366,USER2409,1091.56,Merchant,14,Android,Different State,0,1952,4,UPI PIN,0
TXN100367,USER4205,581.8,Merchant,1,iOS,Same City,0,654,2,UPI PIN,0
TXN100368,USER4781,316.23,Bill Payment,18,Android,Same City,0,3331,1,UPI PIN,0
TXN100369,USER2616,3.92,Recharge,23,Android,Same City,1,3789,2,Biometric,0
TXN100370,USER1048,992.67,Merchant,9,iOS,Same City,0,875,2,UPI PIN,0
TXN100371,USER1133,1871.7,Merchant,21,iOS,Same City,0,2990,5,UPI PIN,0
TXN100372,USER3601,570.96,Recharge,13,Android,Different State,0,3812,7,Auto Debit,0
TXN100373,USER2076,697.31,Merchant,2,iOS,Different State,0,3444,1,UPI PIN,0
TXN100374,USER1808,5516.99,Merchant,12,Android,Same City,0,3517,4,UPI PIN,1
TXN100375,USER3474,1345.68,Merchant,6,Android,Same City,0,1467,0,UPI PIN,0
TXN100376,USER3972,2530.04,Recharge,11,Android,Different City,0,3533,3,UPI PIN,1
TXN100377,USER2714,2815.03,Bill Payment,5,iOS,Same City,0,2646,5,UPI PIN,0
TXN100378,USER3819,2855.95,P2P,22,iOS,Same City,1,1712,2,UPI PIN,0
TXN100379,USER3214,3019.06,P2P,20,iOS,Same City,0,2361,1,UPI PIN,1
TXN100380,USER3716,4223.44,Bill Payment,14,Android,Same City,1,1947,2,Biometric,0
TXN100381,USER3937,709.05,P2P,20,iOS,Same City,1,2757,6,UPI PIN,0
TXN100382,USER4566,5446.64,Bill Payment,10,Android,Different City,0,1294,4,UPI PIN,0
TXN100383,USER3668,6202.66,Recharge,2,Android,Same City,0,547,2,Auto Debit,0
TXN100384,USER2684,5618.93,P2P,22,iOS,Same City,0,375,3,Biometric,0
TXN100385,USER2555,389.55,Recharge,7,iOS,Same City,0,1332,1,UPI PIN,0
TXN100386,USER4843,7683.09,Recharge,10,Android,Same City,1,3197,4,Auto Debit,0
TXN100387,USER3632,3926.38,P2P,11,Android,Same City,0,1631,4,UPI PIN,0
TXN100388,USER3041,430.85,Recharge,5,Android,Different City,0,2422,4,UPI PIN,0
TXN100389,USER4990,793.16,Bill Payment,22,iOS,Different City,0,2156,3,UPI PIN,0
TXN100390,USER3160,1699.06,Recharge,20,iOS,Same City,0,3911,2,UPI PIN,0
TXN100391,USER2776,1605.32,Recharge,8,Android,Same City,0,1069,2,UPI PIN,0
TXN100392,USER1957,1405.18,Merchant,21,iOS,Different City,0,493,1,UPI PIN,0
TXN100393,USER1483,4362.43,Merchant,10,Android,Same City,0,102,2,UPI PIN,1
TXN100394,USER4003,7202.56,P2P,12,Android,Same City,0,661,6,UPI PIN,0
TXN100395,USER1111,1582.1,Recharge,19,iOS,Same City,0,1398,2,UPI PIN,0
TXN100396,USER3661,1273.29,Merchant,20,Android,Same City,1,819,3,Auto Debit,0
TXN100397,USER1340,937.43,Bill Payment,5,Android,Same City,0,986,4,Biometric,1
TXN100398,USER2843,2173.8,Recharge,4,Android,Same City,0,1068,5,UPI PIN,0
TXN100399,USER4677,2300.21,Bill Payment,10,Android,Same City,0,911,4,UPI PIN,1
TXN100400,USER2757,1804.68,Bill Payment,0,Android,Same City,1,713,2,UPI PIN,1
TXN100401,USER4284,1484.93,Merchant,10,Android,Same City,1,2491,3,UPI PIN,1
TXN100402,USER3264,1273.77,P2P,21,iOS,Different State,1,3882,2,Biometric,1
TXN100403,USER2625,1211.4,Recharge,7,Android,Same City,0,3815,0,UPI PIN,0
TXN100404,USER4464,2742.95,Recharge,4,Android,Same City,0,2372,3,UPI PIN,1
TXN100405,USER3403,4501.77,Merchant,14,Web,Same City,1,876,0,Biometric,0
TXN100406,USER3424,326.74,P2P,2,Android,Same City,0,2644,1,UPI PIN,0
TXN100407,USER4345,2084.19,Merchant,0,Android,Same City,0,1565,7,UPI PIN,0
TXN100408,USER3810,976.32,P2P,6,Android,Same City,0,2885,5,UPI PIN,0
TXN100409,USER2265,1647.91,P2P,6,Android,Same City,1,1286,5,Biometric,1
TXN100410,USER2183,1388.94,Merchant,13,iOS,Same City,0,3017,2,UPI PIN,0
TXN100411,USER2768,1761.92,P2P,8,Android,Same City,1,272,3,Biometric,1
TXN100412,USER1848,653.26,Bill Payment,4,Android,Different City,0,996,1,UPI PIN,0
TXN100413,USER2176,988.24,Bill Payment,9,Android,Same City,1,3897,3,UPI PIN,0
TXN100414,USER2857,692.2,Recharge,22,Android,Same City,0,356,4,UPI PIN,0
TXN100415,USER2213,1336.12,Merchant,2,Android,Same City,0,2379,5,UPI PIN,0
TXN100416,USER2999,6806.02,P2P,3,iOS,Same City,2,2605,4,UPI PIN,1
TXN100417,USER4991,599.34,Merchant,1,Android,Same City,0,3986,1,Biometric,0
TXN100418,USER4620,1466.68,Bill Payment,4,Android,Same City,0,529,5,UPI PIN,0
TXN100419,USER4896,499.01,P2P,2,Android,Different City,0,3697,3,Biometric,0
TXN100420,USER1835,1563.37,Merchant,10,iOS,Same City,0,1710,4,UPI PIN,1
TXN100421,USER2527,1389.12,Bill Payment,9,Android,Different State,1,1277,3,UPI PIN,0
TXN100422,USER2036,1153.28,Merchant,19,Android,Same City,0,918,2,UPI PIN,0
TXN100423,USER3381,4.52,Recharge,20,iOS,Different City,0,191,4,UPI PIN,0
TXN100424,USER1021,8061.42,Recharge,9,iOS,Same City,1,1500,3,UPI PIN,0
TXN100425,USER3312,3098.81,Bill Payment,15,Android,Different City,0,3206,2,UPI PIN,0
TXN100426,USER1006,613.49,Bill Payment,9,Android,Same City,0,3874,3,Biometric,0
TXN100427,USER4713,2069.98,P2P,10,Android,Same City,1,2999,2,Auto Debit,0
TXN100428,USER3018,3644.31,Recharge,13,Android,Different State,0,3708,2,Biometric,1
TXN100429,USER3928,682.97,Recharge,17,iOS,Same City,0,2741,1,UPI PIN,0
TXN100430,USER1007,1668.81,Recharge,22,Android,Same City,0,1008,1,UPI PIN,0
TXN100431,USER3155,4926.81,Recharge,18,Android,Same City,0,3823,3,UPI PIN,1
TXN100432,USER1674,2318.45,Bill Payment,21,Android,Different City,0,397,5,UPI PIN,1
TXN100433,USER2336,3109.84,Recharge,4,Web,Same City,0,1737,3,Biometric,1
TXN100434,USER2449,440.3,Bill Payment,8,Android,Same City,0,3032,1,UPI PIN,0
TXN100435,USER3551,5089.12,P2P,11,iOS,Different City,0,1669,2,UPI PIN,1
TXN100436,USER2436,5151.49,Recharge,21,Android,Same City,1,918,0,UPI PIN,1
TXN100437,USER1428,985.63,Merchant,19,Android,Different State,0,2760,3,UPI PIN,0
TXN100438,USER3063,1788.01,P2P,9,Android,Same City,1,3918,2,Auto Debit,0
TXN100439,USER1573,501.32,Bill Payment,1,Android,Different City,0,1771,5,Auto Debit,0
TXN100440,USER4877,921.69,P2P,10,Android,Same City,0,710,2,Biometric,0
TXN100441,USER2551,1416.36,Merchant,2,iOS,Same City,0,2314,3,UPI PIN,1
TXN100442,USER3420,178.69,Merchant,7,iOS,Same City,0,3412,1,UPI PIN,0
TXN100443,USER1440,602.51,Merchant,1,iOS,Same City,1,2293,1,UPI PIN,1
TXN100444,USER3563,524.56,Bill Payment,20,Android,Same City,1,853,3,Biometric,0
TXN100445,USER2817,2485.54,Recharge,11,Android,Different State,0,3008,1,Auto Debit,0
TXN100446,USER3396,1273.19,Recharge,21,Android,Same City,1,2687,2,UPI PIN,0
TXN100447,USER4918,557.65,Bill Payment,7,Android,Same City,2,1247,4,Auto Debit,0
TXN100448,USER4696,455.61,Bill Payment,7,Android,Same City,1,3540,5,UPI PIN,0
TXN100449,USER4005,349.18,Recharge,8,iOS,Different City,0,2718,1,Auto Debit,1
TXN100450,USER4657,532.56,Merchant,1,iOS,Different City,0,2331,3,UPI PIN,1
TXN100451,USER2905,261.86,Recharge,23,Android,Different City,0,1161,3,UPI PIN,0
TXN100452,USER1566,1588.02,Recharge,2,Android,Same City,1,358,5,UPI PIN,0
TXN100453,USER3609,5297.48,Bill Payment,21,Android,Different City,0,2487,3,Biometric,1
TXN100454,USER4075,1564.6,Recharge,17,Android,Same City,1,2012,5,UPI PIN,0
TXN100455,USER3486,6787.84,Merchant,0,Android,Different City,0,3101,5,UPI PIN,1
TXN100456,USER2528,3258.85,Recharge,6,iOS,Same City,1,3700,2,Biometric,0
TXN100457,USER4129,4016.78,Merchant,2,Android,Same City,0,3121,3,Auto Debit,1
TXN100458,USER2787,2727.84,P2P,2,iOS,Different City,0,1642,4,UPI PIN,0
TXN100459,USER1262,739.13,Merchant,13,Android,Same City,1,2712,2,Biometric,0
TXN100460,USER4629,1505.3,Merchant,11,Android,Same City,0,3551,4,UPI PIN,0
TXN100461,USER3777,966.81,Merchant,0,iOS,Same City,0,645,4,UPI PIN,0
TXN100462,USER2371,195.07,Merchant,22,iOS,Different City,1,1795,2,UPI PIN,0
TXN100463,USER1845,2803.95,Merchant,23,Android,Same City,0,1981,6,Biometric,0
TXN100464,USER1488,1435.82,Merchant,1,iOS,Same City,0,1861,1,Auto Debit,0
TXN100465,USER2859,1964.4,Bill Payment,0,Android,Same City,1,257,7,UPI PIN,1
TXN100466,USER1750,600.6,Bill Payment,10,Android,Same City,0,2120,4,UPI PIN,0
TXN100467,USER3002,1231.37,Merchant,20,iOS,Same City,0,2872,4,UPI PIN,0
TXN100468,USER3868,1176.63,Bill Payment,16,iOS,Same City,0,1457,4,UPI PIN,0
TXN100469,USER4469,169.12,P2P,1,iOS,Different State,0,52,5,UPI PIN,1
TXN100470,USER1390,18.32,Merchant,16,iOS,Same City,0,183,3,UPI PIN,0
TXN100471,USER1818,842.46,Recharge,0,Android,Different State,1,2635,4,Biometric,0
TXN100472,USER3942,1036.61,Merchant,12,iOS,Same City,1,315,2,UPI PIN,1
TXN100473,USER3512,936.79,Merchant,2,iOS,Same City,0,1595,6,UPI PIN,0
TXN100474,USER2343,74.63,Recharge,10,Android,Same City,0,658,2,Biometric,0
TXN100475,USER1539,1896.6,Merchant,17,Android,Same City,0,3389,1,Biometric,1
TXN100476,USER1895,11.75,P2P,17,Android,Different City,0,3021,7,UPI PIN,1
TXN100477,USER1255,2381.06,Recharge,5,Android,Different City,1,3841,1,UPI PIN,0
TXN100478,USER4620,1497.38,P2P,2,Android,Same City,0,328,2,UPI PIN,1
TXN100479,USER4979,8122.45,P2P,3,Android,Same City,0,322,3,UPI PIN,0
TXN100480,USER2029,794.25,Recharge,14,Android,Same City,1,3707,4,UPI PIN,1
TXN100481,USER2790,5474.92,P2P,22,Android,Same City,0,436,3,UPI PIN,1
TXN100482,USER2711,4900.96,Recharge,18,Android,Different City,0,3892,1,UPI PIN,1
TXN100483,USER3092,5942.33,Bill Payment,19,Android,Same City,0,3394,2,UPI PIN,0
TXN100484,USER3069,5252.63,Merchant,15,iOS,Same City,0,545,2,Biometric,0
TXN100485,USER2785,2425.01,Merchant,12,Android,Same City,0,3547,5,Auto Debit,0
TXN100486,USER1709,869.49,P2P,5,Android,Different City,0,3570,3,UPI PIN,0
TXN100487,USER2003,2767.49,Bill Payment,20,Android,Same City,2,3827,4,UPI PIN,0
TXN100488,USER2899,5588.06,Bill Payment,6,Android,Same City,0,2923,1,UPI PIN,0
TXN100489,USER3034,455.79,P2P,9,iOS,Same City,1,945,4,UPI PIN,0
TXN100490,USER4579,100.51,P2P,15,Android,Same City,0,1885,3,UPI PIN,0
TXN100491,USER1170,292.2,Bill Payment,11,iOS,Same City,0,3592,1,UPI PIN,0
TXN100492,USER4911,2505.24,Merchant,11,Android,Same City,0,907,1,UPI PIN,0
TXN100493,USER2840,811.24,P2P,8,iOS,Different State,0,2768,2,Biometric,0
TXN100494,USER1303,5900.85,P2P,12,Android,Same City,0,2396,3,UPI PIN,1
TXN100495,USER1383,1465.04,Bill Payment,7,iOS,Same City,0,2249,2,UPI PIN,0
TXN100496,USER1985,533.78,Merchant,8,Android,Same City,0,3308,3,UPI PIN,0
TXN100497,USER3187,4763.85,Bill Payment,23,iOS,Same City,0,3603,5,UPI PIN,0
TXN100498,USER1540,6422.75,Bill Payment,3,Android,Different State,0,3394,3,UPI PIN,0
TXN100499,USER3693,1190.53,Bill Payment,4,Android,Same City,0,2920,3,UPI PIN,1
TXN100500,USER2334,6715.79,P2P,0,Android,Same City,1,87,1,UPI PIN,1
TXN100501,USER4571,1615.15,Recharge,16,iOS,Same City,1,594,5,UPI PIN,0
TXN100502,USER1449,803.0,Recharge,23,Web,Same City,0,628,1,Biometric,0
TXN100503,USER1791,8778.05,Merchant,10,Android,Same City,0,3075,4,UPI PIN,0
TXN100504,USER2903,749.67,P2P,19,iOS,Different City,0,3223,4,Biometric,0
TXN100505,USER2344,1102.67,Merchant,22,iOS,Same City,2,1456,3,UPI PIN,1
TXN100506,USER2041,408.32,P2P,8,Android,Same City,0,3470,2,UPI PIN,0
TXN100507,USER4501,1427.21,Recharge,11,iOS,Different State,0,2394,3,UPI PIN,0
TXN100508,USER1508,588.15,Merchant,20,Android,Same City,1,2422,4,Auto Debit,1
TXN100509,USER2277,89.48,P2P,1,Web,Same City,0,1362,7,Biometric,0
TXN100510,USER2898,1777.44,Recharge,15,iOS,Same City,0,765,2,UPI PIN,0
TXN100511,USER2051,220.41,Merchant,1,Android,Same City,1,2432,2,UPI PIN,0
TXN100512,USER2195,1306.42,Recharge,18,Android,Same City,2,1089,3,UPI PIN,0
TXN100513,USER4538,550.64,Merchant,9,Android,Same City,1,3780,2,UPI PIN,0
TXN100514,USER4513,774.14,Bill Payment,9,Android,Same City,0,2351,2,UPI PIN,1
TXN100515,USER2883,852.59,Merchant,15,iOS,Same City,0,1475,2,UPI PIN,0
TXN100516,USER4067,1468.5,Merchant,12,Android,Same City,1,2735,2,Biometric,0
TXN100517,USER3713,816.98,Bill Payment,13,Android,Same City,0,2466,4,UPI PIN,0
TXN100518,USER2710,1266.8,Merchant,0,iOS,Same City,1,1589,0,Biometric,1
TXN100519,USER2745,249.5,P2P,7,Android,Same City,0,3079,1,UPI PIN,0
TXN100520,USER2970,5777.55,P2P,8,iOS,Different City,0,3517,4,UPI PIN,0
TXN100521,USER1861,12092.56,Bill Payment,14,Android,Same City,0,750,6,UPI PIN,1
TXN100522,USER4992,5660.46,Merchant,2,Web,Different State,1,2259,4,Auto Debit,0
TXN100523,USER1748,1069.62,Recharge,23,Android,Same City,0,2623,0,UPI PIN,0
TXN100524,USER2282,762.72,P2P,23,Android,Different State,1,1052,3,UPI PIN,0
TXN100525,USER1373,3756.84,Bill Payment,15,Android,Same City,0,2094,2,Biometric,0
TXN100526,USER2995,413.32,Recharge,9,Android,Same City,0,2349,5,UPI PIN,0
TXN100527,USER1698,8188.6,P2P,7,Web,Same City,1,572,2,UPI PIN,0
TXN100528,USER3729,215.91,P2P,15,Android,Same City,1,3520,3,Biometric,0
TXN100529,USER3280,3117.33,P2P,14,iOS,Same City,1,3170,1,UPI PIN,0
TXN100530,USER3876,1975.56,P2P,3,Android,Same City,0,1730,3,UPI PIN,0
TXN100531,USER4269,4182.31,Merchant,18,Android,Same City,0,471,2,UPI PIN,0
TXN100532,USER4352,411.02,Recharge,18,Android,Same City,0,3655,6,Biometric,0
TXN100533,USER3401,834.79,Recharge,13,Android,Same City,0,1559,2,Biometric,0
TXN100534,USER4508,4218.14,Bill Payment,18,Android,Same City,0,3032,3,UPI PIN,0
TXN100535,USER3203,1899.12,P2P,4,Android,Same City,2,508,2,UPI PIN,0
TXN100536,USER2678,1418.69,Bill Payment,1,Android,Same City,0,2672,5,UPI PIN,0
TXN100537,USER2233,590.04,Merchant,23,Android,Different City,0,2701,2,Auto Debit,0
TXN100538,USER4944,5569.53,Merchant,13,Android,Same City,0,1293,2,UPI PIN,0
TXN100539,USER4322,214.15,Recharge,16,Android,Same City,0,2990,2,UPI PIN,0
TXN100540,USER2255,2275.82,Merchant,7,Android,Same City,0,3670,4,UPI PIN,1
TXN100541,USER1354,2385.38,Bill Payment,3,Android,Same City,1,1477,4,UPI PIN,1
TXN100542,USER4023,1617.16,Merchant,3,Android,Different City,0,864,4,UPI PIN,0
TXN100543,USER3356,3400.37,P2P,1,Android,Same City,0,1499,7,UPI PIN,0
TXN100544,USER4636,854.48,Recharge,20,Android,Same City,0,650,4,UPI PIN,0
TXN100545,USER4679,1929.45,Merchant,16,Android,Same City,0,1047,2,Biometric,0
TXN100546,USER1001,5656.98,Bill Payment,18,iOS,Same City,0,1212,2,UPI PIN,1
TXN100547,USER1256,3554.81,Merchant,10,Android,Same City,1,225,6,UPI PIN,0
TXN100548,USER4761,1554.13,Recharge,19,iOS,Different City,0,2017,4,UPI PIN,1
TXN100549,USER3587,805.19,P2P,6,Android,Same City,0,730,3,UPI PIN,0
TXN100550,USER4764,531.46,P2P,0,iOS,Different City,0,3939,4,UPI PIN,1
TXN100551,USER4583,2492.39,P2P,9,Android,Different State,0,3262,2,UPI PIN,1
TXN100552,USER4504,1066.35,P2P,12,iOS,Different State,2,1166,0,UPI PIN,0
TXN100553,USER2159,557.02,P2P,7,Android,Same City,0,156,1,Biometric,0
TXN100554,USER4657,4455.59,P2P,2,Android,Same City,0,237,5,UPI PIN,0
TXN100555,USER2631,1081.55,P2P,18,Android,Same City,0,3931,4,UPI PIN,0
TXN100556,USER2699,3425.11,Merchant,0,Android,Same City,2,968,1,Biometric,0
TXN100557,USER4237,2722.75,Recharge,4,Web,Same City,0,2572,1,Biometric,0
TXN100558,USER2771,594.5,Recharge,21,Android,Same City,1,1379,1,UPI PIN,0
TXN100559,USER1169,1234.54,Recharge,23,Android,Same City,0,3553,2,UPI PIN,0
TXN100560,USER2218,1450.03,Merchant,13,iOS,Different City,0,3114,3,UPI PIN,0
TXN100561,USER2417,1919.9,Bill Payment,9,iOS,Same City,0,86,2,Biometric,0
TXN100562,USER2693,517.37,P2P,17,Android,Same City,1,3423,5,UPI PIN,0
TXN100563,USER3538,1846.13,Bill Payment,23,iOS,Same City,0,1223,2,UPI PIN,0
TXN100564,USER3542,215.72,Bill Payment,19,Android,Same City,0,2173,1,UPI PIN,0
TXN100565,USER2783,42.44,Recharge,14,Android,Same City,0,3477,8,UPI PIN,0
TXN100566,USER2549,2650.37,Recharge,5,Android,Same City,0,3408,3,UPI PIN,1
TXN100567,USER1593,834.73,Bill Payment,16,iOS,Different City,0,3653,2,UPI PIN,0
TXN100568,USER2031,2082.18,Bill Payment,21,Android,Different State,1,3823,2,UPI PIN,0
TXN100569,USER1964,998.38,Merchant,22,iOS,Same City,0,1267,4,UPI PIN,0
TXN100570,USER1813,464.48,Bill Payment,12,Android,Same City,0,1019,4,Biometric,0
TXN100571,USER1373,4628.07,Bill Payment,19,iOS,Different State,0,1788,2,Biometric,0
TXN100572,USER4865,664.99,Bill Payment,10,Android,Same City,0,3566,5,Biometric,0
TXN100573,USER1962,453.64,Merchant,16,Android,Same City,0,1549,1,UPI PIN,0
TXN100574,USER3799,552.04,Recharge,20,Android,Same City,1,1414,5,UPI PIN,0
TXN100575,USER3726,1193.99,Bill Payment,11,Android,Same City,0,806,7,UPI PIN,0
TXN100576,USER2726,978.92,Bill Payment,19,Android,Same City,2,2579,6,Biometric,0
TXN100577,USER3689,5004.71,P2P,6,Android,Different City,1,2460,5,UPI PIN,0
TXN100578,USER3310,2096.4,Merchant,11,iOS,Same City,0,3339,0,Biometric,0
TXN100579,USER2040,861.13,Bill Payment,14,Android,Same City,1,960,7,UPI PIN,0
TXN100580,USER1254,1777.24,Merchant,15,iOS,Different City,1,2283,3,Biometric,1
TXN100581,USER2031,3184.83,P2P,15,iOS,Different State,0,1148,0,Biometric,0
TXN100582,USER2282,2071.47,P2P,4,iOS,Same City,0,275,4,UPI PIN,0
TXN100583,USER4571,633.69,Bill Payment,4,iOS,Same City,0,1963,4,UPI PIN,0
TXN100584,USER1562,114.15,Bill Payment,17,Android,Same City,0,3542,2,UPI PIN,0
TXN100585,USER2501,266.51,Merchant,4,Android,Same City,1,682,3,Auto Debit,0
TXN100586,USER4493,3487.03,P2P,19,Android,Same City,0,2147,5,Auto Debit,0
TXN100587,USER4784,2809.65,Bill Payment,8,Android,Different City,0,2503,1,UPI PIN,1
TXN100588,USER3684,531.82,Bill Payment,7,Android,Same City,0,2343,3,UPI PIN,0
TXN100589,USER3947,2982.67,Merchant,19,Android,Different City,0,3588,1,UPI PIN,1
TXN100590,USER2819,1091.62,P2P,1,iOS,Different City,0,2035,4,UPI PIN,1
TXN100591,USER1149,284.04,Recharge,7,Android,Different City,0,3567,4,Auto Debit,0
TXN100592,USER4718,808.97,Bill Payment,8,Android,Same City,0,3935,3,UPI PIN,0
TXN100593,USER1571,1599.62,P2P,11,Android,Same City,0,2244,4,UPI PIN,0
TXN100594,USER4492,361.28,Recharge,1,iOS,Different State,0,3116,3,UPI PIN,0
TXN100595,USER2835,2146.15,P2P,17,Android,Same City,0,1734,5,Auto Debit,1
TXN100596,USER3705,512.8,Recharge,0,Android,Different City,5,2837,4,Biometric,0
TXN100597,USER2941,4211.26,Merchant,23,Android,Same City,0,3817,3,Biometric,1
TXN100598,USER2611,1504.27,Recharge,19,iOS,Same City,0,3126,3,UPI PIN,1
TXN100599,USER3318,5786.11,Recharge,22,iOS,Same City,0,345,0,UPI PIN,0
TXN100600,USER2631,10036.54,Recharge,19,Android,Same City,1,3232,3,UPI PIN,1
TXN100601,USER2627,269.16,P2P,10,Android,Same City,1,649,4,UPI PIN,0
TXN100602,USER4670,272.14,Recharge,1,Android,Same City,0,229,3,UPI PIN,0
TXN100603,USER1293,7143.37,Recharge,0,Android,Same City,0,1625,2,UPI PIN,0
TXN100604,USER3462,417.31,P2P,17,Web,Different State,0,3663,5,UPI PIN,1
TXN100605,USER1262,2428.45,Bill Payment,19,Android,Different City,0,1054,3,UPI PIN,0
TXN100606,USER3811,1380.64,Bill Payment,6,iOS,Same City,1,74,6,UPI PIN,0
TXN100607,USER3891,178.1,Merchant,12,Android,Different City,0,990,4,UPI PIN,0
TXN100608,USER4483,2421.15,Recharge,17,Android,Same City,2,1586,2,UPI PIN,0
TXN100609,USER3239,1204.04,Merchant,10,Android,Same City,0,72,0,UPI PIN,0
TXN100610,USER2369,1264.59,Bill Payment,10,Android,Same City,0,3915,4,UPI PIN,0
TXN100611,USER2167,202.3,Recharge,0,iOS,Different State,0,723,1,Biometric,0
TXN100612,USER2527,1203.41,P2P,21,Android,Same City,0,1411,1,UPI PIN,0
TXN100613,USER3928,668.77,Merchant,2,iOS,Different City,0,419,2,UPI PIN,1
TXN100614,USER4780,1289.39,Recharge,10,iOS,Different State,0,1973,3,Biometric,1
TXN100615,USER1788,184.21,Bill Payment,16,Web,Different State,0,680,2,UPI PIN,0
TXN100616,USER1749,1268.88,Recharge,23,Android,Same City,1,743,0,UPI PIN,0
TXN100617,USER1313,795.75,Merchant,19,Android,Same City,1,2105,3,UPI PIN,0
TXN100618,USER3471,6548.04,Bill Payment,13,iOS,Same City,0,2867,5,Biometric,0
TXN100619,USER2200,318.75,Recharge,7,Web,Same City,0,1568,3,UPI PIN,0
TXN100620,USER3918,1262.95,Merchant,11,iOS,Same City,1,3129,2,Auto Debit,0
TXN100621,USER1567,561.37,Bill Payment,18,iOS,Different State,0,2111,3,UPI PIN,0
TXN100622,USER1083,1856.22,P2P,12,Web,Same City,1,326,3,UPI PIN,0
TXN100623,USER2028,1318.49,Bill Payment,11,Android,Different State,0,2899,8,UPI PIN,0
TXN100624,USER2047,3956.55,Merchant,12,Android,Same City,0,1572,1,Biometric,0
TXN100625,USER3596,665.93,P2P,23,Web,Same City,0,412,3,UPI PIN,0
TXN100626,USER2988,1273.14,Merchant,2,Android,Same City,0,1368,0,UPI PIN,0
TXN100627,USER4661,2433.02,P2P,21,iOS,Same City,0,268,2,UPI PIN,0
TXN100628,USER1990,2516.97,P2P,19,Android,Same City,0,194,2,Biometric,1
TXN100629,USER3933,802.53,Recharge,7,iOS,Same City,0,967,4,UPI PIN,0
TXN100630,USER2724,37.31,Bill Payment,17,Android,Same City,0,158,5,UPI PIN,0
TXN100631,USER4965,2064.48,P2P,5,Android,Same City,1,1116,2,UPI PIN,1
TXN100632,USER2279,1313.31,P2P,0,Android,Same City,1,38,1,UPI PIN,0
TXN100633,USER1159,3130.44,P2P,2,iOS,Same City,0,2419,5,Biometric,0
TXN100634,USER4511,474.77,Bill Payment,3,Android,Same City,0,1866,2,Biometric,0
TXN100635,USER1085,1376.98,Recharge,22,Android,Different City,0,111,2,UPI PIN,0
TXN100636,USER2576,4150.82,Recharge,20,Android,Same City,0,1000,3,Biometric,1
TXN100637,USER3713,3884.68,P2P,13,Android,Same City,4,122,2,UPI PIN,1
TXN100638,USER1251,765.92,Recharge,12,Android,Same City,0,1293,4,UPI PIN,0
TXN100639,USER2582,5064.18,P2P,10,Android,Same City,0,1036,3,UPI PIN,1
TXN100640,USER3171,2264.28,Bill Payment,17,Android,Different City,0,2488,4,Biometric,1
TXN100641,USER1733,581.19,P2P,0,Android,Different State,0,3046,3,UPI PIN,0
TXN100642,USER1278,2513.42,P2P,15,Android,Different State,0,1048,1,UPI PIN,1
TXN100643,USER1384,4113.58,Bill Payment,20,iOS,Same City,0,2760,5,UPI PIN,0
TXN100644,USER3485,4112.87,P2P,5,Android,Same City,1,465,3,UPI PIN,0
TXN100645,USER3255,57.07,Recharge,12,iOS,Same City,0,1920,2,UPI PIN,0
TXN100646,USER4604,7224.92,Bill Payment,7,iOS,Same City,0,611,3,UPI PIN,0
TXN100647,USER1503,1375.69,Merchant,20,Android,Same City,1,1868,3,UPI PIN,0
TXN100648,USER3917,3488.27,Bill Payment,2,Android,Different City,0,2301,6,UPI PIN,0
TXN100649,USER4013,3320.51,Merchant,22,Android,Same City,0,970,5,UPI PIN,0
TXN100650,USER3349,6874.01,Recharge,15,Android,Same City,0,2780,2,UPI PIN,1
TXN100651,USER2332,4747.16,Bill Payment,3,Android,Different State,0,2459,1,UPI PIN,0
TXN100652,USER4439,5496.03,P2P,2,iOS,Different State,0,3018,2,UPI PIN,0
TXN100653,USER4860,1559.09,Recharge,23,iOS,Same City,0,3689,2,UPI PIN,0
TXN100654,USER2699,2298.11,Bill Payment,16,Android,Different State,0,1190,2,Auto Debit,0
TXN100655,USER2716,5467.34,Recharge,16,iOS,Same City,1,327,3,UPI PIN,0
TXN100656,USER2604,1237.33,Merchant,23,Android,Same City,1,1507,3,UPI PIN,0
TXN100657,USER4822,1384.51,Merchant,12,Android,Same City,0,258,1,UPI PIN,0
TXN100658,USER1119,239.97,Recharge,6,iOS,Same City,1,801,1,UPI PIN,0
TXN100659,USER1418,732.2,Merchant,0,Android,Same City,0,3352,5,UPI PIN,0
TXN100660,USER3305,488.87,P2P,22,Android,Same City,0,1546,6,UPI PIN,0
TXN100661,USER1527,195.27,P2P,23,Android,Same City,1,503,3,UPI PIN,1
TXN100662,USER2305,1002.34,Bill Payment,17,Android,Same City,0,3319,5,UPI PIN,0
TXN100663,USER3584,5354.94,Recharge,15,Android,Different State,0,2371,1,UPI PIN,0
TXN100664,USER1467,4656.78,Recharge,3,Android,Same City,0,1817,1,UPI PIN,0
TXN100665,USER2926,2337.25,Merchant,12,Android,Same City,1,164,7,UPI PIN,1
TXN100666,USER1481,2549.2,P2P,10,Android,Same City,0,1073,3,Biometric,0
TXN100667,USER4570,2219.41,Recharge,5,Android,Same City,1,3897,5,UPI PIN,0
TXN100668,USER1653,6329.87,Merchant,22,Android,Same City,0,45,2,UPI PIN,0
TXN100669,USER3239,1998.35,P2P,4,Android,Same City,0,3441,1,UPI PIN,0
TXN100670,USER4943,3069.27,Bill Payment,12,iOS,Different State,0,1694,1,Biometric,1
TXN100671,USER3980,4198.4,Merchant,17,Android,Different City,1,1221,2,UPI PIN,1
TXN100672,USER1317,2741.04,Bill Payment,0,iOS,Same City,0,2136,1,Biometric,0
TXN100673,USER1629,3075.95,Bill Payment,11,Android,Same City,0,2597,4,Biometric,1
TXN100674,USER4293,509.88,Recharge,11,iOS,Same City,0,2498,2,UPI PIN,0
TXN100675,USER4920,868.95,Merchant,12,iOS,Same City,0,3312,3,UPI PIN,1
TXN100676,USER2304,2999.67,Merchant,14,Android,Same City,0,2037,0,UPI PIN,1
TXN100677,USER2687,270.33,Merchant,5,Android,Same City,1,348,3,UPI PIN,0
TXN100678,USER3832,5956.76,Recharge,23,Android,Different City,0,1360,2,UPI PIN,0
TXN100679,USER4621,77.28,Merchant,20,Android,Different City,0,865,2,UPI PIN,0
TXN100680,USER2978,408.29,Bill Payment,15,iOS,Same City,1,2584,4,UPI PIN,0
TXN100681,USER4916,772.52,Recharge,0,Android,Same City,0,1980,4,UPI PIN,0
TXN100682,USER4010,2821.51,P2P,15,Android,Different State,0,1258,4,UPI PIN,1
TXN100683,USER2210,3966.16,Bill Payment,14,iOS,Same City,0,2995,3,UPI PIN,0
TXN100684,USER2030,1147.59,Bill Payment,17,Android,Same City,0,958,6,UPI PIN,1
TXN100685,USER4104,3258.3,P2P,9,Android,Same City,0,3622,3,UPI PIN,0
TXN100686,USER1412,1253.25,Merchant,18,iOS,Same City,1,3857,3,UPI PIN,1
TXN100687,USER2841,2964.0,P2P,3,Android,Same City,0,2798,2,UPI PIN,1
TXN100688,USER4375,1306.81,Merchant,13,iOS,Same City,0,1601,1,UPI PIN,0
TXN100689,USER3556,103.7,Merchant,1,Android,Different State,1,1499,1,UPI PIN,0
TXN100690,USER1236,2830.59,Recharge,14,Android,Same City,0,2397,1,UPI PIN,0
TXN100691,USER4709,10325.85,Recharge,3,Android,Same City,1,3581,2,UPI PIN,0
TXN100692,USER1331,1192.01,Recharge,3,iOS,Different City,0,1035,4,UPI PIN,1
TXN100693,USER2353,1009.97,Merchant,0,Android,Same City,0,2034,1,Auto Debit,0
TXN100694,USER2560,2596.45,Bill Payment,23,Android,Different City,0,2563,2,UPI PIN,0
TXN100695,USER1143,1332.88,P2P,1,iOS,Same City,0,2647,5,Auto Debit,0
TXN100696,USER2137,159.29,Bill Payment,4,Android,Same City,0,2900,2,UPI PIN,0
TXN100697,USER2918,358.71,Recharge,16,iOS,Different City,1,3347,1,UPI PIN,0
TXN100698,USER1428,700.73,Bill Payment,5,Android,Same City,2,2658,2,UPI PIN,1
TXN100699,USER1817,859.36,P2P,3,Android,Same City,0,1212,2,UPI PIN,1
TXN100700,USER2722,1606.94,P2P,1,iOS,Same City,0,3310,3,UPI PIN,1
TXN100701,USER2648,678.58,P2P,12,Android,Same City,1,1604,2,UPI PIN,1
TXN100702,USER3958,6389.26,Bill Payment,23,Android,Same City,0,2176,3,Biometric,1
TXN100703,USER2181,3758.78,P2P,10,Android,Same City,0,3394,2,UPI PIN,0
TXN100704,USER2940,1522.56,Recharge,13,Web,Same City,2,297,3,Biometric,0
TXN100705,USER4684,9772.87,Bill Payment,11,iOS,Different State,0,2343,1,UPI PIN,0
TXN100706,USER4767,2233.35,P2P,21,Android,Same City,1,717,0,UPI PIN,1
TXN100707,USER4601,3166.73,Recharge,13,Android,Same City,1,475,5,Biometric,1
TXN100708,USER1208,524.75,Merchant,8,Android,Same City,1,3142,2,UPI PIN,0
TXN100709,USER1468,517.11,Bill Payment,0,Android,Same City,0,3861,4,Biometric,0
TXN100710,USER4906,396.66,Merchant,0,iOS,Different City,0,3569,1,Biometric,1
TXN100711,USER2332,137.55,Merchant,19,Android,Same City,0,3757,4,Auto Debit,0
TXN100712,USER2133,137.82,Recharge,11,iOS,Same City,1,3942,3,Biometric,0
TXN100713,USER1623,1966.78,P2P,14,Android,Same City,0,727,1,Auto Debit,0
TXN100714,USER3159,105.44,Merchant,2,iOS,Different State,1,1698,2,UPI PIN,0
TXN100715,USER2123,115.46,Recharge,23,Web,Same City,0,3082,4,UPI PIN,0
TXN100716,USER3082,1447.2,Recharge,9,Android,Same City,0,3853,5,Auto Debit,1
TXN100717,USER4472,7305.52,Merchant,6,Android,Same City,1,1054,4,UPI PIN,1
TXN100718,USER2355,962.22,Merchant,16,Android,Different City,0,3355,2,UPI PIN,0
TXN100719,USER4059,8.98,Recharge,6,Android,Same City,0,2529,3,UPI PIN,0
TXN100720,USER4122,1687.13,Merchant,5,Android,Same City,0,2916,3,UPI PIN,0
TXN100721,USER1391,1786.96,P2P,21,iOS,Same City,0,3957,4,Biometric,0
TXN100722,USER3593,4275.86,P2P,23,iOS,Same City,0,959,4,Biometric,0
TXN100723,USER3683,476.44,Recharge,10,iOS,Different City,0,171,4,Biometric,0
TXN100724,USER3054,1960.8,P2P,13,Android,Same City,0,1645,4,UPI PIN,0
TXN100725,USER3938,3001.82,Bill Payment,13,Android,Same City,1,2809,6,UPI PIN,1
TXN100726,USER1178,10485.44,P2P,10,Android,Same City,1,2401,1,UPI PIN,0
TXN100727,USER4641,1895.46,Merchant,9,Android,Same City,0,3125,5,UPI PIN,1
TXN100728,USER1256,1531.22,Recharge,9,Android,Same City,1,1577,3,UPI PIN,1
TXN100729,USER2871,7330.87,Merchant,12,iOS,Same City,0,3462,3,Biometric,0
TXN100730,USER1494,4596.02,P2P,13,iOS,Same City,0,2481,2,UPI PIN,0
TXN100731,USER3007,107.38,Recharge,1,Android,Same City,0,666,2,Auto Debit,0
TXN100732,USER1841,3869.17,Bill Payment,0,iOS,Different State,2,1651,0,UPI PIN,0
TXN100733,USER2674,574.32,Merchant,7,iOS,Different State,0,243,2,UPI PIN,0
TXN100734,USER3612,4747.27,Recharge,22,Android,Different City,0,2306,2,UPI PIN,0
TXN100735,USER3131,1.39,Merchant,18,Android,Same City,0,747,1,UPI PIN,0
TXN100736,USER1724,665.7,Merchant,1,Android,Same City,0,336,2,UPI PIN,0
TXN100737,USER3149,4525.42,P2P,19,iOS,Same City,1,2277,3,UPI PIN,0
TXN100738,USER4006,47.58,Merchant,11,Android,Different City,1,2674,3,UPI PIN,0
TXN100739,USER2836,680.51,Bill Payment,9,Android,Same City,0,807,6,UPI PIN,0
TXN100740,USER1829,10093.98,Recharge,22,iOS,Same City,0,944,3,Biometric,1
TXN100741,USER2583,6123.29,P2P,19,iOS,Same City,1,3688,3,UPI PIN,1
TXN100742,USER1624,5673.27,Merchant,11,iOS,Same City,0,599,2,UPI PIN,0
TXN100743,USER4684,1752.11,Recharge,11,iOS,Same City,0,1945,3,UPI PIN,0
TXN100744,USER4012,2543.66,Merchant,0,Android,Same City,3,136,1,UPI PIN,0
TXN100745,USER3156,1233.98,Merchant,21,Android,Different State,1,919,3,UPI PIN,0
TXN100746,USER1550,4836.82,P2P,2,iOS,Same City,0,3059,4,UPI PIN,0
TXN100747,USER3999,145.41,Bill Payment,9,iOS,Same City,0,1918,5,Auto Debit,0
TXN100748,USER4970,1393.54,P2P,8,Android,Same City,1,3963,2,UPI PIN,1
TXN100749,USER4871,1687.31,P2P,14,Android,Same City,2,3404,6,Auto Debit,0
TXN100750,USER1208,7472.87,Recharge,16,iOS,Same City,1,583,3,UPI PIN,0
TXN100751,USER1420,444.05,P2P,7,Android,Same City,0,1200,3,Biometric,0
TXN100752,USER1489,2891.33,Bill Payment,1,Android,Same City,0,655,3,Auto Debit,1
TXN100753,USER4366,564.34,Recharge,6,Android,Same City,0,3911,3,Auto Debit,0
TXN100754,USER2669,2294.82,Bill Payment,14,Android,Same City,1,2779,0,UPI PIN,1
TXN100755,USER1470,2393.71,P2P,7,Android,Same City,0,2994,0,UPI PIN,0
TXN100756,USER3717,3688.6,P2P,10,iOS,Same City,1,3917,3,UPI PIN,1
TXN100757,USER1485,1835.2,Bill Payment,23,Android,Different City,0,1918,4,Biometric,0
TXN100758,USER4829,1529.99,P2P,10,iOS,Same City,0,2293,1,UPI PIN,0
TXN100759,USER1665,3562.7,Bill Payment,21,Android,Same City,1,2050,3,UPI PIN,0
TXN100760,USER2194,589.69,P2P,5,Android,Same City,0,3510,3,UPI PIN,0
TXN100761,USER2680,140.53,P2P,23,Android,Different State,0,3068,4,Biometric,0
TXN100762,USER4144,36.05,P2P,15,iOS,Same City,0,61,4,UPI PIN,0
TXN100763,USER2103,6378.62,Bill Payment,1,iOS,Same City,0,3237,3,UPI PIN,0
TXN100764,USER1559,3059.08,Bill Payment,18,Android,Same City,1,2397,2,Biometric,0
TXN100765,USER1817,9072.91,Recharge,9,Android,Same City,0,2747,6,UPI PIN,0
TXN100766,USER1777,1264.3,Recharge,2,Android,Same City,0,2907,2,UPI PIN,0
TXN100767,USER3630,548.02,P2P,3,iOS,Different City,1,152,2,UPI PIN,0
TXN100768,USER4136,9.99,Bill Payment,9,Android,Same City,1,417,1,UPI PIN,0
TXN100769,USER4438,4241.07,Merchant,13,iOS,Same City,0,253,2,UPI PIN,0
TXN100770,USER4664,1541.92,Recharge,19,iOS,Same City,0,1626,3,Biometric,0
TXN100771,USER2552,9.65,Merchant,19,iOS,Different City,0,2330,2,UPI PIN,0
TXN100772,USER4997,2289.76,Recharge,15,Android,Same City,1,1816,3,UPI PIN,0
TXN100773,USER4903,1291.95,Bill Payment,4,Android,Same City,0,1514,6,UPI PIN,0
TXN100774,USER1557,1634.0,Bill Payment,7,Android,Same City,1,1264,3,UPI PIN,0
TXN100775,USER4410,3222.3,Bill Payment,9,Android,Same City,0,3730,1,Auto Debit,0
TXN100776,USER2937,769.44,Merchant,9,Android,Different State,0,185,0,UPI PIN,1
TXN100777,USER4536,684.58,P2P,9,Android,Same City,0,3968,5,UPI PIN,0
TXN100778,USER4087,151.37,Recharge,10,Android,Different State,0,921,2,UPI PIN,0
TXN100779,USER1480,119.52,Merchant,23,iOS,Different State,0,1429,4,Biometric,0
TXN100780,USER4911,760.85,Merchant,14,Android,Same City,0,2884,3,UPI PIN,0
TXN100781,USER4374,839.88,Merchant,12,Android,Same City,1,2808,1,UPI PIN,0
TXN100782,USER4219,653.17,Merchant,0,iOS,Same City,0,3547,3,UPI PIN,0
TXN100783,USER2450,4609.22,P2P,5,Android,Different City,0,1435,4,UPI PIN,0
TXN100784,USER2993,1195.47,Recharge,5,Android,Same City,1,1777,1,UPI PIN,0
TXN100785,USER3562,7349.95,Bill Payment,19,iOS,Different City,1,197,2,Biometric,0
TXN100786,USER3717,6997.89,Bill Payment,5,Android,Same City,0,609,4,UPI PIN,0
TXN100787,USER2812,3058.47,Bill Payment,10,Android,Different State,0,2254,8,UPI PIN,0
TXN100788,USER1907,66.76,Bill Payment,5,Android,Same City,0,1545,2,UPI PIN,0
TXN100789,USER4380,1656.85,Bill Payment,11,iOS,Same City,0,1750,0,UPI PIN,0
TXN100790,USER3776,38.17,P2P,6,Android,Same City,0,523,4,UPI PIN,0
TXN100791,USER3801,5085.73,Recharge,18,Android,Same City,0,543,1,UPI PIN,0
TXN100792,USER1760,344.03,Recharge,21,Android,Same City,0,1336,3,Biometric,0
TXN100793,USER3828,1655.24,Recharge,7,Android,Same City,1,2046,1,Biometric,0
TXN100794,USER1611,6095.28,P2P,14,Android,Different City,0,3867,5,UPI PIN,1
TXN100795,USER1090,519.43,Bill Payment,6,Android,Different City,0,1188,1,UPI PIN,0
TXN100796,USER4211,7055.01,Recharge,14,Android,Same City,0,2354,0,Auto Debit,1
TXN100797,USER2950,1778.79,P2P,23,iOS,Same City,0,890,6,UPI PIN,0
TXN100798,USER1357,2107.06,Bill Payment,23,iOS,Same City,0,2967,2,UPI PIN,0
TXN100799,USER3227,36.15,Merchant,14,Android,Different City,0,2403,4,UPI PIN,0
TXN100800,USER4840,4072.96,P2P,23,Android,Same City,1,1863,4,UPI PIN,0
TXN100801,USER2497,1771.74,P2P,21,iOS,Same City,2,254,1,UPI PIN,0
TXN100802,USER2605,1092.03,Merchant,22,iOS,Same City,0,2536,1,Biometric,0
TXN100803,USER3144,4803.33,P2P,5,iOS,Same City,0,3735,3,Biometric,0
TXN100804,USER2984,645.62,Recharge,5,iOS,Same City,0,721,3,UPI PIN,0
TXN100805,USER3217,1151.01,Recharge,9,iOS,Same City,1,3718,2,UPI PIN,1
TXN100806,USER3819,1641.06,Recharge,3,Web,Same City,0,1777,4,UPI PIN,1
TXN100807,USER1177,1142.14,Recharge,21,iOS,Same City,0,247,4,Auto Debit,0
TXN100808,USER3118,1237.99,Merchant,23,iOS,Same City,0,3535,3,Biometric,0
TXN100809,USER4066,1632.47,Bill Payment,5,Android,Same City,0,2081,8,UPI PIN,0
TXN100810,USER2995,4308.77,Merchant,22,iOS,Same City,0,2412,5,UPI PIN,0
TXN100811,USER2807,1166.71,Recharge,3,Android,Different State,0,3842,3,UPI PIN,1
TXN100812,USER2062,15020.47,Bill Payment,11,Android,Same City,0,171,5,UPI PIN,0
TXN100813,USER1795,3827.13,Merchant,8,Android,Same City,0,3874,3,UPI PIN,0
TXN100814,USER2073,7347.61,Recharge,13,Android,Same City,1,2204,5,UPI PIN,0
TXN100815,USER4066,603.41,Bill Payment,13,iOS,Same City,0,3150,6,UPI PIN,0
TXN100816,USER3741,2975.03,Merchant,7,Android,Same City,1,3251,2,Biometric,0
TXN100817,USER3984,4400.33,Recharge,6,iOS,Same City,0,1803,2,UPI PIN,0
TXN100818,USER1834,836.26,Merchant,23,iOS,Same City,0,1840,4,UPI PIN,0
TXN100819,USER4559,1318.78,Merchant,8,Web,Same City,0,1159,4,UPI PIN,0
TXN100820,USER4035,685.05,Recharge,18,Android,Same City,0,2317,2,UPI PIN,0
TXN100821,USER4141,200.21,Bill Payment,12,iOS,Different City,0,453,0,Biometric,0
TXN100822,USER1366,6139.27,Recharge,0,Android,Same City,0,1225,2,Biometric,0
TXN100823,USER2322,3809.53,Bill Payment,15,iOS,Same City,2,1474,2,UPI PIN,0
TXN100824,USER3125,206.13,Recharge,1,Android,Same City,0,2646,3,UPI PIN,0
TXN100825,USER3768,3491.76,Merchant,4,Android,Same City,1,1532,2,UPI PIN,0
TXN100826,USER4982,188.07,P2P,22,Android,Same City,0,2518,6,Biometric,0
TXN100827,USER2534,1008.44,Merchant,19,Android,Same City,0,3584,2,Auto Debit,0
TXN100828,USER1039,189.36,Merchant,5,Android,Same City,1,439,2,UPI PIN,0
TXN100829,USER2236,45.98,Bill Payment,5,Android,Different State,1,331,4,UPI PIN,1
TXN100830,USER3691,519.36,Merchant,4,Android,Same City,0,1313,6,UPI PIN,0
TXN100831,USER4504,235.99,Merchant,13,iOS,Different City,0,77,1,UPI PIN,0
TXN100832,USER4428,229.23,Recharge,0,Android,Same City,0,353,5,UPI PIN,0
TXN100833,USER2701,617.49,Merchant,21,Android,Same City,2,481,5,UPI PIN,0
TXN100834,USER4362,1505.45,P2P,1,iOS,Different City,1,3187,4,UPI PIN,1
TXN100835,USER2754,2134.64,P2P,10,Android,Same City,0,372,4,Biometric,0
TXN100836,USER4025,685.07,P2P,22,iOS,Same City,0,3717,4,UPI PIN,1
TXN100837,USER3614,2303.79,P2P,16,Web,Same City,2,204,6,UPI PIN,0
TXN100838,USER1316,4132.33,P2P,0,Android,Same City,0,1668,5,UPI PIN,0
TXN100839,USER2545,3251.81,P2P,8,Android,Same City,0,552,2,UPI PIN,0
TXN100840,USER2465,1258.78,Recharge,4,Android,Different State,1,1388,1,UPI PIN,0
TXN100841,USER2572,998.87,Bill Payment,5,Android,Different State,0,627,4,UPI PIN,0
TXN100842,USER4150,1419.78,Merchant,1,Android,Same City,0,2105,3,UPI PIN,1
TXN100843,USER4558,996.42,Merchant,13,Android,Same City,1,1899,1,UPI PIN,0
TXN100844,USER2971,1686.7,Merchant,18,Android,Same City,1,1780,1,UPI PIN,0
TXN100845,USER4194,977.35,P2P,5,Android,Same City,0,174,1,UPI PIN,1
TXN100846,USER3417,2164.46,P2P,15,Android,Same City,0,486,5,UPI PIN,0
TXN100847,USER2633,1734.25,Merchant,0,iOS,Same City,1,3596,4,UPI PIN,0
TXN100848,USER1084,2430.88,Merchant,3,iOS,Same City,0,3243,1,UPI PIN,0
TXN100849,USER4532,2427.58,P2P,9,Android,Different City,0,154,2,Biometric,0
TXN100850,USER4907,4195.62,Bill Payment,3,Web,Different State,0,3587,3,UPI PIN,0
TXN100851,USER3593,1286.34,P2P,21,Android,Same City,0,476,0,UPI PIN,0
TXN100852,USER4636,353.25,P2P,4,Android,Same City,1,232,1,Biometric,0
TXN100853,USER1640,3337.99,P2P,5,Android,Same City,0,2814,1,Biometric,0
TXN100854,USER1991,496.45,Recharge,5,Web,Same City,0,3933,5,UPI PIN,0
TXN100855,USER1161,1023.43,P2P,5,Android,Same City,0,95,4,UPI PIN,0
TXN100856,USER4195,6195.62,Merchant,2,iOS,Same City,0,1932,3,Biometric,1
TXN100857,USER3293,1846.8,P2P,16,iOS,Same City,0,2197,2,UPI PIN,0
TXN100858,USER2869,1668.94,Merchant,4,Android,Same City,1,247,6,UPI PIN,0
TXN100859,USER1774,1501.28,Recharge,17,iOS,Same City,0,1913,3,UPI PIN,0
TXN100860,USER4606,5869.46,Bill Payment,20,iOS,Same City,0,591,3,UPI PIN,0
TXN100861,USER3162,425.71,Bill Payment,3,Android,Same City,0,255,3,UPI PIN,0
TXN100862,USER1899,3730.12,Merchant,8,Android,Same City,1,2605,4,Auto Debit,1
TXN100863,USER4944,442.5,Recharge,6,Android,Same City,0,3631,5,Auto Debit,0
TXN100864,USER1207,1324.65,P2P,4,Android,Same City,0,3774,4,Biometric,0
TXN100865,USER1713,1452.59,Recharge,18,Android,Same City,1,311,0,Biometric,0
TXN100866,USER3784,186.63,Recharge,12,iOS,Same City,0,2167,1,UPI PIN,0
TXN100867,USER2734,1913.34,Recharge,14,iOS,Same City,0,2161,5,UPI PIN,1
TXN100868,USER3745,1978.31,Bill Payment,4,Android,Same City,0,1867,4,UPI PIN,0
TXN100869,USER4827,8045.46,Recharge,8,Android,Same City,0,1359,1,Auto Debit,0
TXN100870,USER1604,2334.52,Merchant,5,Android,Different State,0,341,4,UPI PIN,0
TXN100871,USER4181,677.66,Recharge,7,iOS,Same City,0,2808,3,Biometric,1
TXN100872,USER4433,3036.16,Recharge,15,iOS,Same City,1,3514,3,Biometric,1
TXN100873,USER3501,1113.34,Recharge,1,Android,Same City,1,3924,1,Biometric,0
TXN100874,USER1313,4366.94,Merchant,11,iOS,Same City,0,3907,5,Biometric,1
TXN100875,USER3159,2446.45,Merchant,14,iOS,Different City,0,1864,3,UPI PIN,1
TXN100876,USER3064,311.36,P2P,20,Android,Same City,0,3341,3,Biometric,0
TXN100877,USER2524,202.52,Merchant,2,Android,Same City,1,3862,0,UPI PIN,0
TXN100878,USER2939,1965.37,Bill Payment,18,Android,Same City,0,1072,2,UPI PIN,0
TXN100879,USER3861,144.91,Merchant,3,Android,Different City,1,1655,2,Auto Debit,1
TXN100880,USER3693,6129.39,Bill Payment,4,Android,Different State,0,3698,5,UPI PIN,0
TXN100881,USER2306,684.24,Bill Payment,17,Web,Same City,1,3288,4,UPI PIN,0
TXN100882,USER1189,793.73,Bill Payment,12,iOS,Different State,0,2792,1,UPI PIN,0
TXN100883,USER3129,2886.44,Recharge,3,iOS,Same City,0,1559,3,Biometric,0
TXN100884,USER3111,286.32,Recharge,11,Android,Same City,0,3742,5,UPI PIN,0
TXN100885,USER3993,822.69,Bill Payment,20,iOS,Different State,0,2213,3,UPI PIN,0
TXN100886,USER1089,4762.22,Bill Payment,14,Web,Same City,0,1869,2,UPI PIN,0
TXN100887,USER2667,1407.29,Bill Payment,2,iOS,Same City,0,1648,4,UPI PIN,0
TXN100888,USER4291,5952.1,Recharge,16,iOS,Same City,0,3230,4,UPI PIN,1
TXN100889,USER4783,1316.52,Bill Payment,14,Android,Different State,0,2338,7,Biometric,1
TXN100890,USER2975,505.52,P2P,23,Android,Same City,0,3349,3,Biometric,0
TXN100891,USER1765,4163.84,Bill Payment,8,Android,Same City,0,3089,5,UPI PIN,1
TXN100892,USER3084,961.7,Recharge,13,Android,Different City,0,3296,3,UPI PIN,0
TXN100893,USER1923,157.48,Recharge,19,iOS,Different State,1,887,1,UPI PIN,0
TXN100894,USER4617,4758.97,Recharge,11,iOS,Different State,1,1049,1,UPI PIN,0
TXN100895,USER4201,588.0,Bill Payment,18,Android,Same City,0,710,2,Biometric,0
TXN100896,USER4475,4323.41,Recharge,18,Android,Same City,0,3244,3,UPI PIN,0
TXN100897,USER1658,3344.4,Bill Payment,21,Android,Same City,0,302,3,UPI PIN,0
TXN100898,USER2789,10417.74,Merchant,15,iOS,Same City,0,145,3,UPI PIN,0
TXN100899,USER4327,1011.0,Merchant,0,Android,Same City,1,2535,3,UPI PIN,0
TXN100900,USER2689,581.03,Recharge,14,Android,Same City,0,2048,3,Auto Debit,0
TXN100901,USER4777,934.01,Recharge,12,Android,Same City,3,2667,2,UPI PIN,0
TXN100902,USER2549,1304.62,Bill Payment,19,Android,Different State,0,2596,1,UPI PIN,0
TXN100903,USER4914,1027.49,Merchant,16,Android,Same City,0,1594,3,UPI PIN,1
TXN100904,USER2684,1570.13,Merchant,12,Android,Same City,0,3298,4,UPI PIN,0
TXN100905,USER1085,152.87,Recharge,17,Android,Same City,1,1409,2,UPI PIN,1
TXN100906,USER1071,422.83,Merchant,5,Android,Same City,0,1231,1,UPI PIN,0
TXN100907,USER4179,2.82,Bill Payment,14,iOS,Same City,0,2849,6,UPI PIN,0
TXN100908,USER1664,224.31,P2P,9,Android,Same City,1,828,1,UPI PIN,0
TXN100909,USER3999,1817.02,Merchant,15,Android,Same City,0,3505,2,UPI PIN,1
TXN100910,USER1264,4783.68,Recharge,0,Android,Different State,1,2918,2,UPI PIN,1
TXN100911,USER1996,575.63,Bill Payment,11,Android,Different City,0,3692,3,UPI PIN,0
TXN100912,USER3936,2186.19,Recharge,7,Android,Different City,0,2463,5,UPI PIN,1
TXN100913,USER4434,2799.4,Recharge,17,iOS,Same City,0,1220,1,Biometric,1
TXN100914,USER2503,2630.1,P2P,21,Android,Same City,0,2113,3,UPI PIN,0
TXN100915,USER2317,840.98,Recharge,14,Android,Same City,0,2565,3,UPI PIN,0
TXN100916,USER2228,947.67,Bill Payment,17,Android,Same City,0,1788,4,Biometric,0
TXN100917,USER2242,1217.67,Bill Payment,6,Android,Same City,0,3307,2,Biometric,0
TXN100918,USER4840,1857.12,Bill Payment,15,iOS,Same City,0,1994,4,UPI PIN,0
TXN100919,USER1567,729.5,Bill Payment,4,iOS,Same City,1,2058,2,Biometric,0
TXN100920,USER3699,4782.9,Merchant,17,Android,Same City,0,3083,6,UPI PIN,1
TXN100921,USER3675,6345.45,P2P,22,iOS,Same City,0,3203,5,UPI PIN,0
TXN100922,USER3102,2238.24,Recharge,8,Android,Different State,0,2318,0,UPI PIN,1
TXN100923,USER4565,2734.0,Bill Payment,7,iOS,Different City,0,523,2,UPI PIN,1
TXN100924,USER4239,1534.39,P2P,7,Android,Same City,1,1745,2,UPI PIN,1
TXN100925,USER3880,948.15,Bill Payment,22,Android,Same City,0,2609,4,Biometric,0
TXN100926,USER3242,995.03,Merchant,7,iOS,Same City,2,3434,0,Biometric,0
TXN100927,USER3681,3138.02,Bill Payment,5,iOS,Different City,0,2218,4,Biometric,0
TXN100928,USER2263,54.17,Merchant,13,iOS,Same City,0,3156,4,UPI PIN,0
TXN100929,USER4142,3928.79,P2P,22,Android,Same City,0,1855,1,UPI PIN,0
TXN100930,USER2135,2713.59,Recharge,6,Android,Different City,0,3130,3,UPI PIN,0
TXN100931,USER1058,3605.15,Merchant,14,Android,Different State,0,3623,4,UPI PIN,1
TXN100932,USER2850,2787.43,Merchant,4,Android,Same City,0,3825,4,Auto Debit,0
TXN100933,USER1278,383.65,Merchant,14,Android,Same City,0,3282,3,UPI PIN,0
TXN100934,USER4757,920.05,Bill Payment,7,Android,Same City,1,3812,2,UPI PIN,0
TXN100935,USER4385,1852.73,Merchant,5,Android,Same City,0,755,2,UPI PIN,0
TXN100936,USER3770,193.39,Merchant,10,iOS,Different State,0,2354,0,Auto Debit,0
TXN100937,USER2423,616.53,Bill Payment,5,Android,Same City,0,3065,5,Biometric,0
TXN100938,USER3108,2365.9,Bill Payment,17,iOS,Same City,0,2577,5,UPI PIN,1
TXN100939,USER1955,3147.63,Bill Payment,15,iOS,Same City,0,2533,1,UPI PIN,0
TXN100940,USER3255,373.89,Recharge,17,Web,Same City,1,3410,7,Biometric,0
TXN100941,USER4674,81.63,Merchant,15,iOS,Same City,1,970,2,UPI PIN,0
TXN100942,USER1745,46.14,Merchant,19,iOS,Same City,0,1769,3,UPI PIN,0
TXN100943,USER4495,3102.8,Recharge,14,Android,Same City,1,616,1,UPI PIN,0
TXN100944,USER3290,219.31,P2P,7,Android,Same City,0,3551,2,Biometric,0
TXN100945,USER1764,1070.14,Bill Payment,14,iOS,Different City,0,1314,6,UPI PIN,0
TXN100946,USER4063,188.48,Merchant,3,Android,Same City,1,140,1,UPI PIN,0
TXN100947,USER1191,5485.67,Bill Payment,6,Android,Same City,0,3633,5,Biometric,1
TXN100948,USER1938,4580.0,P2P,17,Web,Different City,0,2340,3,UPI PIN,0
TXN100949,USER3172,81.99,Merchant,15,Web,Same City,0,2395,1,Biometric,0
TXN100950,USER3061,369.56,Recharge,8,Android,Different State,1,2996,4,UPI PIN,0
TXN100951,USER3023,639.77,Merchant,5,iOS,Different City,0,3716,3,Biometric,0
TXN100952,USER2415,5106.81,P2P,22,Android,Same City,0,3704,3,Auto Debit,1
TXN100953,USER4242,2509.63,Recharge,14,Android,Same City,0,2924,3,Auto Debit,1
TXN100954,USER2800,342.36,P2P,7,Android,Same City,0,2062,4,UPI PIN,0
TXN100955,USER3020,1215.71,P2P,5,Android,Same City,0,3496,4,Biometric,0
TXN100956,USER4301,750.44,Bill Payment,23,Android,Different State,0,686,0,Auto Debit,1
TXN100957,USER1554,2318.8,P2P,7,iOS,Same City,0,715,2,UPI PIN,0
TXN100958,USER4755,9273.69,P2P,15,Android,Same City,1,2059,6,UPI PIN,1
TXN100959,USER3833,1763.84,Recharge,9,iOS,Same City,0,1167,3,UPI PIN,0
TXN100960,USER1391,4748.61,Recharge,10,Android,Same City,2,2601,3,UPI PIN,1
TXN100961,USER3009,1337.36,P2P,22,Android,Different City,0,3312,2,Biometric,0
TXN100962,USER1077,1507.8,Bill Payment,16,iOS,Same City,0,1953,4,UPI PIN,1
TXN100963,USER3052,2924.51,Recharge,18,Android,Same City,0,3971,1,UPI PIN,0
TXN100964,USER1876,130.43,Merchant,18,Android,Same City,1,2609,3,UPI PIN,0
TXN100965,USER3857,2103.6,P2P,16,Android,Different City,0,2775,4,UPI PIN,0
TXN100966,USER3667,277.24,Recharge,4,Android,Same City,0,1590,5,UPI PIN,0
TXN100967,USER1190,8952.23,Bill Payment,20,Android,Same City,0,1448,4,UPI PIN,0
TXN100968,USER1630,439.18,Merchant,2,Android,Same City,0,357,0,Biometric,0
TXN100969,USER1360,2052.5,Recharge,17,iOS,Same City,1,86,2,Biometric,1
TXN100970,USER2214,1031.88,Merchant,2,Android,Different City,1,2771,2,UPI PIN,0
TXN100971,USER2458,3198.09,Recharge,13,Android,Different State,1,625,2,Biometric,0
TXN100972,USER3853,898.03,Recharge,23,Android,Different City,0,2223,3,UPI PIN,0
TXN100973,USER3029,1141.0,P2P,6,Android,Same City,0,457,6,UPI PIN,0
TXN100974,USER4576,1815.29,Recharge,12,Android,Same City,0,2084,4,UPI PIN,1
TXN100975,USER2877,40.15,Merchant,11,Android,Different City,0,1285,0,Biometric,1
TXN100976,USER2357,823.89,Merchant,12,Android,Different State,0,2975,3,UPI PIN,0
TXN100977,USER1723,74.62,Recharge,17,Android,Same City,0,552,4,UPI PIN,0
TXN100978,USER3255,840.45,Bill Payment,17,iOS,Different City,1,2124,4,UPI PIN,0
TXN100979,USER2204,685.33,P2P,6,Web,Same City,0,3835,6,UPI PIN,0
TXN100980,USER2000,1325.32,P2P,7,Android,Same City,0,869,7,Biometric,1
TXN100981,USER3467,948.57,Bill Payment,14,iOS,Same City,0,1834,4,UPI PIN,0
TXN100982,USER1655,2595.91,P2P,19,iOS,Same City,2,1561,3,Biometric,0
TXN100983,USER1282,119.19,Bill Payment,5,Android,Different City,0,392,6,Auto Debit,1
TXN100984,USER1681,3740.77,Recharge,7,Android,Different State,0,1166,2,UPI PIN,0
TXN100985,USER2939,850.36,Bill Payment,17,Android,Same City,0,168,2,UPI PIN,0
TXN100986,USER4687,1246.56,P2P,0,Android,Same City,1,1718,3,UPI PIN,0
TXN100987,USER1724,89.56,Bill Payment,15,Android,Different City,0,2344,1,Auto Debit,0
TXN100988,USER2639,2109.33,Recharge,8,Android,Same City,0,3389,1,UPI PIN,1
TXN100989,USER2993,3762.86,Recharge,5,Android,Same City,0,1104,3,Biometric,1
TXN100990,USER2540,1741.71,Merchant,15,Android,Same City,0,2483,8,UPI PIN,1
TXN100991,USER3085,4963.72,Bill Payment,14,Android,Same City,0,3292,3,Biometric,1
TXN100992,USER3083,276.74,P2P,6,iOS,Same City,0,3850,4,UPI PIN,0
TXN100993,USER3508,487.69,Recharge,4,Android,Same City,1,2979,2,Biometric,0
TXN100994,USER4695,118.22,Merchant,15,Android,Same City,0,379,1,UPI PIN,0
TXN100995,USER1633,1647.7,Bill Payment,15,Android,Same City,0,51,10,UPI PIN,1
TXN100996,USER2450,4226.3,Bill Payment,21,Android,Same City,0,375,0,UPI PIN,1
TXN100997,USER2940,1123.3,Bill Payment,6,iOS,Same City,0,647,0,Auto Debit,1
TXN100998,USER3043,7816.98,Merchant,12,iOS,Different City,0,3039,0,UPI PIN,0
TXN100999,USER4747,1277.28,Bill Payment,19,Android,Same City,0,3092,2,UPI PIN,0
TXN101000,USER1429,239.26,P2P,21,Android,Same City,0,2309,1,UPI PIN,0
TXN101001,USER3150,2562.83,Bill Payment,10,Android,Same City,1,106,3,UPI PIN,1
TXN101002,USER4695,1395.35,Bill Payment,20,Android,Same City,0,2344,1,UPI PIN,1
TXN101003,USER1136,87.16,Merchant,4,Android,Same City,0,1596,2,UPI PIN,0
TXN101004,USER4136,145.09,Recharge,20,Android,Same City,0,3774,1,Biometric,0
TXN101005,USER1743,2364.02,P2P,5,Android,Same City,0,2889,2,UPI PIN,0
TXN101006,USER2872,7645.84,Recharge,3,Android,Same City,0,2582,3,UPI PIN,1
TXN101007,USER3470,1084.25,Merchant,22,Android,Same City,0,3876,6,Biometric,1
TXN101008,USER1054,7650.3,Bill Payment,16,Web,Same City,0,2370,2,UPI PIN,0
TXN101009,USER2327,2371.35,Recharge,9,Android,Same City,0,325,1,UPI PIN,0
TXN101010,USER3922,2210.96,Recharge,21,Android,Same City,2,1931,2,Biometric,1
TXN101011,USER4194,4268.59,Recharge,16,iOS,Different City,0,2552,2,UPI PIN,0
TXN101012,USER1195,649.35,Merchant,23,Android,Same City,0,3937,3,UPI PIN,0
TXN101013,USER1638,2328.06,Recharge,19,Android,Same City,0,3229,0,UPI PIN,0
TXN101014,USER1182,1637.85,P2P,22,Android,Same City,0,3974,1,UPI PIN,0
TXN101015,USER2395,98.39,Merchant,20,Android,Different City,0,3032,5,Biometric,1
TXN101016,USER3569,1818.0,Merchant,2,Android,Same City,0,3325,3,Biometric,0
TXN101017,USER2791,778.65,Bill Payment,19,iOS,Same City,1,1225,3,UPI PIN,0
TXN101018,USER1327,716.76,Recharge,15,Android,Same City,0,3082,3,UPI PIN,0
TXN101019,USER3096,1906.13,Merchant,11,Android,Same City,0,463,2,UPI PIN,0
TXN101020,USER4480,3338.42,P2P,17,Android,Same City,0,2310,3,UPI PIN,1
TXN101021,USER2271,3511.87,Recharge,12,iOS,Same City,0,1476,3,UPI PIN,1
TXN101022,USER3908,7717.74,Merchant,13,Android,Same City,0,2383,3,Biometric,0
TXN101023,USER3000,2833.25,Merchant,5,Android,Same City,0,3971,3,Auto Debit,0
TXN101024,USER2061,675.03,Recharge,19,Android,Same City,2,3176,6,UPI PIN,0
TXN101025,USER4239,1454.67,Merchant,22,iOS,Same City,0,2316,1,Auto Debit,0
TXN101026,USER3049,1339.2,Recharge,8,Android,Same City,0,1262,3,UPI PIN,1
TXN101027,USER3691,8900.03,Bill Payment,2,Android,Different City,0,2343,4,Biometric,0
TXN101028,USER3474,2576.87,Bill Payment,9,Android,Same City,0,2342,0,UPI PIN,0
TXN101029,USER2608,2277.54,P2P,19,iOS,Same City,0,1993,4,Biometric,0
TXN101030,USER1047,1189.18,Bill Payment,13,Android,Different City,0,2344,3,UPI PIN,0
TXN101031,USER1770,1001.77,Merchant,0,Android,Same City,1,677,4,Auto Debit,0
TXN101032,USER4141,570.99,Bill Payment,16,Android,Same City,0,3483,4,UPI PIN,0
TXN101033,USER2073,3128.13,P2P,21,Android,Same City,0,3906,4,UPI PIN,0
TXN101034,USER1390,2174.27,Merchant,18,iOS,Same City,0,2445,4,UPI PIN,0
TXN101035,USER3310,215.27,Merchant,6,Web,Different City,1,132,2,UPI PIN,0
TXN101036,USER1178,7108.99,Bill Payment,23,Android,Same City,0,1087,1,Biometric,1
TXN101037,USER3753,518.55,P2P,17,Android,Same City,0,2830,3,UPI PIN,0
TXN101038,USER3754,1025.43,Recharge,22,Android,Different City,0,2126,4,Biometric,0
TXN101039,USER1361,7939.2,Merchant,11,Android,Different State,0,904,2,UPI PIN,0
TXN101040,USER2778,1705.95,Merchant,10,Android,Same City,1,1052,5,Auto Debit,1
TXN101041,USER3353,1517.8,Merchant,3,Web,Same City,0,2092,6,UPI PIN,1
TXN101042,USER3056,192.18,Merchant,4,Web,Different State,0,792,1,Biometric,0
TXN101043,USER1570,3235.29,Recharge,17,Android,Same City,0,2092,1,Biometric,1
TXN101044,USER1679,1126.34,P2P,5,Android,Same City,0,2957,0,Biometric,0
TXN101045,USER2395,1261.5,Recharge,12,Android,Same City,0,3101,2,UPI PIN,1
TXN101046,USER2230,540.02,Merchant,15,Android,Same City,0,1669,4,UPI PIN,1
TXN101047,USER4169,1022.35,Bill Payment,14,Android,Different City,0,1606,6,UPI PIN,0
TXN101048,USER4043,4395.37,P2P,22,Web,Different City,1,2454,3,Auto Debit,0
TXN101049,USER2465,1836.63,Recharge,10,Android,Same City,0,2495,1,Biometric,0
TXN101050,USER1834,1977.41,P2P,16,iOS,Same City,0,151,3,Biometric,0
TXN101051,USER3657,1909.24,Merchant,13,Android,Different City,1,2839,1,UPI PIN,1
TXN101052,USER1359,18.22,P2P,1,iOS,Different City,2,3642,4,UPI PIN,0
TXN101053,USER1533,1826.73,Recharge,1,iOS,Same City,0,1072,4,UPI PIN,0
TXN101054,USER4470,506.42,P2P,11,Android,Same City,0,1093,1,UPI PIN,0
TXN101055,USER3316,1238.86,P2P,20,iOS,Different City,0,2614,2,UPI PIN,0
TXN101056,USER4177,285.93,Merchant,15,Android,Same City,0,3747,7,UPI PIN,0
TXN101057,USER1202,4484.55,Bill Payment,0,Android,Same City,0,1893,2,UPI PIN,0
TXN101058,USER3617,1028.96,Bill Payment,21,Android,Different City,0,3368,3,UPI PIN,0
TXN101059,USER4243,1496.57,Recharge,15,Android,Same City,0,3916,1,UPI PIN,1
TXN101060,USER2179,354.06,P2P,2,Android,Same City,0,3392,6,Biometric,0
TXN101061,USER1143,2.03,Merchant,18,Web,Same City,0,555,3,UPI PIN,0
TXN101062,USER4559,2077.52,Bill Payment,22,Android,Same City,0,3906,6,UPI PIN,0
TXN101063,USER3670,933.71,Merchant,4,Android,Different City,0,2293,2,UPI PIN,0
TXN101064,USER2692,922.3,Recharge,23,Android,Same City,1,596,4,UPI PIN,0
TXN101065,USER3341,489.24,Bill Payment,2,Android,Same City,0,3659,0,UPI PIN,0
TXN101066,USER2468,2051.23,P2P,8,Web,Same City,1,1020,1,UPI PIN,1
TXN101067,USER1005,1221.88,Recharge,10,Android,Same City,0,2519,5,UPI PIN,0
TXN101068,USER1883,2859.0,P2P,23,Android,Different City,1,306,3,UPI PIN,0
TXN101069,USER4617,2708.54,Recharge,22,Android,Same City,0,282,2,UPI PIN,0
TXN101070,USER4851,450.63,P2P,23,Android,Same City,1,2619,3,UPI PIN,0
TXN101071,USER3943,5082.86,Bill Payment,17,Android,Different City,0,3832,4,UPI PIN,0
TXN101072,USER1518,4447.67,Bill Payment,15,Android,Different City,1,2274,1,Auto Debit,0
TXN101073,USER2374,655.23,P2P,12,Web,Different State,0,216,3,UPI PIN,0
TXN101074,USER3269,1429.35,Recharge,23,Android,Same City,0,2571,3,Biometric,0
TXN101075,USER4861,617.09,Merchant,9,iOS,Same City,0,3342,4,UPI PIN,0
TXN101076,USER2449,3886.22,Recharge,5,Web,Different State,0,3665,2,UPI PIN,0
TXN101077,USER4955,3720.18,Merchant,2,Android,Same City,0,503,5,UPI PIN,0
TXN101078,USER4736,1328.72,Bill Payment,9,Android,Same City,1,1948,1,UPI PIN,0
TXN101079,USER1130,2751.69,Bill Payment,4,Android,Same City,0,173,2,Auto Debit,1
TXN101080,USER2638,330.11,Bill Payment,20,iOS,Same City,0,1090,1,UPI PIN,0
TXN101081,USER4384,4161.03,Recharge,13,Android,Same City,0,1219,2,UPI PIN,1
TXN101082,USER1921,265.39,P2P,18,Android,Different State,0,139,4,UPI PIN,0
TXN101083,USER2185,1081.54,Recharge,9,Android,Same City,0,2656,1,Biometric,0
TXN101084,USER1912,1169.64,Merchant,4,Android,Same City,0,1830,5,UPI PIN,0
TXN101085,USER1259,3343.69,Recharge,4,Web,Different City,0,2352,3,UPI PIN,1
TXN101086,USER3045,523.65,Recharge,1,Android,Different State,0,612,3,UPI PIN,0
TXN101087,USER3447,3880.61,Bill Payment,2,Android,Same City,1,3887,2,UPI PIN,1
TXN101088,USER4658,957.91,Recharge,16,Android,Different City,0,3562,1,UPI PIN,0
TXN101089,USER1807,1197.11,Recharge,10,Android,Same City,1,3926,2,UPI PIN,0
TXN101090,USER4408,3875.75,P2P,17,Android,Same City,1,3940,7,UPI PIN,1
TXN101091,USER1896,1484.04,Merchant,18,iOS,Same City,0,3139,5,UPI PIN,0
TXN101092,USER4616,648.44,Recharge,4,iOS,Same City,0,3058,8,UPI PIN,0
TXN101093,USER4374,216.19,Recharge,10,iOS,Different State,0,1323,3,UPI PIN,0
TXN101094,USER2803,10135.18,Recharge,15,Android,Same City,0,2947,4,UPI PIN,0
TXN101095,USER2602,631.95,Bill Payment,22,Web,Same City,1,3886,4,UPI PIN,0
TXN101096,USER4553,145.61,Bill Payment,5,iOS,Different State,0,3543,1,UPI PIN,0
TXN101097,USER2050,4642.58,Bill Payment,14,Android,Same City,1,3123,1,UPI PIN,1
TXN101098,USER3740,1593.96,Bill Payment,15,iOS,Same City,0,390,5,Biometric,0
TXN101099,USER1330,910.52,Recharge,16,iOS,Same City,1,3612,2,UPI PIN,0
TXN101100,USER1192,1414.45,P2P,4,iOS,Same City,1,706,1,UPI PIN,1
TXN101101,USER4054,442.13,Merchant,19,Web,Same City,0,980,2,UPI PIN,0
TXN101102,USER1245,531.81,Recharge,18,iOS,Same City,0,2838,2,UPI PIN,0
TXN101103,USER1135,675.05,Bill Payment,12,iOS,Same City,0,3852,1,UPI PIN,0
TXN101104,USER1990,759.97,Merchant,5,iOS,Different City,0,1204,1,UPI PIN,0
TXN101105,USER1371,3082.07,P2P,1,Android,Same City,0,1953,2,UPI PIN,0
TXN101106,USER4952,395.33,Recharge,7,iOS,Same City,1,1492,4,Auto Debit,0
TXN101107,USER1216,134.98,Recharge,2,Android,Different State,0,830,2,UPI PIN,0
TXN101108,USER3484,4403.57,P2P,11,Android,Same City,0,1186,3,UPI PIN,1
TXN101109,USER3530,1078.11,P2P,7,Android,Different City,0,2010,3,Biometric,1
TXN101110,USER3013,2563.18,P2P,0,Android,Same City,0,2332,1,UPI PIN,0
TXN101111,USER3605,3035.03,P2P,16,Android,Same City,0,2722,3,Biometric,1
TXN101112,USER2618,612.4,Bill Payment,17,Android,Same City,0,1437,4,UPI PIN,0
TXN101113,USER4565,268.57,Merchant,23,Android,Same City,0,1235,2,Biometric,0
TXN101114,USER3938,3031.67,Merchant,22,Android,Same City,0,1399,6,Biometric,0
TXN101115,USER1252,64.18,Bill Payment,11,Web,Same City,0,556,4,UPI PIN,0
TXN101116,USER1542,461.77,P2P,21,iOS,Same City,0,2505,3,UPI PIN,0
TXN101117,USER1515,4280.74,Merchant,0,Android,Same City,1,325,4,UPI PIN,0
TXN101118,USER4525,635.75,P2P,3,Android,Same City,0,691,7,Biometric,1
TXN101119,USER1881,373.61,Bill Payment,0,Android,Different State,0,2159,4,UPI PIN,0
TXN101120,USER1439,201.34,Merchant,17,iOS,Same City,0,1312,4,UPI PIN,0
TXN101121,USER1462,533.97,Recharge,8,iOS,Same City,0,2927,3,UPI PIN,0
TXN101122,USER2071,652.92,Recharge,8,Android,Different City,0,3919,5,UPI PIN,0
TXN101123,USER2923,4843.91,Bill Payment,9,iOS,Same City,0,682,1,UPI PIN,0
TXN101124,USER1927,4213.41,Bill Payment,0,Android,Same City,0,1581,5,UPI PIN,0
TXN101125,USER3276,4743.16,Recharge,12,Android,Different City,0,2949,3,UPI PIN,1
TXN101126,USER1950,494.68,P2P,16,iOS,Same City,0,352,4,UPI PIN,0
TXN101127,USER4901,284.38,Recharge,20,iOS,Same City,0,3344,5,Biometric,0
TXN101128,USER4805,2688.02,P2P,19,Android,Same City,0,1651,6,UPI PIN,0
TXN101129,USER3487,1179.49,Recharge,5,Android,Same City,0,812,3,UPI PIN,0
TXN101130,USER4508,963.56,Merchant,2,iOS,Same City,0,3858,2,UPI PIN,0
TXN101131,USER3663,442.21,Bill Payment,21,iOS,Same City,0,3290,0,UPI PIN,0
TXN101132,USER2989,2709.14,Merchant,5,iOS,Same City,1,944,4,Biometric,0
TXN101133,USER2059,763.92,P2P,18,iOS,Same City,0,3242,2,UPI PIN,0
TXN101134,USER4233,1675.28,Merchant,12,Android,Different City,0,3848,5,UPI PIN,0
TXN101135,USER4971,2591.82,Merchant,22,Android,Different City,0,2101,3,Biometric,1
TXN101136,USER3356,708.58,Merchant,7,Android,Same City,0,579,3,UPI PIN,0
TXN101137,USER4445,322.84,P2P,14,Android,Different State,0,2619,3,UPI PIN,0
TXN101138,USER4202,2676.26,Merchant,21,iOS,Same City,0,971,1,Auto Debit,0
TXN101139,USER1234,4851.72,P2P,17,iOS,Different City,1,348,2,UPI PIN,1
TXN101140,USER3583,472.13,Merchant,5,Android,Same City,0,1055,1,UPI PIN,0
TXN101141,USER4261,2760.76,Merchant,9,iOS,Same City,0,1947,5,UPI PIN,0
TXN101142,USER3320,428.99,Recharge,21,Android,Same City,1,2553,4,UPI PIN,0
TXN101143,USER3469,289.74,Bill Payment,3,Android,Same City,0,2987,4,Auto Debit,0
TXN101144,USER2985,164.99,Merchant,23,iOS,Same City,0,145,2,UPI PIN,0
TXN101145,USER4858,1185.49,Bill Payment,0,Android,Same City,0,1022,3,Auto Debit,1
TXN101146,USER4633,2864.25,Merchant,22,Android,Same City,1,1715,3,UPI PIN,0
TXN101147,USER2681,1290.39,Bill Payment,10,iOS,Different State,1,1978,2,UPI PIN,1
TXN101148,USER4210,7900.07,Bill Payment,12,Android,Same City,0,3913,5,UPI PIN,0
TXN101149,USER4116,884.04,Bill Payment,7,Android,Same City,0,3208,2,Biometric,0
TXN101150,USER1229,4761.34,P2P,5,Android,Same City,0,2958,4,UPI PIN,0
TXN101151,USER2338,316.48,Recharge,10,Android,Same City,1,2720,3,UPI PIN,0
TXN101152,USER4267,1285.11,P2P,0,Android,Same City,0,329,2,UPI PIN,1
TXN101153,USER4389,689.16,Bill Payment,13,Android,Same City,0,3261,5,Biometric,0
TXN101154,USER3280,2167.53,Merchant,17,Android,Same City,0,1559,4,Auto Debit,0
TXN101155,USER3114,385.44,Recharge,14,Android,Same City,2,1153,6,UPI PIN,0
TXN101156,USER3894,818.84,Merchant,4,iOS,Same City,1,515,1,UPI PIN,0
TXN101157,USER3407,1287.89,P2P,9,Android,Same City,0,3779,5,UPI PIN,0
TXN101158,USER3630,1076.69,P2P,22,Android,Same City,1,2432,5,UPI PIN,1
TXN101159,USER4534,3.61,Merchant,16,Android,Same City,0,3708,3,Auto Debit,0
TXN101160,USER2252,1901.29,P2P,20,iOS,Different City,0,2318,3,UPI PIN,0
TXN101161,USER4825,118.33,Recharge,18,Android,Different City,1,2887,2,Biometric,1
TXN101162,USER3490,451.19,Recharge,3,Android,Same City,1,3131,2,Biometric,0
TXN101163,USER3114,1125.87,Recharge,1,iOS,Same City,0,2052,2,UPI PIN,0
TXN101164,USER4854,230.93,P2P,19,Android,Same City,0,3299,4,UPI PIN,0
TXN101165,USER4686,1875.05,Bill Payment,18,Android,Same City,0,1071,2,UPI PIN,1
TXN101166,USER3745,2821.15,P2P,19,iOS,Same City,1,459,4,UPI PIN,1
TXN101167,USER3484,5217.25,Merchant,14,Android,Same City,0,3814,2,UPI PIN,0
TXN101168,USER3696,506.05,Recharge,14,Android,Same City,0,3428,3,Auto Debit,0
TXN101169,USER2054,4519.36,Recharge,23,Android,Same City,0,3381,3,UPI PIN,1
TXN101170,USER3715,2296.86,Recharge,0,Web,Same City,1,1862,4,Biometric,0
TXN101171,USER4438,105.88,Recharge,1,Android,Same City,0,2239,4,UPI PIN,0
TXN101172,USER1275,327.35,Recharge,18,Web,Same City,0,3736,1,UPI PIN,0
TXN101173,USER3033,5606.36,P2P,17,iOS,Same City,0,3088,4,UPI PIN,0
TXN101174,USER3386,965.84,P2P,2,Android,Same City,0,596,2,Biometric,0
TXN101175,USER3972,6814.02,P2P,6,Android,Same City,0,621,4,Biometric,0
TXN101176,USER2455,1980.75,Merchant,14,Android,Same City,1,150,4,UPI PIN,1
TXN101177,USER2360,2705.22,Merchant,17,Android,Same City,0,1581,3,Biometric,0
TXN101178,USER3733,1660.77,P2P,15,Android,Different City,0,530,5,UPI PIN,0
TXN101179,USER2018,785.61,Merchant,1,Android,Same City,0,979,1,Auto Debit,0
TXN101180,USER4110,1274.3,Bill Payment,4,iOS,Same City,1,2548,2,UPI PIN,0
TXN101181,USER1084,3076.46,Recharge,18,Android,Same City,0,922,3,Auto Debit,0
TXN101182,USER4223,4289.06,Merchant,1,iOS,Same City,0,2890,4,UPI PIN,1
TXN101183,USER4836,4540.96,Bill Payment,6,Android,Same City,1,511,6,UPI PIN,1
TXN101184,USER1058,3622.97,Merchant,1,Android,Same City,0,1285,5,UPI PIN,0
TXN101185,USER4570,1050.17,Bill Payment,10,iOS,Different City,0,3131,3,UPI PIN,1
TXN101186,USER4861,2578.28,Recharge,10,iOS,Different City,0,1383,3,UPI PIN,1
TXN101187,USER4459,1654.82,Merchant,19,Android,Same City,0,3258,4,UPI PIN,0
TXN101188,USER1098,1646.36,Recharge,17,Android,Same City,1,3780,1,UPI PIN,1
TXN101189,USER2784,21.47,Recharge,5,Android,Same City,0,2421,2,UPI PIN,0
TXN101190,USER2517,1499.42,P2P,17,Android,Different City,0,2232,7,UPI PIN,0
TXN101191,USER3170,632.14,Recharge,11,Android,Same City,0,1327,3,UPI PIN,0
TXN101192,USER3998,135.74,Recharge,8,Android,Different City,0,1817,4,Auto Debit,0
TXN101193,USER1451,2401.99,Recharge,23,iOS,Same City,1,3093,3,Biometric,0
TXN101194,USER3006,3393.15,P2P,12,iOS,Same City,0,246,4,UPI PIN,0
TXN101195,USER2286,3923.81,Bill Payment,12,iOS,Same City,0,796,3,Auto Debit,0
TXN101196,USER4185,1591.87,Merchant,4,iOS,Different City,0,3819,2,UPI PIN,0
TXN101197,USER3107,998.17,Merchant,23,Android,Different State,0,1553,2,Auto Debit,0
TXN101198,USER2999,8.94,P2P,21,Android,Different City,0,800,5,UPI PIN,0
TXN101199,USER3986,133.82,P2P,7,Android,Same City,0,3581,2,Biometric,0
TXN101200,USER4439,3149.63,Recharge,14,Android,Same City,0,329,3,UPI PIN,1
TXN101201,USER3158,1753.64,P2P,22,Android,Same City,0,2582,3,Biometric,0
TXN101202,USER2810,554.95,Bill Payment,18,Android,Same City,0,3192,1,UPI PIN,0
TXN101203,USER1441,6462.59,P2P,9,Android,Different State,0,143,0,UPI PIN,0
TXN101204,USER2981,2062.0,Recharge,7,iOS,Same City,1,3919,2,Biometric,0
TXN101205,USER1615,719.48,Merchant,17,Android,Same City,0,3630,4,UPI PIN,1
TXN101206,USER3145,202.35,Bill Payment,20,iOS,Same City,0,3743,2,UPI PIN,0
TXN101207,USER4990,2402.5,Bill Payment,16,iOS,Same City,0,2004,3,Biometric,0
TXN101208,USER3489,162.94,Bill Payment,17,Android,Same City,0,3699,2,UPI PIN,0
TXN101209,USER3096,3168.33,P2P,19,iOS,Same City,0,2718,3,Biometric,1
TXN101210,USER1810,4855.41,Merchant,10,Android,Different City,1,1586,0,Biometric,0
TXN101211,USER4724,426.22,Bill Payment,12,Android,Different City,0,550,4,UPI PIN,0
TXN101212,USER4309,3099.17,P2P,7,Android,Same City,0,1926,3,Auto Debit,1
TXN101213,USER1413,218.18,P2P,23,iOS,Same City,0,2918,4,UPI PIN,0
TXN101214,USER2778,6481.7,Bill Payment,10,iOS,Same City,0,3522,0,UPI PIN,0
TXN101215,USER3751,1236.82,Recharge,19,iOS,Same City,1,2747,3,UPI PIN,0
TXN101216,USER2250,294.43,Merchant,23,Android,Same City,1,1348,4,UPI PIN,0
TXN101217,USER1054,2.25,Recharge,1,Android,Same City,0,2773,2,Biometric,0
TXN101218,USER4678,1365.11,Merchant,15,Android,Different City,1,3220,2,UPI PIN,1
TXN101219,USER1934,255.49,P2P,21,Android,Same City,0,120,6,UPI PIN,0
TXN101220,USER1392,1348.02,Recharge,9,Android,Same City,0,1475,5,UPI PIN,0
TXN101221,USER4419,1420.26,Bill Payment,14,iOS,Same City,0,894,2,UPI PIN,0
TXN101222,USER1977,6233.19,Merchant,23,Android,Same City,0,1379,4,UPI PIN,0
TXN101223,USER2942,202.76,P2P,10,iOS,Same City,0,386,3,UPI PIN,0
TXN101224,USER2884,1641.29,Bill Payment,13,Android,Same City,0,2758,2,UPI PIN,0
TXN101225,USER1399,2547.89,P2P,14,Android,Same City,0,530,4,UPI PIN,0
TXN101226,USER1532,1679.45,Merchant,7,iOS,Same City,0,1420,1,UPI PIN,0
TXN101227,USER1914,1900.28,Bill Payment,6,iOS,Same City,0,2211,4,UPI PIN,0
TXN101228,USER2005,4447.87,Merchant,9,Android,Same City,0,1734,5,Biometric,0
TXN101229,USER1050,2322.82,P2P,16,Android,Same City,0,614,6,Biometric,0
TXN101230,USER3218,1788.94,Merchant,18,Android,Different State,0,2480,6,UPI PIN,0
TXN101231,USER4017,705.92,P2P,10,iOS,Same City,1,3769,5,UPI PIN,0
TXN101232,USER2563,2949.78,Merchant,9,Android,Different City,0,401,3,UPI PIN,0
TXN101233,USER1593,206.23,Merchant,14,Android,Different State,0,3604,2,UPI PIN,0
TXN101234,USER1612,4981.86,P2P,20,Android,Same City,0,314,5,Biometric,0
TXN101235,USER4027,769.81,Merchant,22,iOS,Same City,0,1303,1,Auto Debit,0
TXN101236,USER3370,2493.67,P2P,7,iOS,Same City,0,3558,2,Biometric,0
TXN101237,USER1372,1134.63,Recharge,3,iOS,Same City,0,813,2,Auto Debit,0
TXN101238,USER3172,2141.43,P2P,7,iOS,Same City,0,2080,4,UPI PIN,0
TXN101239,USER3368,1474.68,Bill Payment,22,Android,Same City,1,1808,0,Biometric,0
TXN101240,USER4659,5880.95,Merchant,12,Web,Same City,0,3948,5,UPI PIN,0
TXN101241,USER3344,1025.34,P2P,10,iOS,Same City,0,1109,0,UPI PIN,0
TXN101242,USER3777,1433.89,Recharge,6,Android,Different State,0,1776,3,UPI PIN,0
TXN101243,USER3728,326.89,P2P,14,Android,Same City,0,1356,2,Biometric,0
TXN101244,USER1249,4700.79,Merchant,13,Android,Same City,0,3121,2,Biometric,0
TXN101245,USER3680,1574.39,Recharge,19,iOS,Different City,0,3384,4,UPI PIN,0
TXN101246,USER1532,544.03,P2P,7,iOS,Same City,1,2945,4,UPI PIN,0
TXN101247,USER4139,1011.09,Recharge,2,Android,Same City,0,2890,2,UPI PIN,0
TXN101248,USER2735,381.63,Merchant,5,Android,Same City,2,623,3,UPI PIN,0
TXN101249,USER1108,250.82,P2P,21,Android,Same City,0,1440,1,UPI PIN,0
TXN101250,USER1357,1786.64,P2P,1,Android,Same City,0,3276,4,UPI PIN,0
TXN101251,USER1196,709.12,Merchant,20,Android,Same City,0,626,3,UPI PIN,0
TXN101252,USER4136,75.17,Recharge,6,Android,Same City,1,3772,6,UPI PIN,0
TXN101253,USER4399,1180.55,P2P,7,Android,Different City,0,994,1,Auto Debit,0
TXN101254,USER4682,5691.3,Merchant,11,iOS,Same City,0,397,1,UPI PIN,0
TXN101255,USER1716,847.8,Merchant,6,Android,Same City,0,3429,7,Biometric,0
TXN101256,USER1752,1446.91,Recharge,13,iOS,Same City,0,2375,2,UPI PIN,0
TXN101257,USER3357,2625.22,Bill Payment,3,Android,Different City,0,327,0,Auto Debit,1
TXN101258,USER4736,2483.16,P2P,14,Android,Same City,0,3317,5,UPI PIN,0
TXN101259,USER2134,406.83,Merchant,4,Android,Different City,0,2986,3,UPI PIN,0
TXN101260,USER2688,5271.97,Recharge,21,Android,Same City,0,605,6,UPI PIN,1
TXN101261,USER1042,95.17,P2P,22,iOS,Same City,1,1512,5,Biometric,0
TXN101262,USER3700,529.22,Bill Payment,14,iOS,Same City,1,3082,6,UPI PIN,0
TXN101263,USER4693,3289.98,Bill Payment,20,Web,Same City,0,2001,5,Biometric,0
TXN101264,USER3798,20.96,Merchant,7,Android,Same City,2,1574,3,UPI PIN,0
TXN101265,USER4278,4773.45,Recharge,5,iOS,Same City,1,1197,2,UPI PIN,0
TXN101266,USER4597,1577.18,Merchant,5,Android,Same City,3,2082,2,UPI PIN,0
TXN101267,USER2141,3215.56,Merchant,15,Android,Same City,0,583,3,UPI PIN,0
TXN101268,USER4288,324.57,Bill Payment,11,iOS,Different City,0,3486,4,Auto Debit,0
TXN101269,USER1097,133.66,Recharge,1,Android,Different City,1,2727,2,UPI PIN,1
TXN101270,USER1331,124.04,P2P,5,Android,Same City,0,1331,3,UPI PIN,0
TXN101271,USER4789,965.42,Bill Payment,23,iOS,Same City,0,581,1,UPI PIN,0
TXN101272,USER3387,1901.52,Recharge,9,Android,Different State,0,2373,1,UPI PIN,0
TXN101273,USER2803,1622.92,Recharge,19,Android,Same City,0,3145,0,UPI PIN,0
TXN101274,USER1656,669.69,P2P,9,Android,Different City,0,521,4,Biometric,0
TXN101275,USER3795,591.16,Merchant,19,Web,Different State,0,1890,0,Auto Debit,0
TXN101276,USER3716,985.12,Recharge,18,Android,Different City,0,2404,3,UPI PIN,0
TXN101277,USER2337,1155.82,P2P,4,Android,Same City,0,3094,4,UPI PIN,0
TXN101278,USER4934,1090.97,P2P,18,iOS,Same City,0,259,4,UPI PIN,0
TXN101279,USER2483,2560.31,Bill Payment,2,Android,Same City,1,3577,1,UPI PIN,0
TXN101280,USER2962,3902.09,Merchant,3,Android,Same City,0,650,1,Biometric,0
TXN101281,USER2299,4516.19,P2P,11,Android,Same City,0,2344,4,UPI PIN,0
TXN101282,USER3343,1445.01,Recharge,2,Android,Same City,0,3793,2,UPI PIN,0
TXN101283,USER3140,1602.38,Recharge,0,Android,Same City,1,2323,6,UPI PIN,0
TXN101284,USER1185,2918.82,Bill Payment,11,iOS,Same City,0,374,4,UPI PIN,0
TXN101285,USER3882,807.56,Recharge,16,Android,Same City,1,3534,3,UPI PIN,1
TXN101286,USER1227,1637.24,Recharge,19,Android,Same City,0,1859,2,UPI PIN,1
TXN101287,USER3191,3274.08,P2P,22,iOS,Same City,1,3687,0,UPI PIN,0
TXN101288,USER3366,2048.71,P2P,5,iOS,Same City,1,3161,5,UPI PIN,0
TXN101289,USER1085,2128.86,P2P,8,Android,Different City,1,2924,2,UPI PIN,1
TXN101290,USER3700,1439.42,Bill Payment,20,Android,Same City,0,1529,1,UPI PIN,0
TXN101291,USER4133,356.24,P2P,9,Android,Different City,0,3741,3,UPI PIN,0
TXN101292,USER3913,1104.48,Recharge,17,Android,Different State,0,793,0,UPI PIN,0
TXN101293,USER2895,5774.9,Merchant,22,Android,Same City,0,1996,2,UPI PIN,1
TXN101294,USER2158,1044.62,P2P,10,Web,Same City,0,1737,1,UPI PIN,0
TXN101295,USER2053,1394.63,Merchant,14,Android,Same City,0,3510,1,UPI PIN,0
TXN101296,USER4932,876.15,Merchant,1,Android,Same City,0,3177,4,Auto Debit,0
TXN101297,USER1446,663.21,Bill Payment,4,Android,Same City,1,3066,1,UPI PIN,0
TXN101298,USER2439,1499.56,Merchant,18,iOS,Same City,0,1317,6,UPI PIN,0
TXN101299,USER2218,1561.46,Bill Payment,3,iOS,Same City,0,458,7,UPI PIN,0
TXN101300,USER4245,1367.3,Recharge,8,Android,Different City,0,1535,2,UPI PIN,0
TXN101301,USER3535,2078.13,Merchant,12,Android,Same City,0,520,5,UPI PIN,0
TXN101302,USER2834,1498.33,Bill Payment,15,Android,Same City,0,3476,2,Biometric,0
TXN101303,USER3699,19.42,Merchant,5,Android,Same City,2,3132,4,UPI PIN,0
TXN101304,USER2866,588.09,Bill Payment,7,iOS,Different City,0,2275,2,UPI PIN,1
TXN101305,USER3924,331.38,P2P,3,iOS,Same City,1,2335,2,Biometric,1
TXN101306,USER1516,197.79,Merchant,12,Android,Different City,1,2692,5,UPI PIN,0
TXN101307,USER1618,781.28,Bill Payment,2,Web,Same City,0,417,5,UPI PIN,1
TXN101308,USER4220,3622.36,P2P,2,Android,Same City,1,3001,2,Biometric,1
TXN101309,USER3489,2170.83,Bill Payment,12,Android,Same City,0,1810,2,Biometric,0
TXN101310,USER3043,2943.68,Recharge,19,iOS,Different State,0,382,2,UPI PIN,1
TXN101311,USER3810,35.64,P2P,23,iOS,Same City,0,1515,3,UPI PIN,0
TXN101312,USER3439,2528.52,Recharge,9,iOS,Same City,0,1172,3,UPI PIN,0
TXN101313,USER3602,1290.05,P2P,9,iOS,Same City,0,743,4,UPI PIN,0
TXN101314,USER4387,2796.1,Merchant,22,Android,Same City,0,2336,3,UPI PIN,1
TXN101315,USER4089,2418.19,Recharge,1,Android,Same City,0,3924,4,Biometric,1
TXN101316,USER2306,506.56,Bill Payment,10,Android,Same City,1,1452,2,Biometric,0
TXN101317,USER3973,1378.43,Merchant,3,Web,Same City,0,3863,3,Auto Debit,0
TXN101318,USER4263,3444.13,Bill Payment,7,Android,Same City,2,2773,5,Biometric,0
TXN101319,USER3775,3075.48,Merchant,5,iOS,Same City,1,2695,4,UPI PIN,1
TXN101320,USER2716,135.33,Recharge,16,Android,Same City,0,2470,4,UPI PIN,0
TXN101321,USER2133,525.81,Recharge,23,Android,Same City,0,2025,2,UPI PIN,0
TXN101322,USER3079,2590.84,Bill Payment,0,iOS,Different City,0,2262,6,UPI PIN,1
TXN101323,USER4487,3322.96,P2P,12,Android,Same City,1,2305,0,UPI PIN,0
TXN101324,USER3816,1749.29,P2P,10,Android,Same City,1,2474,1,Auto Debit,0
TXN101325,USER2003,566.7,Merchant,18,iOS,Different City,0,3676,1,Biometric,0
TXN101326,USER2174,3556.53,Merchant,19,Android,Same City,0,1300,2,UPI PIN,0
TXN101327,USER3805,1301.81,Merchant,18,Android,Different City,0,3659,2,UPI PIN,0
TXN101328,USER4938,293.6,Recharge,0,Web,Same City,0,2326,7,Biometric,0
TXN101329,USER2088,488.94,Bill Payment,1,Android,Same City,0,1041,1,UPI PIN,0
TXN101330,USER1328,4272.96,Bill Payment,19,iOS,Different City,0,3143,1,UPI PIN,1
TXN101331,USER4825,1645.45,Recharge,0,Android,Same City,1,1508,4,Biometric,0
TXN101332,USER4992,1150.33,P2P,23,iOS,Same City,2,930,6,UPI PIN,0
TXN101333,USER1996,2957.44,Recharge,15,Android,Same City,0,1620,1,UPI PIN,1
TXN101334,USER2775,449.87,Bill Payment,13,iOS,Same City,1,3215,3,UPI PIN,1
TXN101335,USER4070,2455.93,Recharge,22,Android,Same City,0,2100,2,Biometric,1
TXN101336,USER1330,1205.5,Recharge,23,Web,Same City,3,1340,3,Biometric,1
TXN101337,USER3767,1336.7,Recharge,12,Android,Same City,0,3346,6,UPI PIN,1
TXN101338,USER3001,3135.72,Merchant,20,Android,Same City,0,2155,3,UPI PIN,0
TXN101339,USER2258,1770.96,Recharge,0,Android,Same City,1,2451,3,UPI PIN,0
TXN101340,USER3459,4054.67,Bill Payment,7,Android,Different City,0,322,5,Biometric,0
TXN101341,USER1543,2541.31,P2P,3,Android,Same City,1,1158,3,UPI PIN,1
TXN101342,USER2677,2022.81,P2P,9,Android,Different City,1,2679,1,UPI PIN,0
TXN101343,USER4961,604.24,Merchant,7,iOS,Same City,0,358,3,Biometric,0
TXN101344,USER4009,1216.18,P2P,0,Android,Same City,1,3377,3,UPI PIN,1
TXN101345,USER1201,3950.69,Merchant,18,iOS,Same City,0,941,0,UPI PIN,0
TXN101346,USER2804,2950.56,Recharge,13,Android,Same City,0,124,8,UPI PIN,0
TXN101347,USER4763,399.74,Recharge,1,Android,Same City,0,2140,2,UPI PIN,0
TXN101348,USER1585,925.76,P2P,8,iOS,Same City,0,2155,3,Auto Debit,0
TXN101349,USER2536,1816.91,Merchant,3,Android,Same City,0,3194,4,Biometric,0
TXN101350,USER1171,1538.89,Merchant,10,Android,Same City,0,886,3,UPI PIN,0
TXN101351,USER4562,917.05,Merchant,7,iOS,Same City,2,2307,4,Biometric,0
TXN101352,USER1320,2104.54,P2P,19,Android,Same City,1,2931,3,UPI PIN,0
TXN101353,USER2398,653.16,P2P,4,Android,Same City,1,530,5,Biometric,1
TXN101354,USER3538,113.22,Bill Payment,22,Android,Same City,1,2244,1,Biometric,0
TXN101355,USER2991,2465.57,Merchant,15,iOS,Same City,0,3867,1,UPI PIN,0
TXN101356,USER1004,2795.66,Merchant,17,iOS,Different City,0,1637,2,UPI PIN,1
TXN101357,USER1248,5262.25,Merchant,17,Android,Different State,0,186,1,Biometric,0
TXN101358,USER1360,870.76,Bill Payment,21,Android,Same City,0,1763,4,UPI PIN,0
TXN101359,USER1923,5192.04,P2P,14,Android,Same City,1,2128,3,UPI PIN,0
TXN101360,USER4362,201.25,Recharge,17,Android,Same City,0,3920,3,UPI PIN,0
TXN101361,USER2130,2601.97,Recharge,5,Android,Same City,0,2595,7,UPI PIN,0
TXN101362,USER1400,4157.7,Merchant,23,Android,Same City,0,3863,6,UPI PIN,1
TXN101363,USER1081,228.45,Recharge,15,iOS,Different City,0,1684,1,UPI PIN,0
TXN101364,USER2011,5324.05,P2P,19,Android,Different City,1,491,1,UPI PIN,0
TXN101365,USER4596,1734.6,Recharge,13,Android,Different City,0,591,2,UPI PIN,1
TXN101366,USER1845,1492.84,Recharge,8,Web,Same City,0,3351,2,Auto Debit,1
TXN101367,USER3882,467.99,P2P,21,iOS,Different State,1,52,5,UPI PIN,0
TXN101368,USER2120,2604.79,P2P,4,Android,Same City,0,2934,6,UPI PIN,0
TXN101369,USER4813,2382.56,Merchant,1,iOS,Same City,1,2156,3,UPI PIN,0
TXN101370,USER4005,429.77,Merchant,0,Android,Different City,0,3331,1,UPI PIN,0
TXN101371,USER4291,908.92,Bill Payment,22,Android,Same City,0,3399,2,Auto Debit,0
TXN101372,USER2744,819.6,Bill Payment,1,Android,Same City,1,1606,2,UPI PIN,0
TXN101373,USER3899,1087.03,P2P,17,Android,Same City,1,3543,2,UPI PIN,0
TXN101374,USER3591,4441.03,P2P,0,iOS,Different City,0,2576,0,UPI PIN,1
TXN101375,USER4620,3129.51,Recharge,5,iOS,Same City,0,913,1,UPI PIN,0
TXN101376,USER4843,1826.62,Bill Payment,5,Android,Same City,0,1673,6,Biometric,1
TXN101377,USER2123,388.27,P2P,4,Android,Same City,1,2834,2,Biometric,0
TXN101378,USER4334,2404.29,Merchant,2,Android,Different City,0,3426,2,Biometric,0
TXN101379,USER1882,2466.79,Bill Payment,13,Android,Same City,0,2839,8,UPI PIN,0
TXN101380,USER3950,764.2,Merchant,14,Web,Same City,1,2843,4,UPI PIN,0
TXN101381,USER2358,1338.92,Recharge,23,Android,Same City,0,1263,2,UPI PIN,0
TXN101382,USER2097,1049.06,P2P,0,Android,Same City,0,2877,3,Biometric,0
TXN101383,USER3342,7377.22,P2P,13,Android,Same City,0,3808,2,UPI PIN,1
TXN101384,USER4867,691.26,Bill Payment,9,iOS,Same City,0,2477,2,UPI PIN,0
TXN101385,USER2461,6782.55,P2P,16,Android,Different City,1,160,6,UPI PIN,0
TXN101386,USER3263,1174.12,P2P,0,iOS,Same City,1,3405,4,Auto Debit,0
TXN101387,USER3135,5323.8,Bill Payment,16,Android,Same City,1,2550,0,Biometric,0
TXN101388,USER4439,114.86,Recharge,8,Web,Different City,0,3707,4,UPI PIN,0
TXN101389,USER3804,830.64,P2P,11,iOS,Different State,1,2207,6,UPI PIN,0
TXN101390,USER2998,352.84,P2P,3,iOS,Same City,0,716,5,UPI PIN,0
TXN101391,USER3014,5139.04,P2P,18,iOS,Same City,0,2433,2,UPI PIN,1
TXN101392,USER1674,1593.55,P2P,9,Android,Same City,0,62,3,UPI PIN,0
TXN101393,USER1605,2610.22,Recharge,7,iOS,Different State,0,3012,3,UPI PIN,0
TXN101394,USER1185,1761.02,Bill Payment,23,Web,Same City,0,3498,3,Auto Debit,0
TXN101395,USER4189,1283.85,Merchant,11,Android,Same City,1,1641,1,UPI PIN,1
TXN101396,USER1482,6242.75,Recharge,17,iOS,Different State,0,3555,2,UPI PIN,0
TXN101397,USER3210,992.98,P2P,5,Web,Different City,0,1431,2,UPI PIN,0
TXN101398,USER2713,3376.8,Bill Payment,18,iOS,Same City,0,512,3,UPI PIN,0
TXN101399,USER2753,15.02,Bill Payment,13,Android,Same City,1,3324,4,UPI PIN,0
TXN101400,USER4537,8918.37,Merchant,13,Android,Different State,0,3041,5,UPI PIN,0
TXN101401,USER2905,5950.37,P2P,23,Android,Same City,1,1828,3,UPI PIN,1
TXN101402,USER4778,961.21,Bill Payment,19,Android,Same City,0,2379,4,UPI PIN,0
TXN101403,USER4086,289.51,P2P,17,Android,Same City,0,2678,4,UPI PIN,0
TXN101404,USER2835,1455.1,Recharge,2,Android,Different City,0,2844,3,UPI PIN,1
TXN101405,USER3272,643.52,Merchant,22,Android,Different City,2,3880,4,UPI PIN,1
TXN101406,USER4382,1579.53,Recharge,6,Android,Same City,0,610,4,UPI PIN,0
TXN101407,USER1949,3799.64,P2P,14,Android,Different City,0,2884,0,UPI PIN,1
TXN101408,USER3647,653.84,Bill Payment,16,iOS,Same City,0,1942,3,Biometric,0
TXN101409,USER2240,3368.54,Bill Payment,22,iOS,Different State,0,3736,3,UPI PIN,0
TXN101410,USER2906,26.12,Recharge,18,Android,Same City,0,1593,1,Biometric,0
TXN101411,USER1877,3070.87,Merchant,3,iOS,Same City,0,2778,4,UPI PIN,0
TXN101412,USER2253,714.02,Recharge,5,Android,Different City,0,430,7,Auto Debit,0
TXN101413,USER3932,2028.17,Merchant,6,Android,Same City,1,3520,3,Biometric,1
TXN101414,USER1743,13.82,Recharge,19,Android,Same City,1,2283,5,Auto Debit,0
TXN101415,USER2541,544.79,Recharge,4,Android,Same City,1,1874,5,UPI PIN,0
TXN101416,USER4139,788.91,Bill Payment,22,Android,Different City,0,1577,1,Biometric,0
TXN101417,USER2599,2502.26,P2P,9,Android,Different City,0,2902,4,UPI PIN,0
TXN101418,USER4623,112.29,Merchant,20,iOS,Same City,0,2867,1,UPI PIN,0
TXN101419,USER1587,3405.29,Recharge,3,Android,Same City,1,610,5,UPI PIN,0
TXN101420,USER4750,2622.16,Bill Payment,1,iOS,Same City,0,2908,1,Biometric,0
TXN101421,USER4322,3545.39,Bill Payment,13,Android,Different City,1,1995,5,UPI PIN,0
TXN101422,USER3028,2545.11,Recharge,18,Android,Different State,1,3597,6,Biometric,1
TXN101423,USER3209,4425.92,Bill Payment,15,Android,Different State,0,1121,2,Auto Debit,0
TXN101424,USER2696,556.56,Recharge,17,Android,Same City,0,3127,4,Biometric,0
TXN101425,USER3269,3283.2,P2P,23,iOS,Different City,0,3779,2,UPI PIN,1
TXN101426,USER1929,785.35,Bill Payment,2,Android,Different City,2,2748,4,UPI PIN,1
TXN101427,USER3965,694.69,Bill Payment,14,Android,Same City,0,3047,6,UPI PIN,0
TXN101428,USER4105,1780.25,Recharge,15,iOS,Different State,0,2204,3,UPI PIN,1
TXN101429,USER4953,3734.13,P2P,21,Android,Same City,0,1026,5,UPI PIN,0
TXN101430,USER1576,715.68,P2P,5,iOS,Same City,0,2594,5,Biometric,0
TXN101431,USER4883,356.76,Recharge,1,Android,Same City,0,155,1,UPI PIN,0
TXN101432,USER3970,2319.03,P2P,16,iOS,Same City,0,3761,5,UPI PIN,0
TXN101433,USER4657,2162.95,P2P,20,Web,Same City,0,522,3,Biometric,0
TXN101434,USER3775,2945.58,Merchant,9,Android,Same City,0,3261,2,Auto Debit,0
TXN101435,USER1546,2850.7,Bill Payment,21,iOS,Different City,0,2505,4,Auto Debit,0
TXN101436,USER4456,4255.52,P2P,19,Android,Same City,0,2966,2,UPI PIN,0
TXN101437,USER1450,324.11,Merchant,14,Android,Same City,1,2668,4,UPI PIN,0
TXN101438,USER2824,1241.71,Merchant,19,Android,Same City,0,1287,2,UPI PIN,1
TXN101439,USER3228,1547.84,Recharge,5,Android,Same City,0,3824,3,UPI PIN,0
TXN101440,USER1043,1069.45,Merchant,14,iOS,Same City,0,1016,1,UPI PIN,0
TXN101441,USER3831,5342.89,P2P,0,Android,Different State,1,1953,2,UPI PIN,0
TXN101442,USER2696,587.41,Merchant,2,iOS,Same City,0,3651,2,UPI PIN,0
TXN101443,USER2700,1193.63,Recharge,1,Android,Same City,1,1679,1,UPI PIN,0
TXN101444,USER2837,7812.22,Recharge,9,Android,Same City,0,1070,4,UPI PIN,1
TXN101445,USER3078,1658.15,Bill Payment,6,iOS,Different City,1,552,6,UPI PIN,0
TXN101446,USER2823,1290.71,Bill Payment,14,Android,Same City,0,63,5,UPI PIN,0
TXN101447,USER2572,1051.46,Merchant,1,iOS,Different City,0,2617,2,UPI PIN,1
TXN101448,USER1466,3031.35,Merchant,3,Android,Same City,0,2353,4,UPI PIN,0
TXN101449,USER4736,218.27,Bill Payment,21,Android,Same City,0,1954,6,UPI PIN,0
TXN101450,USER3641,1892.39,Bill Payment,21,iOS,Same City,1,362,2,UPI PIN,0
TXN101451,USER2291,940.76,Bill Payment,12,iOS,Same City,1,3389,4,Biometric,0
TXN101452,USER4760,47.02,P2P,8,Android,Same City,1,3501,4,UPI PIN,0
TXN101453,USER1994,256.55,Merchant,11,Android,Different State,1,2118,4,UPI PIN,0
TXN101454,USER1104,1760.43,Recharge,6,Android,Same City,0,3835,7,UPI PIN,1
TXN101455,USER4396,728.06,Bill Payment,2,Android,Different City,0,231,2,UPI PIN,0
TXN101456,USER1335,107.92,Recharge,6,iOS,Same City,1,3865,2,UPI PIN,0
TXN101457,USER3965,506.7,Bill Payment,7,Android,Same City,1,2264,3,UPI PIN,0
TXN101458,USER4515,554.51,Recharge,21,Android,Same City,0,3112,4,UPI PIN,0
TXN101459,USER3330,3201.05,Bill Payment,14,iOS,Same City,0,1492,2,UPI PIN,1
TXN101460,USER3782,180.49,Recharge,11,iOS,Same City,1,3720,5,UPI PIN,0
TXN101461,USER4919,2011.72,Recharge,0,Android,Same City,0,1004,3,UPI PIN,1
TXN101462,USER1325,484.31,P2P,21,Android,Same City,0,786,3,UPI PIN,0
TXN101463,USER1508,3389.51,P2P,22,Android,Different State,2,2887,3,Biometric,0
TXN101464,USER1961,285.91,P2P,21,iOS,Same City,0,653,7,Biometric,0
TXN101465,USER3708,876.05,Recharge,1,Android,Same City,0,441,7,Auto Debit,1
TXN101466,USER1220,188.15,Recharge,8,Android,Different State,1,2949,3,UPI PIN,0
TXN101467,USER1637,246.08,Recharge,16,Android,Same City,0,3653,4,UPI PIN,0
TXN101468,USER2389,154.0,P2P,2,Android,Same City,0,1543,6,UPI PIN,0
TXN101469,USER4133,3910.8,P2P,13,iOS,Same City,0,1474,3,Biometric,1
TXN101470,USER2888,1537.26,Recharge,18,Android,Different City,0,2489,2,UPI PIN,0
TXN101471,USER1735,3887.4,Recharge,16,Android,Same City,0,1017,0,UPI PIN,0
TXN101472,USER1730,1025.74,P2P,11,iOS,Same City,0,1870,7,UPI PIN,0
TXN101473,USER1005,5003.71,Recharge,4,Android,Same City,0,1410,2,UPI PIN,1
TXN101474,USER2833,4456.61,Recharge,0,iOS,Same City,2,91,7,Biometric,0
TXN101475,USER3439,3394.19,Bill Payment,18,iOS,Different State,0,3223,4,Biometric,1
TXN101476,USER4773,424.81,Bill Payment,14,Android,Different State,0,50,4,Biometric,0
TXN101477,USER3998,4557.65,Recharge,23,Android,Same City,0,1057,0,UPI PIN,1
TXN101478,USER2006,7222.18,Bill Payment,5,iOS,Same City,1,2845,6,Biometric,0
TXN101479,USER1013,1711.64,Recharge,13,Android,Same City,0,1419,2,Biometric,0
TXN101480,USER4697,3907.28,Merchant,9,Android,Same City,0,85,0,UPI PIN,1
TXN101481,USER2958,1134.8,Bill Payment,21,Android,Same City,0,367,1,UPI PIN,0
TXN101482,USER4349,1204.24,Merchant,13,iOS,Same City,0,1399,4,UPI PIN,0
TXN101483,USER3687,7255.26,P2P,6,Android,Different City,0,2972,3,Biometric,0
TXN101484,USER1018,2156.84,Recharge,11,iOS,Same City,1,713,4,UPI PIN,0
TXN101485,USER2727,485.48,Recharge,12,Android,Same City,0,312,0,UPI PIN,0
TXN101486,USER3987,818.34,Recharge,0,Android,Same City,0,1951,6,Biometric,0
TXN101487,USER1756,320.72,Bill Payment,7,Android,Same City,0,2997,1,UPI PIN,0
TXN101488,USER1289,2011.59,Recharge,20,Android,Different City,0,1972,4,UPI PIN,1
TXN101489,USER4933,1846.19,Bill Payment,21,Android,Same City,0,1866,3,UPI PIN,1
TXN101490,USER2268,2122.89,Merchant,8,Android,Same City,0,1129,2,Biometric,0
TXN101491,USER3626,658.98,Merchant,1,Android,Same City,0,3780,2,UPI PIN,0
TXN101492,USER4315,504.21,Bill Payment,6,Android,Different City,0,722,4,UPI PIN,1
TXN101493,USER4035,4317.22,Merchant,8,iOS,Same City,0,3065,3,UPI PIN,1
TXN101494,USER2571,66.5,Bill Payment,20,Android,Same City,1,2062,6,UPI PIN,0
TXN101495,USER2940,222.18,Merchant,12,Android,Same City,0,3411,4,UPI PIN,0
TXN101496,USER4741,359.69,Recharge,21,iOS,Same City,0,2627,2,Biometric,0
TXN101497,USER1524,5872.6,Bill Payment,7,iOS,Same City,0,1245,4,Biometric,1
TXN101498,USER2383,1461.61,Recharge,1,Web,Different City,0,203,1,UPI PIN,1
TXN101499,USER4382,1361.29,Merchant,5,Android,Same City,1,1568,5,UPI PIN,1
TXN101500,USER4042,1001.81,Recharge,6,iOS,Same City,0,3335,3,Biometric,0
TXN101501,USER2864,1213.56,Merchant,19,Web,Same City,0,3575,3,Biometric,0
TXN101502,USER4163,1841.68,Merchant,15,iOS,Same City,0,2776,4,UPI PIN,0
TXN101503,USER4263,1406.46,P2P,6,iOS,Different City,1,2041,1,UPI PIN,0
TXN101504,USER2396,1668.06,Bill Payment,5,iOS,Same City,1,617,2,UPI PIN,0
TXN101505,USER1370,159.3,Merchant,15,Android,Same City,1,1571,1,UPI PIN,0
TXN101506,USER2554,50.48,Bill Payment,11,Android,Different City,1,2574,4,Biometric,0
TXN101507,USER4669,3323.86,Merchant,4,Android,Different State,1,2666,3,UPI PIN,1
TXN101508,USER4673,2608.29,Merchant,12,iOS,Same City,1,1416,2,Biometric,0
TXN101509,USER3111,105.19,Bill Payment,9,Web,Same City,0,2039,2,Biometric,0
TXN101510,USER1038,3181.21,P2P,14,Android,Different City,1,69,4,UPI PIN,0
TXN101511,USER4697,1872.72,Bill Payment,4,iOS,Same City,0,1765,2,UPI PIN,0
TXN101512,USER4021,1774.9,Bill Payment,10,Android,Same City,0,222,1,UPI PIN,0
TXN101513,USER3000,122.24,Bill Payment,21,Android,Same City,0,866,2,UPI PIN,0
TXN101514,USER2847,2448.4,Merchant,8,Android,Same City,0,689,1,UPI PIN,0
TXN101515,USER1201,5612.49,Recharge,1,Android,Different State,0,77,3,UPI PIN,0
TXN101516,USER2494,492.27,Recharge,6,iOS,Same City,1,278,2,Auto Debit,0
TXN101517,USER4696,2931.36,Merchant,7,iOS,Same City,0,3564,2,Biometric,1
TXN101518,USER3000,2302.58,P2P,4,iOS,Different City,0,956,3,UPI PIN,1
TXN101519,USER1640,34.68,Merchant,0,Android,Same City,0,2687,6,UPI PIN,0
TXN101520,USER2902,1011.09,P2P,13,iOS,Different City,0,3196,3,UPI PIN,0
TXN101521,USER4480,1470.36,Recharge,15,Android,Same City,0,2141,5,UPI PIN,1
TXN101522,USER3646,4534.16,Bill Payment,9,Android,Same City,0,3095,2,UPI PIN,0
TXN101523,USER1479,786.3,Recharge,17,Android,Different City,2,1654,3,UPI PIN,1
TXN101524,USER4067,1280.55,Bill Payment,20,iOS,Same City,0,2798,3,Biometric,0
TXN101525,USER2201,1230.31,Merchant,0,Android,Same City,1,2357,3,Biometric,0
TXN101526,USER1901,544.82,Bill Payment,23,Web,Same City,0,2597,3,UPI PIN,0
TXN101527,USER2612,2697.57,Merchant,11,Android,Different State,0,3093,1,UPI PIN,0
TXN101528,USER4378,1248.86,Recharge,17,iOS,Same City,1,1765,0,UPI PIN,0
TXN101529,USER3531,152.59,P2P,10,iOS,Same City,0,1119,3,UPI PIN,0
TXN101530,USER1329,2084.22,Bill Payment,7,Android,Same City,0,2341,9,UPI PIN,0
TXN101531,USER1848,4211.65,Merchant,18,Android,Different City,1,402,3,UPI PIN,0
TXN101532,USER1392,790.48,Bill Payment,9,iOS,Different State,0,397,4,Biometric,0
TXN101533,USER1503,2692.76,Recharge,17,iOS,Same City,0,278,4,UPI PIN,0
TXN101534,USER1912,5551.98,P2P,1,Android,Same City,1,622,3,UPI PIN,0
TXN101535,USER3312,1933.7,Recharge,9,Android,Same City,0,2733,5,UPI PIN,1
TXN101536,USER4384,2408.78,Recharge,22,Android,Different City,0,52,0,Auto Debit,1
TXN101537,USER2756,713.62,P2P,23,Android,Same City,0,2893,3,UPI PIN,0
TXN101538,USER1463,711.36,Recharge,10,Android,Same City,1,3269,3,UPI PIN,0
TXN101539,USER1590,1165.53,Bill Payment,12,Android,Same City,0,2295,1,UPI PIN,0
TXN101540,USER4685,2757.26,Recharge,13,Android,Same City,0,3246,5,Biometric,1
TXN101541,USER2109,7273.47,Recharge,6,iOS,Same City,0,1267,1,UPI PIN,1
TXN101542,USER3591,128.07,P2P,14,Android,Same City,0,2331,6,UPI PIN,0
TXN101543,USER2858,984.83,Bill Payment,15,Android,Different State,1,3507,4,Auto Debit,0
TXN101544,USER1807,1793.54,Recharge,8,iOS,Same City,0,2934,1,UPI PIN,0
TXN101545,USER2939,1196.25,Merchant,16,Android,Same City,0,3230,2,Auto Debit,0
TXN101546,USER2309,3184.7,P2P,5,Android,Same City,0,2119,2,Auto Debit,0
TXN101547,USER4972,3838.3,Bill Payment,9,Android,Same City,0,3760,3,UPI PIN,0
TXN101548,USER1284,73.55,Bill Payment,14,Android,Different City,0,3312,2,UPI PIN,0
TXN101549,USER2738,1507.56,P2P,17,Android,Same City,0,1479,0,UPI PIN,0
TXN101550,USER4671,2356.27,P2P,0,Android,Different State,2,165,5,UPI PIN,1
TXN101551,USER3238,5002.35,Bill Payment,15,iOS,Same City,1,2495,2,UPI PIN,1
TXN101552,USER4657,5502.04,P2P,5,Web,Same City,0,1013,2,UPI PIN,0
TXN101553,USER3934,2460.42,Merchant,5,Android,Same City,0,832,2,UPI PIN,0
TXN101554,USER2113,48.63,Merchant,11,Android,Same City,1,3044,6,Auto Debit,0
TXN101555,USER1808,1590.7,Recharge,2,Android,Different City,1,2089,0,UPI PIN,1
TXN101556,USER4670,232.01,Recharge,13,Android,Same City,1,1504,3,UPI PIN,0
TXN101557,USER2327,1132.77,Recharge,8,Web,Different State,0,1627,2,Biometric,0
TXN101558,USER4284,82.91,Bill Payment,19,Android,Same City,2,3084,4,UPI PIN,0
TXN101559,USER4833,4376.84,Bill Payment,22,iOS,Same City,0,1609,5,Biometric,1
TXN101560,USER4803,6081.67,Bill Payment,2,Android,Different City,0,2498,1,UPI PIN,1
TXN101561,USER1933,232.5,Bill Payment,1,Android,Different City,0,556,3,UPI PIN,1
TXN101562,USER1086,1529.19,Merchant,2,Android,Different City,0,2961,2,UPI PIN,0
TXN101563,USER3752,667.88,Merchant,3,Web,Same City,0,2855,3,Biometric,0
TXN101564,USER2958,2093.03,P2P,6,Android,Same City,0,1269,3,UPI PIN,0
TXN101565,USER2850,290.57,P2P,17,Android,Same City,0,3771,4,Biometric,0
TXN101566,USER3480,1198.97,Recharge,7,iOS,Different City,1,3863,4,Auto Debit,0
TXN101567,USER1861,2470.81,P2P,16,Android,Same City,1,2872,6,Biometric,0
TXN101568,USER3304,50.5,Bill Payment,19,Android,Same City,0,1106,5,UPI PIN,0
TXN101569,USER3904,2521.1,Recharge,13,iOS,Same City,0,270,4,UPI PIN,1
TXN101570,USER1510,4352.61,Bill Payment,18,Web,Different City,0,2585,3,Auto Debit,0
TXN101571,USER2980,4841.5,P2P,22,Android,Same City,0,3462,2,UPI PIN,1
TXN101572,USER2459,4998.71,Merchant,22,Web,Same City,1,1878,2,Biometric,1
TXN101573,USER2070,2007.18,Merchant,3,Android,Same City,0,2316,3,UPI PIN,1
TXN101574,USER3455,364.31,Recharge,5,iOS,Same City,0,1049,1,UPI PIN,0
TXN101575,USER2807,1913.27,Merchant,21,Android,Same City,0,469,2,Biometric,0
TXN101576,USER1425,2285.32,Merchant,20,Android,Same City,0,1096,4,Biometric,0
TXN101577,USER4768,7628.11,Merchant,22,Android,Same City,0,800,1,Biometric,0
TXN101578,USER4167,3253.9,Recharge,8,Android,Same City,1,2490,2,UPI PIN,1
TXN101579,USER2961,4278.22,Merchant,18,Android,Different City,0,941,0,UPI PIN,0
TXN101580,USER1961,1892.28,Merchant,15,iOS,Different City,0,1657,1,UPI PIN,0
TXN101581,USER4812,1811.89,Bill Payment,7,iOS,Different City,0,1849,4,Biometric,0
TXN101582,USER4567,6539.41,Bill Payment,16,Android,Same City,0,2651,4,Auto Debit,0
TXN101583,USER2109,4366.45,Merchant,9,Android,Same City,0,696,2,UPI PIN,0
TXN101584,USER1946,2064.88,Bill Payment,21,Android,Different City,0,3024,2,UPI PIN,1
TXN101585,USER3570,230.39,P2P,7,Android,Same City,0,1765,3,Biometric,0
TXN101586,USER4602,1294.94,P2P,3,iOS,Same City,1,983,5,Auto Debit,0
TXN101587,USER1301,83.99,P2P,23,iOS,Different State,0,3072,1,UPI PIN,0
TXN101588,USER1124,2809.68,Recharge,21,Android,Same City,1,3290,2,Biometric,0
TXN101589,USER4259,106.69,P2P,0,Android,Same City,0,282,3,Biometric,0
TXN101590,USER2819,7228.07,Merchant,5,Android,Same City,0,1437,0,UPI PIN,0
TXN101591,USER3254,1968.15,Merchant,0,Android,Same City,1,874,5,UPI PIN,1
TXN101592,USER4001,741.76,Recharge,0,Android,Different State,0,3212,4,UPI PIN,0
TXN101593,USER2154,3571.03,Bill Payment,3,Android,Same City,0,2993,5,UPI PIN,1
TXN101594,USER1217,741.78,Merchant,1,Android,Different City,0,3962,3,UPI PIN,0
TXN101595,USER4904,2854.93,Bill Payment,16,Android,Same City,1,2901,5,UPI PIN,0
TXN101596,USER2088,792.9,P2P,0,Android,Same City,0,1164,4,Auto Debit,0
TXN101597,USER1240,1450.56,Merchant,7,iOS,Same City,0,639,3,Biometric,0
TXN101598,USER3479,1489.36,Bill Payment,23,iOS,Same City,0,2598,2,Biometric,0
TXN101599,USER3580,8842.14,Merchant,1,iOS,Same City,2,3973,1,UPI PIN,1
TXN101600,USER2422,3171.9,Recharge,14,Android,Same City,0,1076,9,UPI PIN,0
TXN101601,USER2498,4591.07,Recharge,4,Android,Different State,0,3301,3,UPI PIN,0
TXN101602,USER4003,809.06,Merchant,11,Web,Same City,1,1224,3,Biometric,0
TXN101603,USER3522,2844.34,Bill Payment,6,Android,Same City,0,3445,1,Biometric,0
TXN101604,USER4221,997.62,Merchant,7,iOS,Same City,0,2296,6,Biometric,0
TXN101605,USER4540,4211.65,Recharge,7,iOS,Same City,1,1831,2,Auto Debit,0
TXN101606,USER1426,9.81,Bill Payment,21,Android,Same City,0,1524,0,UPI PIN,0
TXN101607,USER2363,4419.83,Merchant,21,Android,Same City,0,383,3,Biometric,0
TXN101608,USER2934,4630.35,Merchant,7,Android,Same City,0,492,3,UPI PIN,1
TXN101609,USER2897,334.01,Recharge,22,Android,Same City,0,1357,3,UPI PIN,0
TXN101610,USER2804,4549.35,Bill Payment,6,iOS,Same City,0,293,2,UPI PIN,1
TXN101611,USER3427,989.23,Merchant,0,Android,Same City,0,240,4,UPI PIN,1
TXN101612,USER1865,3110.53,Bill Payment,14,Android,Same City,0,2012,3,UPI PIN,0
TXN101613,USER2142,8125.77,Merchant,9,iOS,Same City,1,3887,4,UPI PIN,0
TXN101614,USER3149,3419.04,P2P,8,iOS,Same City,0,589,5,Biometric,0
TXN101615,USER2147,41.49,Recharge,2,iOS,Same City,0,798,4,Auto Debit,0
TXN101616,USER3780,2409.16,Merchant,22,Android,Same City,0,779,0,UPI PIN,0
TXN101617,USER2280,7278.74,Recharge,20,iOS,Same City,0,494,0,UPI PIN,1
TXN101618,USER4247,1178.57,P2P,3,iOS,Same City,0,2558,5,Biometric,0
TXN101619,USER2708,4495.17,Recharge,15,Android,Same City,1,1136,3,UPI PIN,1
TXN101620,USER1202,1816.78,Merchant,8,iOS,Same City,0,3077,4,UPI PIN,0
TXN101621,USER2153,424.31,P2P,5,Android,Same City,1,3933,1,UPI PIN,0
TXN101622,USER4693,3056.42,Merchant,8,iOS,Same City,0,3148,5,UPI PIN,0
TXN101623,USER2232,206.98,Merchant,9,Android,Same City,2,2969,2,UPI PIN,0
TXN101624,USER2958,166.92,Merchant,17,Android,Same City,0,2392,0,UPI PIN,0
TXN101625,USER2705,531.16,Merchant,4,Android,Same City,2,1428,4,Auto Debit,0
TXN101626,USER2903,661.6,P2P,16,Android,Same City,0,1866,1,Auto Debit,1
TXN101627,USER2042,814.0,P2P,6,Android,Same City,0,3930,3,UPI PIN,0
TXN101628,USER2281,3273.32,Merchant,16,Android,Same City,1,2095,5,UPI PIN,0
TXN101629,USER3223,1006.7,Recharge,18,iOS,Same City,1,2875,3,UPI PIN,1
TXN101630,USER1835,3624.2,Recharge,16,Android,Same City,1,1775,5,UPI PIN,0
TXN101631,USER4577,1707.71,Merchant,11,Android,Same City,0,1628,4,UPI PIN,0
TXN101632,USER2178,736.87,Merchant,19,Android,Same City,0,3915,3,Biometric,0
TXN101633,USER1866,974.78,Recharge,5,Android,Same City,1,3506,11,UPI PIN,0
TXN101634,USER3358,1987.05,Recharge,5,Android,Different City,0,3712,0,Auto Debit,0
TXN101635,USER2248,136.53,P2P,11,Web,Same City,0,1969,0,UPI PIN,0
TXN101636,USER3817,8.93,P2P,16,Android,Same City,0,3519,3,UPI PIN,0
TXN101637,USER1448,609.29,Recharge,18,iOS,Different City,1,3366,5,UPI PIN,0
TXN101638,USER3124,4490.87,Merchant,23,iOS,Same City,0,1296,4,Biometric,1
TXN101639,USER3095,1372.56,Recharge,23,Android,Different City,0,508,3,UPI PIN,0
TXN101640,USER2463,278.35,P2P,16,Android,Same City,1,2479,1,UPI PIN,0
TXN101641,USER4231,311.38,Bill Payment,0,Android,Different City,0,1755,1,UPI PIN,0
TXN101642,USER3308,172.1,Merchant,23,Android,Same City,1,2695,3,UPI PIN,0
TXN101643,USER4677,2005.6,Recharge,3,Android,Different City,0,3998,2,UPI PIN,0
TXN101644,USER4117,924.57,Bill Payment,8,Android,Same City,0,2147,2,UPI PIN,0
TXN101645,USER1270,2373.24,Bill Payment,18,Android,Same City,1,102,3,UPI PIN,1
TXN101646,USER1844,429.36,P2P,5,Android,Same City,0,3388,1,Auto Debit,0
TXN101647,USER1647,3885.3,Merchant,20,Android,Different City,0,166,3,UPI PIN,0
TXN101648,USER3673,2122.5,Merchant,10,Android,Same City,1,1632,4,UPI PIN,0
TXN101649,USER1030,986.4,Bill Payment,18,iOS,Same City,0,2751,3,UPI PIN,0
TXN101650,USER4944,2171.74,Recharge,18,Android,Different City,1,3344,2,Biometric,0
TXN101651,USER3040,130.46,Bill Payment,1,iOS,Same City,0,1594,0,Biometric,0
TXN101652,USER4697,1341.3,Merchant,13,iOS,Different State,0,3242,0,UPI PIN,0
TXN101653,USER3250,348.33,Bill Payment,0,Android,Same City,0,2740,2,UPI PIN,0
TXN101654,USER4215,3655.71,P2P,21,iOS,Same City,0,2435,1,Biometric,0
TXN101655,USER3672,3835.32,Recharge,5,Android,Same City,0,1849,1,UPI PIN,0
TXN101656,USER2907,787.65,Recharge,0,iOS,Different State,1,2787,5,UPI PIN,0
TXN101657,USER1369,2596.13,Recharge,19,Android,Different State,2,413,3,Biometric,1
TXN101658,USER2489,4305.68,P2P,5,Android,Same City,0,1661,2,UPI PIN,0
TXN101659,USER1580,1463.3,Bill Payment,1,Android,Different State,0,2146,5,UPI PIN,0
TXN101660,USER2908,1274.37,Merchant,20,Android,Same City,1,1230,2,UPI PIN,1
TXN101661,USER4028,268.09,Merchant,8,Android,Same City,0,953,5,UPI PIN,0
TXN101662,USER4164,2868.67,P2P,22,Web,Different State,0,47,1,UPI PIN,0
TXN101663,USER4997,2774.07,Recharge,7,Android,Different City,1,3487,3,UPI PIN,0
TXN101664,USER3707,506.97,Recharge,10,iOS,Same City,0,2584,3,UPI PIN,0
TXN101665,USER4430,1887.34,P2P,1,Android,Same City,0,2017,3,UPI PIN,0
TXN101666,USER1949,5168.74,Merchant,12,Android,Same City,0,1035,7,UPI PIN,0
TXN101667,USER2444,76.52,Merchant,18,iOS,Different State,0,2876,2,Auto Debit,0
TXN101668,USER3347,903.66,Recharge,6,Android,Same City,1,1419,2,UPI PIN,0
TXN101669,USER1292,3584.1,Merchant,0,iOS,Different State,0,653,2,UPI PIN,1
TXN101670,USER4764,816.99,P2P,13,iOS,Same City,1,538,3,UPI PIN,0
TXN101671,USER3274,431.72,Merchant,14,iOS,Different State,0,2248,2,UPI PIN,0
TXN101672,USER2978,7970.31,P2P,17,Android,Same City,1,1205,3,Biometric,0
TXN101673,USER4957,3625.31,P2P,11,Android,Same City,0,2058,2,UPI PIN,0
TXN101674,USER2086,6860.56,Recharge,20,Android,Different State,0,1461,3,UPI PIN,0
TXN101675,USER3553,4059.26,P2P,11,Android,Different State,1,2446,6,Auto Debit,0
TXN101676,USER1588,999.22,P2P,0,iOS,Same City,0,707,4,UPI PIN,1
TXN101677,USER4679,2941.98,Merchant,17,Android,Same City,0,2510,1,UPI PIN,0
TXN101678,USER1909,2633.47,Recharge,1,iOS,Same City,0,1543,4,Auto Debit,1
TXN101679,USER3842,1854.95,P2P,9,Android,Same City,0,604,2,UPI PIN,0
TXN101680,USER3245,341.24,P2P,2,Android,Same City,0,2380,3,UPI PIN,0
TXN101681,USER2695,1475.0,Recharge,18,Android,Same City,0,445,2,UPI PIN,0
TXN101682,USER3383,2800.76,Recharge,1,Android,Same City,0,3090,4,Auto Debit,0
TXN101683,USER2790,5204.06,P2P,17,Android,Same City,0,1131,2,Biometric,1
TXN101684,USER1586,350.38,Bill Payment,14,iOS,Same City,1,1315,3,UPI PIN,0
TXN101685,USER4601,1251.45,P2P,4,Android,Same City,0,2562,8,Auto Debit,0
TXN101686,USER1620,114.51,Bill Payment,4,Android,Different State,0,1597,1,UPI PIN,1
TXN101687,USER1137,1425.46,Merchant,1,Android,Same City,0,1514,3,UPI PIN,0
TXN101688,USER3792,847.81,Bill Payment,22,iOS,Same City,0,3968,2,UPI PIN,0
TXN101689,USER1503,1888.58,P2P,23,Android,Same City,0,194,3,UPI PIN,0
TXN101690,USER4969,1100.44,Merchant,9,Android,Different City,0,2657,5,Biometric,0
TXN101691,USER1208,2775.85,Bill Payment,23,iOS,Same City,1,621,5,Auto Debit,0
TXN101692,USER1173,3501.93,P2P,15,iOS,Same City,0,134,4,UPI PIN,0
TXN101693,USER4842,1251.14,P2P,1,Android,Different City,1,1893,2,UPI PIN,1
TXN101694,USER3417,4367.7,Recharge,4,Android,Same City,1,665,3,Biometric,0
TXN101695,USER3198,1836.83,Bill Payment,19,iOS,Same City,0,124,5,UPI PIN,1
TXN101696,USER2987,2338.55,Bill Payment,3,iOS,Different City,0,3469,0,UPI PIN,0
TXN101697,USER1460,2963.08,Bill Payment,2,Android,Same City,1,2367,4,UPI PIN,0
TXN101698,USER4817,3411.99,Bill Payment,17,Android,Same City,0,61,2,UPI PIN,0
TXN101699,USER1525,1631.98,Merchant,6,Android,Same City,0,3739,6,UPI PIN,1
TXN101700,USER2865,143.37,Merchant,0,Android,Same City,0,2356,4,UPI PIN,0
TXN101701,USER2053,1006.64,Bill Payment,23,Android,Same City,0,3599,3,UPI PIN,0
TXN101702,USER2991,1657.94,Bill Payment,3,Android,Different City,0,152,3,UPI PIN,0
TXN101703,USER2809,322.86,Recharge,18,iOS,Different City,0,119,2,UPI PIN,0
TXN101704,USER1115,3268.14,Bill Payment,4,iOS,Different State,0,852,5,UPI PIN,0
TXN101705,USER4450,1999.55,Recharge,3,iOS,Different City,0,3636,1,UPI PIN,1
TXN101706,USER3343,1150.86,P2P,11,iOS,Same City,0,3330,5,UPI PIN,0
TXN101707,USER4156,3025.16,Recharge,17,Android,Same City,0,1821,6,Biometric,1
TXN101708,USER1202,2933.14,Recharge,1,Android,Same City,0,760,2,UPI PIN,1
TXN101709,USER1751,1056.13,Bill Payment,15,Android,Same City,0,1526,3,Biometric,0
TXN101710,USER3907,3402.95,P2P,11,iOS,Different City,0,423,1,Biometric,1
TXN101711,USER4639,7016.76,Merchant,4,Android,Same City,0,2287,1,UPI PIN,0
TXN101712,USER1767,1814.68,P2P,8,Android,Different City,0,196,0,UPI PIN,1
TXN101713,USER2735,1033.73,Merchant,13,Android,Same City,0,3786,5,Auto Debit,0
TXN101714,USER4470,1972.95,Bill Payment,5,iOS,Same City,1,2808,5,Auto Debit,1
TXN101715,USER1101,3596.8,P2P,6,Android,Same City,0,3783,5,Biometric,0
TXN101716,USER1094,1446.85,Bill Payment,7,Web,Same City,1,3600,5,UPI PIN,1
TXN101717,USER4087,1700.17,Merchant,22,iOS,Same City,0,2349,1,Auto Debit,0
TXN101718,USER2339,61.43,Recharge,0,Android,Different State,0,3493,1,Biometric,0
TXN101719,USER4231,3838.3,Merchant,14,Android,Same City,0,2680,2,Biometric,0
TXN101720,USER4119,226.6,Recharge,21,Android,Same City,0,3601,3,UPI PIN,0
TXN101721,USER1533,2714.04,Bill Payment,19,Android,Same City,0,2539,0,UPI PIN,0
TXN101722,USER3066,2395.83,P2P,4,Android,Same City,0,2770,1,UPI PIN,1
TXN101723,USER3809,6335.66,P2P,0,Android,Same City,0,912,5,UPI PIN,0
TXN101724,USER1431,478.33,P2P,17,Web,Different State,0,493,1,UPI PIN,0
TXN101725,USER3491,273.85,Recharge,20,iOS,Same City,0,1984,4,UPI PIN,0
TXN101726,USER4656,203.68,P2P,3,Android,Same City,0,1747,3,UPI PIN,0
TXN101727,USER4839,342.52,Bill Payment,16,Android,Same City,0,2521,2,Biometric,0
TXN101728,USER3089,82.2,P2P,19,Android,Different City,0,2681,4,UPI PIN,0
TXN101729,USER2476,920.21,P2P,7,Android,Same City,0,3869,3,UPI PIN,0
TXN101730,USER3062,451.02,Merchant,11,Android,Same City,1,148,6,Biometric,0
TXN101731,USER4121,1565.81,Recharge,6,iOS,Same City,0,349,7,UPI PIN,0
TXN101732,USER2542,474.25,Merchant,7,Android,Same City,0,484,2,Biometric,1
TXN101733,USER1122,387.89,P2P,6,Android,Same City,0,3173,6,UPI PIN,0
TXN101734,USER3287,1101.35,Merchant,19,Web,Different City,0,3519,2,UPI PIN,0
TXN101735,USER1888,96.09,Merchant,5,Android,Different City,0,2477,3,UPI PIN,0
TXN101736,USER1128,72.74,Merchant,8,iOS,Same City,0,3645,4,UPI PIN,0
TXN101737,USER1649,2697.89,Merchant,3,Android,Same City,0,3244,5,UPI PIN,1
TXN101738,USER2955,10337.92,Bill Payment,23,Android,Same City,2,2303,7,Auto Debit,1
TXN101739,USER3416,4158.71,Merchant,23,Android,Same City,0,3849,3,UPI PIN,0
TXN101740,USER4547,500.68,P2P,19,Web,Same City,1,1845,3,Biometric,0
TXN101741,USER4783,9163.61,Bill Payment,11,Android,Same City,0,453,6,UPI PIN,1
TXN101742,USER4049,3242.54,Merchant,1,Android,Same City,1,1585,2,UPI PIN,1
TXN101743,USER2112,118.83,Merchant,6,Web,Same City,0,1906,6,UPI PIN,0
TXN101744,USER4867,2286.78,Bill Payment,17,Android,Same City,0,2363,6,UPI PIN,1
TXN101745,USER4351,880.41,Merchant,18,Android,Same City,0,1372,3,UPI PIN,0
TXN101746,USER1915,3363.01,P2P,1,iOS,Same City,0,3282,4,Biometric,0
TXN101747,USER2658,1329.85,Merchant,18,Android,Same City,0,2660,5,UPI PIN,1
TXN101748,USER1444,551.27,Bill Payment,6,iOS,Same City,1,2787,6,UPI PIN,0
TXN101749,USER1752,2763.53,Merchant,18,Web,Same City,1,1879,5,Biometric,1
TXN101750,USER1231,799.92,Recharge,1,Android,Different State,1,3027,2,Auto Debit,0
TXN101751,USER2329,1845.08,P2P,17,Android,Different City,0,2956,3,UPI PIN,0
TXN101752,USER3991,919.61,Bill Payment,1,Android,Different City,1,315,4,UPI PIN,1
TXN101753,USER4971,819.28,Recharge,14,iOS,Same City,0,727,4,Biometric,0
TXN101754,USER3630,7217.42,Merchant,12,Android,Same City,0,1884,3,UPI PIN,0
TXN101755,USER3416,3409.03,P2P,13,iOS,Same City,0,3003,2,Biometric,0
TXN101756,USER1773,3812.32,Recharge,23,Android,Same City,0,2538,4,UPI PIN,1
TXN101757,USER3472,107.55,P2P,7,iOS,Same City,0,559,3,Biometric,0
TXN101758,USER1538,7151.74,Recharge,2,Android,Same City,0,2393,1,Biometric,1
TXN101759,USER1369,1044.7,Merchant,9,Android,Same City,0,2779,4,UPI PIN,0
TXN101760,USER1936,6396.62,Bill Payment,15,Android,Same City,1,2014,0,UPI PIN,1
TXN101761,USER1260,144.65,Bill Payment,18,Android,Same City,0,433,3,Auto Debit,0
TXN101762,USER4277,1486.54,Recharge,4,Android,Same City,0,459,3,Auto Debit,0
TXN101763,USER4791,1855.11,Recharge,15,iOS,Different City,0,972,6,UPI PIN,0
TXN101764,USER1809,2883.51,P2P,23,Android,Same City,0,3318,0,UPI PIN,1
TXN101765,USER2010,1179.91,Bill Payment,11,Android,Same City,0,3455,4,UPI PIN,0
TXN101766,USER4790,1101.28,Bill Payment,15,Android,Different City,0,3634,3,UPI PIN,1
TXN101767,USER2707,2296.1,Bill Payment,8,Android,Same City,1,1784,4,UPI PIN,0
TXN101768,USER4045,1408.46,Merchant,16,Android,Same City,1,3924,4,Biometric,1
TXN101769,USER3247,2735.21,Bill Payment,13,iOS,Different State,0,2135,3,UPI PIN,0
TXN101770,USER1459,2032.65,Recharge,16,Android,Same City,0,3553,5,UPI PIN,1
TXN101771,USER3156,1846.77,Recharge,15,Android,Same City,0,518,3,UPI PIN,0
TXN101772,USER4257,2000.29,Bill Payment,22,iOS,Same City,0,2768,0,UPI PIN,0
TXN101773,USER1197,2394.24,Bill Payment,10,Android,Same City,0,3507,3,UPI PIN,1
TXN101774,USER3199,5511.93,P2P,1,Android,Same City,0,3318,0,UPI PIN,1
TXN101775,USER2104,8.52,Merchant,18,Android,Same City,0,1416,5,UPI PIN,0
TXN101776,USER1567,3767.73,Bill Payment,5,Android,Same City,0,3619,2,UPI PIN,1
TXN101777,USER3798,2661.04,Merchant,5,Android,Different City,1,2178,2,Biometric,0
TXN101778,USER2513,1297.52,Bill Payment,11,Android,Same City,1,3801,1,UPI PIN,0
TXN101779,USER1970,5116.97,Recharge,10,iOS,Same City,0,3127,4,Biometric,0
TXN101780,USER3435,500.65,P2P,2,Android,Same City,0,2544,1,UPI PIN,0
TXN101781,USER1176,1498.55,Bill Payment,13,Android,Same City,0,3043,5,UPI PIN,0
TXN101782,USER3274,312.0,P2P,14,Android,Same City,1,1524,3,Auto Debit,0
TXN101783,USER4199,660.61,Merchant,3,iOS,Same City,0,2036,0,UPI PIN,0
TXN101784,USER3347,77.6,P2P,0,Android,Same City,0,298,4,UPI PIN,0
TXN101785,USER4690,1757.4,Recharge,6,iOS,Same City,1,2030,4,UPI PIN,1
TXN101786,USER4329,576.08,P2P,10,iOS,Same City,1,1353,1,UPI PIN,1
TXN101787,USER3611,4743.91,Bill Payment,22,Android,Same City,0,1583,3,Biometric,1
TXN101788,USER1711,107.0,Merchant,12,iOS,Same City,0,2464,3,UPI PIN,0
TXN101789,USER2834,3439.09,P2P,22,Android,Same City,0,840,4,Auto Debit,1
TXN101790,USER2023,968.36,P2P,22,Android,Same City,0,1524,3,UPI PIN,0
TXN101791,USER2552,7421.58,Recharge,22,Android,Same City,1,578,6,UPI PIN,0
TXN101792,USER3868,4135.02,P2P,20,Android,Same City,0,3628,1,UPI PIN,1
TXN101793,USER2772,1250.25,Bill Payment,21,iOS,Same City,0,1634,1,UPI PIN,0
TXN101794,USER4210,529.49,Bill Payment,20,Android,Same City,0,1369,5,UPI PIN,1
TXN101795,USER4466,2435.41,Recharge,12,iOS,Same City,1,791,2,Biometric,1
TXN101796,USER1505,972.73,Recharge,21,Android,Same City,0,1679,6,UPI PIN,0
TXN101797,USER3226,134.59,Bill Payment,10,Android,Different City,0,3459,5,UPI PIN,0
TXN101798,USER4087,1654.46,P2P,21,Android,Same City,0,1049,3,UPI PIN,0
TXN101799,USER3982,23.55,Recharge,20,Android,Same City,1,2664,6,Biometric,0
TXN101800,USER1118,796.72,Recharge,15,iOS,Same City,0,2852,0,UPI PIN,0
TXN101801,USER1227,10294.66,Recharge,0,Android,Same City,0,878,2,UPI PIN,0
TXN101802,USER1317,4023.09,Merchant,22,Android,Same City,0,1252,2,Auto Debit,0
TXN101803,USER1505,449.02,Merchant,23,iOS,Same City,0,430,1,UPI PIN,0
TXN101804,USER3479,193.04,Merchant,11,iOS,Same City,0,1052,4,UPI PIN,0
TXN101805,USER2126,915.77,Recharge,10,Android,Same City,0,3988,2,UPI PIN,0
TXN101806,USER2685,740.64,Recharge,12,Android,Same City,0,3256,3,Biometric,0
TXN101807,USER4561,1962.13,Merchant,3,Android,Same City,0,1186,0,UPI PIN,0
TXN101808,USER2220,930.32,Merchant,22,Android,Same City,0,1124,2,UPI PIN,0
TXN101809,USER1083,266.35,Recharge,18,Android,Same City,0,130,4,UPI PIN,0
TXN101810,USER1066,473.94,Merchant,2,iOS,Same City,0,162,2,UPI PIN,0
TXN101811,USER4305,3261.6,P2P,7,Android,Same City,1,1697,2,UPI PIN,1
TXN101812,USER3914,3927.45,Merchant,22,Android,Different City,0,749,1,Biometric,0
TXN101813,USER2309,6863.4,Recharge,21,Android,Same City,1,2053,3,Biometric,0
TXN101814,USER4487,266.26,P2P,2,Android,Different State,0,3676,1,UPI PIN,0
TXN101815,USER4122,3125.46,Bill Payment,23,Android,Same City,2,2267,3,Biometric,1
TXN101816,USER3980,92.75,Bill Payment,21,Android,Same City,0,2206,2,UPI PIN,0
TXN101817,USER4968,893.5,Bill Payment,22,Android,Same City,1,3234,1,Biometric,0
TXN101818,USER1750,2023.52,Merchant,22,Android,Same City,0,816,2,UPI PIN,0
TXN101819,USER1904,2361.94,Recharge,5,Android,Different City,0,3206,1,UPI PIN,0
TXN101820,USER2954,1996.08,P2P,23,iOS,Different State,0,2692,4,UPI PIN,1
TXN101821,USER1163,1533.93,Bill Payment,18,Android,Same City,0,502,4,UPI PIN,0
TXN101822,USER4858,2985.26,P2P,1,Android,Different State,1,3102,4,Biometric,0
TXN101823,USER3976,1296.34,Recharge,20,Android,Same City,0,634,4,UPI PIN,1
TXN101824,USER2657,2412.86,P2P,10,Web,Different City,0,627,2,UPI PIN,1
TXN101825,USER4329,986.92,Recharge,17,Web,Same City,1,1182,4,UPI PIN,0
TXN101826,USER2372,2225.03,Merchant,15,Android,Same City,0,3929,3,UPI PIN,1
TXN101827,USER2339,107.63,Bill Payment,9,iOS,Different City,0,1176,1,UPI PIN,0
TXN101828,USER4909,1202.76,Recharge,21,Web,Same City,0,3418,3,UPI PIN,1
TXN101829,USER2696,1650.07,P2P,7,iOS,Same City,0,2762,5,UPI PIN,0
TXN101830,USER2179,1162.55,Recharge,14,Android,Same City,0,1391,3,UPI PIN,0
TXN101831,USER2510,324.97,Merchant,13,Android,Same City,1,3060,2,UPI PIN,0
TXN101832,USER4410,3725.65,Merchant,17,Android,Same City,0,724,4,UPI PIN,0
TXN101833,USER3389,738.09,Bill Payment,16,iOS,Same City,0,2872,2,UPI PIN,0
TXN101834,USER1412,105.29,P2P,10,Android,Same City,0,3016,4,UPI PIN,0
TXN101835,USER4083,935.38,Merchant,22,iOS,Same City,0,2148,3,UPI PIN,0
TXN101836,USER1899,0.6,Merchant,11,iOS,Same City,0,1845,2,UPI PIN,0
TXN101837,USER2572,1520.02,Bill Payment,2,Android,Same City,1,3436,4,UPI PIN,1
TXN101838,USER2401,1631.38,Bill Payment,7,Android,Same City,0,3147,5,UPI PIN,0
TXN101839,USER4379,2630.47,Merchant,3,Android,Different City,1,767,4,Auto Debit,1
TXN101840,USER3994,3792.94,Bill Payment,23,Android,Same City,0,3029,4,UPI PIN,1
TXN101841,USER4553,514.19,P2P,8,Android,Same City,0,1181,4,Auto Debit,0
TXN101842,USER1284,8080.2,P2P,17,Android,Same City,1,2641,2,Biometric,0
TXN101843,USER1752,2617.14,Merchant,4,Web,Same City,1,3827,4,UPI PIN,0
TXN101844,USER3841,488.69,P2P,5,Android,Same City,1,1795,1,Auto Debit,0
TXN101845,USER4770,1111.14,P2P,12,Android,Same City,0,2614,2,UPI PIN,0
TXN101846,USER2793,649.64,Merchant,12,Android,Different City,0,1480,6,UPI PIN,0
TXN101847,USER1680,5571.03,Bill Payment,6,iOS,Same City,1,1049,4,UPI PIN,0
TXN101848,USER1819,478.19,Merchant,18,iOS,Same City,1,1131,1,Biometric,0
TXN101849,USER3369,1374.6,Bill Payment,23,iOS,Same City,0,807,4,UPI PIN,0
TXN101850,USER3473,109.85,Bill Payment,17,Android,Same City,1,349,2,UPI PIN,0
TXN101851,USER2656,3144.77,Bill Payment,3,Android,Different State,0,1152,3,UPI PIN,1
TXN101852,USER4709,2594.61,Recharge,18,Android,Same City,0,2816,1,UPI PIN,0
TXN101853,USER3940,3215.74,Bill Payment,16,Android,Same City,0,1836,2,UPI PIN,0
TXN101854,USER3927,1486.12,P2P,11,Android,Same City,1,3781,4,UPI PIN,0
TXN101855,USER2798,2112.87,P2P,9,Android,Same City,0,3671,2,Auto Debit,0
TXN101856,USER1693,787.56,Merchant,21,Android,Same City,0,3488,2,Auto Debit,0
TXN101857,USER4057,68.39,Recharge,1,iOS,Same City,0,1183,1,UPI PIN,0
TXN101858,USER1246,3629.18,Merchant,21,Android,Same City,0,298,2,Biometric,0
TXN101859,USER4560,577.16,P2P,1,Android,Same City,0,1104,2,Biometric,0
TXN101860,USER4132,584.31,Recharge,20,Android,Same City,0,1738,1,UPI PIN,0
TXN101861,USER1999,2817.58,P2P,1,Android,Same City,0,3214,2,UPI PIN,0
TXN101862,USER1862,2155.64,Recharge,7,Android,Different City,0,2100,3,UPI PIN,0
TXN101863,USER2189,110.87,P2P,12,Android,Same City,0,448,3,Biometric,0
TXN101864,USER1714,3250.75,P2P,7,Android,Same City,0,3815,2,UPI PIN,0
TXN101865,USER3363,3195.79,Bill Payment,2,Android,Same City,0,2481,2,Auto Debit,1
TXN101866,USER1250,1520.37,Bill Payment,2,Android,Different City,1,2859,4,UPI PIN,0
TXN101867,USER1252,4573.81,Merchant,1,iOS,Different City,1,812,2,UPI PIN,0
TXN101868,USER2542,1803.2,Merchant,14,iOS,Different City,2,1321,0,UPI PIN,0
TXN101869,USER4131,2326.4,Bill Payment,5,Android,Same City,0,3669,5,Auto Debit,0
TXN101870,USER4785,4684.35,Recharge,10,iOS,Same City,0,367,2,UPI PIN,0
TXN101871,USER4433,545.03,Recharge,19,Android,Same City,0,3339,4,UPI PIN,0
TXN101872,USER4955,30.02,Bill Payment,22,iOS,Same City,0,2739,2,UPI PIN,0
TXN101873,USER4158,2934.2,Bill Payment,6,Android,Same City,0,3982,3,UPI PIN,0
TXN101874,USER2576,7873.58,Merchant,1,Android,Same City,0,3368,2,Biometric,1
TXN101875,USER4826,4725.38,Merchant,20,iOS,Different State,0,876,2,Biometric,1
TXN101876,USER4775,1120.11,P2P,2,iOS,Same City,0,3032,5,Biometric,0
TXN101877,USER3140,280.45,Recharge,8,iOS,Same City,1,1841,2,Biometric,0
TXN101878,USER1127,286.47,P2P,9,Android,Same City,1,1104,8,UPI PIN,1
TXN101879,USER4586,3424.01,Bill Payment,11,Android,Same City,0,3121,11,UPI PIN,0
TXN101880,USER4320,2949.47,P2P,23,Android,Different City,0,3234,2,UPI PIN,1
TXN101881,USER3350,820.38,Bill Payment,8,Android,Same City,1,1431,1,UPI PIN,0
TXN101882,USER2427,281.83,Recharge,21,iOS,Different State,1,2258,8,UPI PIN,0
TXN101883,USER3088,984.49,Bill Payment,3,Android,Same City,0,321,4,Auto Debit,0
TXN101884,USER3688,231.57,P2P,2,Android,Same City,0,48,0,UPI PIN,0
TXN101885,USER2008,1699.82,Bill Payment,9,Android,Same City,1,3749,2,UPI PIN,0
TXN101886,USER4816,1003.25,Merchant,19,iOS,Different City,0,959,2,UPI PIN,0
TXN101887,USER1530,311.98,Merchant,18,Android,Same City,1,3889,1,Auto Debit,0
TXN101888,USER2873,100.78,P2P,13,Android,Same City,0,3733,1,Biometric,0
TXN101889,USER2944,2270.79,P2P,0,iOS,Different City,0,3393,4,UPI PIN,0
TXN101890,USER3733,169.14,Bill Payment,6,iOS,Same City,0,875,8,Auto Debit,0
TXN101891,USER2928,148.47,Bill Payment,5,Android,Same City,0,1345,1,UPI PIN,0
TXN101892,USER2710,4247.99,P2P,15,iOS,Different City,0,3367,1,UPI PIN,0
TXN101893,USER1661,2626.02,Recharge,13,iOS,Same City,0,2559,0,Auto Debit,0
TXN101894,USER4041,6865.53,Bill Payment,10,Android,Same City,0,3904,5,UPI PIN,1
TXN101895,USER4844,193.98,Bill Payment,15,iOS,Same City,0,1438,5,UPI PIN,0
TXN101896,USER1492,1060.88,P2P,7,iOS,Different State,1,3723,4,Biometric,1
TXN101897,USER3894,1313.49,Recharge,1,Android,Different City,0,3748,2,Auto Debit,0
TXN101898,USER4099,6869.5,Merchant,9,Android,Different City,0,762,3,UPI PIN,1
TXN101899,USER3465,584.25,Recharge,14,Android,Same City,1,55,0,Auto Debit,0
TXN101900,USER1743,143.04,Merchant,18,Android,Same City,0,436,4,Auto Debit,0
TXN101901,USER1448,219.34,Recharge,19,iOS,Different City,0,212,3,Biometric,0
TXN101902,USER2635,1984.48,Merchant,2,iOS,Same City,3,2692,2,UPI PIN,0
TXN101903,USER1469,6414.14,Merchant,13,Android,Same City,0,1563,2,UPI PIN,0
TXN101904,USER4621,1705.7,P2P,11,Android,Same City,0,3303,3,UPI PIN,0
TXN101905,USER1471,2126.39,Merchant,3,Android,Different City,0,217,1,UPI PIN,0
TXN101906,USER3239,4381.87,Recharge,3,iOS,Same City,0,2374,2,UPI PIN,0
TXN101907,USER1109,3425.67,Bill Payment,13,iOS,Different City,0,3986,1,UPI PIN,1
TXN101908,USER2649,40.61,P2P,5,Android,Same City,0,2480,5,UPI PIN,0
TXN101909,USER2185,2932.85,Merchant,18,Android,Same City,0,3419,4,Biometric,0
TXN101910,USER2750,453.63,P2P,17,iOS,Same City,1,3303,4,UPI PIN,0
TXN101911,USER3749,889.97,P2P,22,Android,Different State,0,686,3,UPI PIN,0
TXN101912,USER3726,5404.12,Merchant,3,Android,Different State,0,1130,1,Biometric,1
TXN101913,USER4501,411.48,Merchant,8,Android,Same City,0,930,4,UPI PIN,0
TXN101914,USER3099,498.23,P2P,21,Android,Same City,1,3164,3,UPI PIN,0
TXN101915,USER3952,166.81,Merchant,19,iOS,Same City,0,2961,3,UPI PIN,0
TXN101916,USER3191,1672.12,Bill Payment,2,Web,Different City,0,1812,2,Auto Debit,1
TXN101917,USER3550,4346.93,Recharge,2,Web,Different City,0,1518,3,UPI PIN,0
TXN101918,USER4249,156.09,Bill Payment,0,Android,Same City,0,3400,2,UPI PIN,0
TXN101919,USER3685,2920.09,Merchant,20,iOS,Same City,1,2578,4,UPI PIN,0
TXN101920,USER3007,826.3,P2P,15,Android,Different City,0,1717,5,UPI PIN,0
TXN101921,USER4666,1634.56,Bill Payment,6,Android,Same City,1,2238,1,UPI PIN,0
TXN101922,USER3822,5872.03,Merchant,9,Android,Same City,0,709,0,Auto Debit,0
TXN101923,USER3454,1815.47,Recharge,16,iOS,Different City,1,426,2,UPI PIN,0
TXN101924,USER1070,1876.72,Bill Payment,9,Android,Different City,0,2524,1,UPI PIN,1
TXN101925,USER1133,2469.88,Bill Payment,0,iOS,Same City,0,761,2,Biometric,0
TXN101926,USER4309,292.67,Recharge,23,Android,Same City,0,2079,2,UPI PIN,0
TXN101927,USER4591,407.1,Merchant,18,Android,Different State,1,3027,0,UPI PIN,1
TXN101928,USER2471,111.27,Recharge,13,iOS,Different City,0,1954,4,UPI PIN,0
TXN101929,USER2856,1462.43,Recharge,12,Android,Different City,0,1939,3,Auto Debit,0
TXN101930,USER2415,1317.02,Merchant,7,Android,Same City,0,62,2,UPI PIN,0
TXN101931,USER2722,2912.33,Bill Payment,2,iOS,Same City,0,2954,2,UPI PIN,0
TXN101932,USER3930,1306.49,Merchant,11,iOS,Same City,0,363,1,Biometric,0
TXN101933,USER4852,596.38,Bill Payment,15,iOS,Same City,0,1607,3,UPI PIN,0
TXN101934,USER3257,3327.53,Bill Payment,21,iOS,Same City,0,1463,2,UPI PIN,1
TXN101935,USER1635,3453.92,Merchant,12,Android,Same City,2,693,3,UPI PIN,0
TXN101936,USER4179,816.39,Bill Payment,2,iOS,Same City,0,2637,1,UPI PIN,0
TXN101937,USER1366,1119.16,Recharge,7,iOS,Same City,0,1060,4,Biometric,0
TXN101938,USER3461,615.94,Bill Payment,2,iOS,Same City,0,3497,3,Biometric,0
TXN101939,USER1620,4715.11,Recharge,11,Android,Same City,0,1364,4,UPI PIN,0
TXN101940,USER2413,3052.71,Merchant,22,Android,Same City,2,3637,4,UPI PIN,0
TXN101941,USER1428,823.32,Bill Payment,12,Android,Same City,0,1655,6,UPI PIN,0
TXN101942,USER2234,3420.01,P2P,2,Android,Same City,0,2692,1,UPI PIN,0
TXN101943,USER4153,802.46,Merchant,6,Android,Different State,1,3031,2,Auto Debit,1
TXN101944,USER1588,3845.24,Merchant,6,Android,Same City,0,708,1,UPI PIN,0
TXN101945,USER2103,920.8,Bill Payment,18,iOS,Same City,1,2964,3,UPI PIN,0
TXN101946,USER3857,3469.87,Merchant,1,Android,Different State,0,3214,5,UPI PIN,0
TXN101947,USER3426,3757.95,P2P,13,Android,Different City,0,973,2,UPI PIN,1
TXN101948,USER1223,262.68,Merchant,5,iOS,Same City,0,2428,1,UPI PIN,0
TXN101949,USER2433,2999.74,Bill Payment,18,Android,Same City,0,1343,0,UPI PIN,0
TXN101950,USER4180,1928.02,Recharge,7,Android,Different City,0,3553,1,Biometric,0
TXN101951,USER1637,4646.71,P2P,9,iOS,Same City,0,1755,0,UPI PIN,0
TXN101952,USER4977,2438.32,Bill Payment,11,Android,Same City,0,2590,4,UPI PIN,1
TXN101953,USER4909,2503.84,Recharge,22,Web,Same City,0,339,1,UPI PIN,0
TXN101954,USER2349,428.47,P2P,7,Android,Different State,0,2346,2,UPI PIN,1
TXN101955,USER3043,1148.13,Merchant,4,iOS,Same City,1,2189,1,Auto Debit,1
TXN101956,USER1018,492.0,P2P,23,Android,Same City,0,3637,7,UPI PIN,0
TXN101957,USER2408,1064.81,Merchant,3,Android,Same City,0,3051,0,UPI PIN,1
TXN101958,USER2136,3533.3,Merchant,9,iOS,Same City,1,995,1,UPI PIN,0
TXN101959,USER3525,731.58,Bill Payment,19,Android,Same City,0,1497,2,UPI PIN,0
TXN101960,USER3237,5783.3,Bill Payment,0,iOS,Different City,0,1562,3,UPI PIN,0
TXN101961,USER4905,1674.96,Bill Payment,15,Android,Different State,1,2713,3,UPI PIN,0
TXN101962,USER4898,9097.29,P2P,5,Android,Same City,0,142,2,Auto Debit,1
TXN101963,USER4955,483.56,Merchant,17,Android,Same City,1,3089,3,Biometric,0
TXN101964,USER1338,969.61,P2P,6,Android,Same City,0,3944,7,UPI PIN,0
TXN101965,USER2072,1090.42,Bill Payment,1,Android,Same City,0,3089,2,UPI PIN,0
TXN101966,USER1867,314.92,P2P,19,Android,Same City,0,127,2,Biometric,0
TXN101967,USER3104,2037.47,Recharge,14,Android,Different City,1,390,0,UPI PIN,1
TXN101968,USER3795,402.33,Recharge,17,iOS,Same City,0,1023,2,Auto Debit,0
TXN101969,USER4853,183.93,P2P,19,iOS,Different City,0,2094,2,UPI PIN,0
TXN101970,USER4441,631.12,P2P,21,Android,Different State,0,3893,3,UPI PIN,1
TXN101971,USER4790,2834.56,Merchant,1,Android,Different City,0,205,3,UPI PIN,0
TXN101972,USER2817,1405.08,P2P,3,Web,Different City,0,3220,2,Biometric,0
TXN101973,USER2219,5126.08,Recharge,17,Android,Different State,0,3096,1,UPI PIN,0
TXN101974,USER2376,226.78,Merchant,16,iOS,Same City,0,3131,0,Auto Debit,0
TXN101975,USER2294,939.85,Bill Payment,14,Android,Same City,0,250,5,UPI PIN,0
TXN101976,USER3744,1754.87,Recharge,23,Android,Same City,1,312,5,UPI PIN,1
TXN101977,USER3591,2409.51,P2P,23,Android,Different City,1,338,3,UPI PIN,1
TXN101978,USER1795,3903.53,Merchant,20,Web,Same City,0,3646,2,UPI PIN,1
TXN101979,USER3552,2215.73,Bill Payment,18,Android,Different City,1,2066,1,UPI PIN,1
TXN101980,USER1877,1197.73,Merchant,0,Android,Same City,0,3492,5,UPI PIN,0
TXN101981,USER2193,341.86,P2P,14,Android,Same City,0,888,3,UPI PIN,0
TXN101982,USER1097,2720.98,P2P,13,iOS,Same City,2,1742,6,UPI PIN,0
TXN101983,USER2159,1945.27,P2P,12,iOS,Same City,0,1543,3,UPI PIN,0
TXN101984,USER4850,4871.77,Recharge,5,iOS,Same City,0,1311,5,Auto Debit,1
TXN101985,USER2896,1927.43,Merchant,23,Android,Same City,0,56,2,UPI PIN,0
TXN101986,USER4225,4379.25,Recharge,16,Android,Different State,0,916,4,Biometric,1
TXN101987,USER1391,2638.29,Merchant,2,iOS,Different City,1,3663,2,UPI PIN,1
TXN101988,USER3146,3221.89,Recharge,23,Android,Same City,0,3290,4,UPI PIN,0
TXN101989,USER2011,4435.87,Bill Payment,20,iOS,Different City,0,2535,2,Auto Debit,0
TXN101990,USER1341,1074.67,P2P,5,iOS,Same City,1,2744,1,UPI PIN,0
TXN101991,USER4703,386.07,Merchant,18,Android,Same City,0,3223,4,UPI PIN,0
TXN101992,USER4719,4528.1,Recharge,4,Web,Same City,1,3286,2,Auto Debit,0
TXN101993,USER4273,37.58,Bill Payment,2,Android,Same City,1,1928,3,Biometric,0
TXN101994,USER4233,18.48,Recharge,19,iOS,Same City,1,1048,7,UPI PIN,0
TXN101995,USER2389,2303.74,Merchant,14,iOS,Same City,0,3638,7,UPI PIN,1
TXN101996,USER1522,337.75,Recharge,13,iOS,Different State,0,3823,4,Biometric,0
TXN101997,USER4370,1899.39,Merchant,4,iOS,Same City,0,3669,3,UPI PIN,1
TXN101998,USER1723,1028.03,Merchant,11,Android,Same City,0,3578,2,UPI PIN,1
TXN101999,USER2164,1003.12,Bill Payment,23,Android,Same City,0,3149,5,UPI PIN,1
TXN102000,USER1180,484.5,Merchant,20,iOS,Same City,0,143,1,Biometric,0
TXN102001,USER4706,993.82,Merchant,5,Android,Same City,0,2968,1,UPI PIN,1
TXN102002,USER3831,635.27,P2P,8,Android,Same City,0,148,3,UPI PIN,0
TXN102003,USER1968,410.05,Merchant,16,Android,Different City,0,1617,3,UPI PIN,0
TXN102004,USER2934,779.26,Recharge,22,Android,Same City,0,1623,7,UPI PIN,0
TXN102005,USER3687,126.07,Bill Payment,22,Android,Same City,0,369,1,Auto Debit,0
TXN102006,USER3183,355.85,Bill Payment,0,Android,Different City,2,520,4,UPI PIN,0
TXN102007,USER3901,1018.66,Bill Payment,8,Android,Same City,0,1705,3,Auto Debit,0
TXN102008,USER1644,15.76,Merchant,23,Android,Same City,0,3613,4,Auto Debit,0
TXN102009,USER4914,347.68,Bill Payment,19,Android,Same City,1,757,4,UPI PIN,1
TXN102010,USER4727,1081.78,Merchant,8,Android,Same City,0,2695,1,UPI PIN,0
TXN102011,USER1327,310.37,Recharge,21,iOS,Same City,1,988,4,Auto Debit,0
TXN102012,USER2012,1423.87,Recharge,10,Android,Different City,2,2323,1,UPI PIN,0
TXN102013,USER2372,10.11,Recharge,8,iOS,Same City,0,3840,3,UPI PIN,0
TXN102014,USER3057,4544.47,Bill Payment,20,Android,Same City,0,2147,2,UPI PIN,0
TXN102015,USER2293,426.57,Recharge,20,Android,Same City,0,2166,6,UPI PIN,0
TXN102016,USER1012,1729.99,Bill Payment,7,iOS,Same City,2,1410,3,UPI PIN,1
TXN102017,USER3328,1454.15,Bill Payment,0,Android,Different City,0,1219,8,Biometric,0
TXN102018,USER2030,1377.47,Merchant,12,iOS,Same City,0,274,6,UPI PIN,0
TXN102019,USER2009,1762.85,Bill Payment,2,iOS,Same City,0,1842,3,UPI PIN,0
TXN102020,USER3933,1251.2,Bill Payment,7,iOS,Same City,1,3285,2,Biometric,1
TXN102021,USER3712,82.02,P2P,22,Android,Same City,1,2273,5,UPI PIN,0
TXN102022,USER2481,99.24,Recharge,10,Android,Same City,3,196,1,UPI PIN,1
TXN102023,USER1322,7717.49,P2P,10,iOS,Same City,0,3346,2,UPI PIN,1
TXN102024,USER3526,5690.07,Merchant,17,iOS,Same City,0,2910,0,Biometric,1
TXN102025,USER2845,2182.02,Bill Payment,2,Android,Same City,0,3264,4,UPI PIN,0
TXN102026,USER4459,69.53,Recharge,14,Web,Same City,0,2858,1,Biometric,0
TXN102027,USER1187,1937.01,P2P,14,Android,Same City,0,487,2,UPI PIN,0
TXN102028,USER1717,718.85,P2P,14,Web,Same City,0,2948,3,Biometric,0
TXN102029,USER4640,1174.91,P2P,14,Android,Same City,0,1181,1,Biometric,1
TXN102030,USER3929,1473.42,Merchant,6,Android,Same City,1,2821,2,UPI PIN,0
TXN102031,USER1288,469.07,Merchant,19,Android,Same City,0,299,2,UPI PIN,1
TXN102032,USER4578,3227.12,Recharge,12,Android,Different State,0,2720,1,UPI PIN,0
TXN102033,USER3618,3808.13,P2P,8,Android,Same City,0,505,2,UPI PIN,1
TXN102034,USER3196,2105.94,P2P,15,Android,Same City,0,2631,8,Biometric,0
TXN102035,USER4243,314.65,P2P,4,Android,Different State,0,2480,3,Auto Debit,0
TXN102036,USER2979,5477.99,P2P,10,Android,Same City,0,3336,2,UPI PIN,1
TXN102037,USER1033,3899.49,Recharge,21,iOS,Same City,2,3085,5,UPI PIN,0
TXN102038,USER2901,548.03,P2P,22,Android,Different City,1,2544,4,UPI PIN,0
TXN102039,USER2838,1830.47,Recharge,16,Android,Different City,0,2048,2,Biometric,0
TXN102040,USER3436,617.73,P2P,1,Android,Different City,0,408,2,UPI PIN,0
TXN102041,USER1232,1113.62,P2P,17,Android,Same City,0,331,3,UPI PIN,0
TXN102042,USER1878,2631.48,Recharge,2,Android,Same City,1,3288,7,UPI PIN,1
TXN102043,USER3072,3430.61,Merchant,19,iOS,Same City,0,3710,1,UPI PIN,0
TXN102044,USER3197,976.88,Bill Payment,18,Android,Same City,0,3151,6,UPI PIN,0
TXN102045,USER3418,668.78,Merchant,19,iOS,Different City,1,1923,2,Biometric,0
TXN102046,USER4679,1388.03,Recharge,7,iOS,Same City,0,2929,4,Biometric,0
TXN102047,USER3258,723.27,Recharge,7,Android,Same City,0,123,2,Auto Debit,0
TXN102048,USER1654,1442.23,Bill Payment,12,iOS,Different State,0,1400,3,UPI PIN,0
TXN102049,USER3090,5978.54,Merchant,17,Android,Different State,1,3876,2,Biometric,1
TXN102050,USER2812,4248.48,Recharge,9,Android,Same City,0,2509,9,UPI PIN,0
TXN102051,USER3434,3191.08,Recharge,11,iOS,Different City,0,1207,1,UPI PIN,0
TXN102052,USER3702,1568.71,Merchant,23,iOS,Same City,0,447,4,UPI PIN,0
TXN102053,USER4934,547.76,Recharge,17,Android,Same City,1,2162,1,UPI PIN,0
TXN102054,USER2192,2747.5,P2P,21,iOS,Same City,0,3179,2,UPI PIN,0
TXN102055,USER2452,3708.03,Recharge,8,iOS,Same City,0,1506,4,Biometric,1
TXN102056,USER1176,635.86,Merchant,8,Android,Same City,1,187,3,UPI PIN,0
TXN102057,USER3574,739.54,Merchant,19,Android,Different City,0,2507,4,UPI PIN,0
TXN102058,USER4992,3845.04,Recharge,21,Android,Same City,0,438,3,UPI PIN,0
TXN102059,USER1580,1065.18,Recharge,20,iOS,Same City,0,3901,3,UPI PIN,0
TXN102060,USER1337,12018.54,Bill Payment,1,Android,Same City,0,3152,2,UPI PIN,1
TXN102061,USER1576,1007.16,Recharge,1,iOS,Same City,0,3397,2,UPI PIN,0
TXN102062,USER1253,369.06,Recharge,18,Android,Different City,0,1325,3,UPI PIN,0
TXN102063,USER3042,956.46,Bill Payment,22,Android,Same City,0,2497,2,Biometric,0
TXN102064,USER2919,58.69,Bill Payment,3,Android,Same City,0,2947,3,UPI PIN,0
TXN102065,USER2481,279.24,Merchant,10,Android,Same City,0,122,1,UPI PIN,0
TXN102066,USER1614,512.32,Merchant,18,Android,Same City,1,2550,5,UPI PIN,0
TXN102067,USER4646,120.85,Merchant,14,iOS,Different City,0,1260,6,UPI PIN,0
TXN102068,USER2861,2818.71,P2P,15,Android,Same City,0,98,0,UPI PIN,0
TXN102069,USER4169,667.89,Merchant,17,Android,Same City,0,1384,3,Auto Debit,0
TXN102070,USER4270,3165.46,P2P,16,Android,Same City,0,3689,2,Auto Debit,1
TXN102071,USER4879,1169.35,Recharge,15,Android,Same City,0,2910,4,UPI PIN,0
TXN102072,USER2838,361.85,P2P,6,Android,Same City,0,1392,5,Biometric,0
TXN102073,USER4005,124.03,Bill Payment,6,Android,Same City,0,872,5,UPI PIN,0
TXN102074,USER2317,1285.05,Bill Payment,1,Android,Same City,0,238,1,UPI PIN,0
TXN102075,USER1052,1239.16,Bill Payment,0,Android,Same City,0,1224,3,UPI PIN,0
TXN102076,USER3270,4593.92,Merchant,13,Android,Different State,1,2657,1,UPI PIN,1
TXN102077,USER3670,1210.09,Recharge,11,Android,Same City,0,794,3,UPI PIN,0
TXN102078,USER1382,1398.59,Bill Payment,0,Android,Same City,1,2628,4,UPI PIN,0
TXN102079,USER4017,1257.62,Bill Payment,10,iOS,Same City,1,1734,3,UPI PIN,0
TXN102080,USER1724,5176.77,Recharge,8,Android,Same City,0,215,5,UPI PIN,0
TXN102081,USER4231,5447.95,Merchant,21,iOS,Same City,0,3560,2,Biometric,1
TXN102082,USER1616,3811.69,P2P,17,Android,Same City,0,1103,5,UPI PIN,0
TXN102083,USER2762,136.35,P2P,10,Android,Same City,0,3114,1,Biometric,0
TXN102084,USER3835,1361.9,P2P,20,Android,Same City,2,3717,1,UPI PIN,0
TXN102085,USER3752,1659.0,Recharge,23,Android,Same City,1,1811,1,UPI PIN,1
TXN102086,USER2553,2643.13,Merchant,6,Android,Same City,1,2523,2,Biometric,0
TXN102087,USER2179,1430.14,Merchant,11,Android,Same City,0,1621,1,UPI PIN,0
TXN102088,USER2215,742.09,Merchant,18,Android,Same City,0,1213,3,Biometric,0
TXN102089,USER3839,2997.68,P2P,22,Android,Different City,0,2334,3,Auto Debit,1
TXN102090,USER3901,1106.77,Recharge,23,Android,Same City,1,2467,0,Biometric,0
TXN102091,USER1388,2257.94,Merchant,22,Android,Same City,0,2633,2,UPI PIN,0
TXN102092,USER2322,1745.71,Bill Payment,8,iOS,Same City,1,286,2,UPI PIN,1
TXN102093,USER3539,1437.29,Recharge,10,Android,Same City,1,3004,2,UPI PIN,0
TXN102094,USER3263,89.32,P2P,19,Android,Same City,0,2864,4,UPI PIN,0
TXN102095,USER3478,236.17,Merchant,15,iOS,Same City,0,2941,2,Biometric,0
TXN102096,USER1200,366.76,P2P,12,Web,Same City,0,2967,2,Biometric,0
TXN102097,USER4514,2638.18,Merchant,18,iOS,Same City,1,2658,7,UPI PIN,1
TXN102098,USER3689,3760.27,Merchant,18,Android,Different City,0,2428,1,UPI PIN,0
TXN102099,USER3261,1632.66,Merchant,17,iOS,Same City,0,133,2,UPI PIN,0
TXN102100,USER3237,1782.82,P2P,11,Android,Same City,1,2019,6,UPI PIN,0
TXN102101,USER4211,1778.5,P2P,6,Android,Different State,0,2755,3,UPI PIN,0
TXN102102,USER1807,2748.86,P2P,5,Android,Same City,0,2404,2,UPI PIN,1
TXN102103,USER3112,863.69,Bill Payment,2,iOS,Same City,0,577,3,UPI PIN,0
TXN102104,USER4727,823.74,Recharge,17,Android,Different State,0,3894,1,UPI PIN,0
TXN102105,USER1557,964.92,Merchant,2,Android,Different City,0,1052,5,Biometric,0
TXN102106,USER2525,2073.95,Bill Payment,16,Android,Different City,0,2755,6,Biometric,0
TXN102107,USER4169,721.51,Recharge,17,Android,Same City,0,948,4,UPI PIN,0
TXN102108,USER2533,285.94,Merchant,20,Android,Different State,0,3323,4,UPI PIN,0
TXN102109,USER3165,871.98,P2P,7,iOS,Same City,1,540,3,UPI PIN,0
TXN102110,USER1453,6829.34,P2P,22,iOS,Same City,1,838,3,UPI PIN,1
TXN102111,USER2987,4956.55,Bill Payment,1,iOS,Same City,0,3888,2,Biometric,0
TXN102112,USER4735,17.52,Merchant,13,Android,Same City,1,641,5,UPI PIN,0
TXN102113,USER1206,826.7,Merchant,9,Android,Different City,2,1543,3,Biometric,1
TXN102114,USER3687,767.82,Recharge,12,Android,Different State,0,2491,4,UPI PIN,1
TXN102115,USER4958,742.73,Recharge,7,Android,Same City,0,774,4,UPI PIN,0
TXN102116,USER3711,5957.85,Recharge,19,Android,Same City,0,3416,3,Biometric,0
TXN102117,USER3182,1544.25,Merchant,1,iOS,Same City,0,3362,4,UPI PIN,1
TXN102118,USER4029,862.52,Recharge,0,Android,Same City,0,3706,2,UPI PIN,0
TXN102119,USER3030,2302.56,Merchant,4,Android,Same City,0,1347,5,Auto Debit,0
TXN102120,USER4298,2118.86,Recharge,8,Web,Same City,0,2217,1,UPI PIN,1
TXN102121,USER3956,1371.31,P2P,5,Web,Different City,0,1417,6,UPI PIN,1
TXN102122,USER2970,6940.82,Recharge,2,iOS,Same City,0,2317,0,UPI PIN,0
TXN102123,USER2720,913.46,Bill Payment,4,Android,Same City,0,2953,3,Biometric,0
TXN102124,USER2891,3369.87,Bill Payment,16,Android,Same City,1,3937,2,UPI PIN,1
TXN102125,USER4263,1984.94,Recharge,12,Android,Same City,0,2792,4,Biometric,1
TXN102126,USER2115,2851.76,Bill Payment,10,Android,Same City,0,109,1,UPI PIN,1
TXN102127,USER2719,350.96,P2P,16,Android,Same City,0,1939,2,UPI PIN,0
TXN102128,USER3208,553.0,Merchant,5,Android,Same City,0,2115,0,Biometric,0
TXN102129,USER1406,4143.7,Recharge,13,Android,Same City,0,3650,3,UPI PIN,0
TXN102130,USER1033,2833.06,P2P,4,Web,Same City,0,491,2,UPI PIN,1
TXN102131,USER3008,7439.95,Recharge,14,Web,Same City,1,1488,1,UPI PIN,0
TXN102132,USER1949,5177.35,Bill Payment,17,iOS,Same City,0,99,1,UPI PIN,0
TXN102133,USER1847,5267.92,Recharge,21,Android,Same City,1,1772,3,Auto Debit,1
TXN102134,USER3670,12726.53,Recharge,15,iOS,Same City,0,2103,5,UPI PIN,0
TXN102135,USER2600,200.76,Merchant,8,Android,Same City,1,1943,3,UPI PIN,0
TXN102136,USER4220,3231.49,Bill Payment,9,iOS,Same City,0,2600,4,UPI PIN,0
TXN102137,USER4880,4200.46,Bill Payment,1,iOS,Same City,0,624,2,UPI PIN,0
TXN102138,USER2747,155.02,Recharge,13,iOS,Same City,1,61,3,UPI PIN,0
TXN102139,USER2983,546.2,Merchant,13,Android,Same City,0,382,4,UPI PIN,0
TXN102140,USER2968,1997.05,Recharge,15,Android,Same City,1,45,4,Auto Debit,0
TXN102141,USER3723,553.61,Recharge,16,Android,Different City,0,1109,2,Auto Debit,0
TXN102142,USER2831,4778.9,Merchant,6,iOS,Different State,1,1029,2,UPI PIN,1
TXN102143,USER3403,5531.01,Recharge,8,iOS,Same City,0,2895,3,UPI PIN,0
TXN102144,USER3632,1499.87,Merchant,1,iOS,Same City,0,284,3,Biometric,0
TXN102145,USER4356,7496.79,Recharge,12,iOS,Different State,0,416,2,UPI PIN,1
TXN102146,USER3243,5292.43,Bill Payment,4,Android,Same City,1,1511,4,UPI PIN,1
TXN102147,USER1944,271.53,P2P,1,Android,Same City,1,3681,5,UPI PIN,0
TXN102148,USER1741,3431.15,Bill Payment,2,Android,Different State,0,2136,1,Auto Debit,0
TXN102149,USER2365,426.76,Bill Payment,11,Android,Same City,0,2946,3,UPI PIN,0
TXN102150,USER1499,297.3,Merchant,2,Android,Same City,0,2005,4,Auto Debit,0
TXN102151,USER2828,770.69,Merchant,14,Android,Same City,1,3177,1,Biometric,1
TXN102152,USER4916,502.15,Bill Payment,12,Android,Same City,1,2447,2,UPI PIN,0
TXN102153,USER3775,667.08,Merchant,8,Android,Different City,1,3795,4,UPI PIN,0
TXN102154,USER2795,3754.72,Merchant,5,Web,Same City,1,2293,2,UPI PIN,0
TXN102155,USER1113,2186.84,P2P,23,Android,Same City,0,542,5,UPI PIN,0
TXN102156,USER2749,2951.04,Bill Payment,3,Android,Same City,0,3129,2,UPI PIN,0
TXN102157,USER4143,2746.46,Merchant,23,Android,Same City,0,201,3,UPI PIN,1
TXN102158,USER2616,648.03,Bill Payment,12,Web,Different State,0,1983,1,UPI PIN,1
TXN102159,USER3852,355.84,Recharge,13,iOS,Same City,0,853,1,UPI PIN,0
TXN102160,USER2463,2342.71,Recharge,4,Android,Same City,0,3273,4,UPI PIN,1
TXN102161,USER2513,2351.31,Bill Payment,0,Android,Same City,0,1375,4,UPI PIN,0
TXN102162,USER2921,265.91,Merchant,8,iOS,Different City,1,1788,3,UPI PIN,0
TXN102163,USER4044,554.93,Merchant,8,Android,Different State,0,2020,2,UPI PIN,0
TXN102164,USER3271,922.05,P2P,12,Android,Same City,0,2696,3,UPI PIN,0
TXN102165,USER1204,669.1,Merchant,9,iOS,Different State,0,1472,4,Biometric,0
TXN102166,USER1822,5786.09,Merchant,22,Android,Same City,0,1705,4,UPI PIN,0
TXN102167,USER3784,345.43,Merchant,23,iOS,Same City,0,63,3,Biometric,0
TXN102168,USER2106,3100.32,P2P,1,Android,Same City,1,2566,4,UPI PIN,0
TXN102169,USER2233,1936.1,Merchant,3,Android,Same City,1,1159,3,UPI PIN,1
TXN102170,USER1702,611.96,P2P,4,iOS,Different City,0,1994,4,UPI PIN,0
TXN102171,USER2873,500.85,Bill Payment,4,iOS,Same City,0,2206,0,Biometric,1
TXN102172,USER1994,1268.39,Recharge,3,Android,Same City,0,1679,1,UPI PIN,1
TXN102173,USER2899,427.84,P2P,22,Android,Same City,0,2512,1,UPI PIN,0
TXN102174,USER3172,183.16,Bill Payment,11,Android,Same City,0,3767,4,UPI PIN,0
TXN102175,USER2949,2403.67,P2P,20,Android,Same City,0,2762,5,UPI PIN,1
TXN102176,USER1644,1874.36,Bill Payment,3,iOS,Same City,0,3492,1,UPI PIN,0
TXN102177,USER3750,803.08,P2P,4,iOS,Same City,0,3042,2,Auto Debit,0
TXN102178,USER2232,130.24,P2P,8,Android,Same City,0,911,2,UPI PIN,0
TXN102179,USER2020,492.38,Bill Payment,6,Android,Same City,0,2772,3,UPI PIN,0
TXN102180,USER1517,2310.82,Recharge,15,Android,Different City,2,1365,5,Biometric,1
TXN102181,USER1894,1204.9,Bill Payment,4,iOS,Different City,2,1968,1,UPI PIN,0
TXN102182,USER2501,1267.73,Bill Payment,22,Android,Same City,0,2339,5,Auto Debit,0
TXN102183,USER4004,552.86,Merchant,20,Android,Same City,0,3800,3,UPI PIN,0
TXN102184,USER3591,445.4,P2P,14,Android,Different City,0,271,1,UPI PIN,0
TXN102185,USER2397,2986.33,Bill Payment,19,Android,Same City,0,3840,2,Biometric,1
TXN102186,USER3539,2541.1,Bill Payment,18,Android,Same City,0,385,1,UPI PIN,0
TXN102187,USER2511,5883.56,P2P,2,Android,Same City,0,3549,7,UPI PIN,0
TXN102188,USER3760,88.37,Merchant,20,Android,Same City,0,2060,1,UPI PIN,0
TXN102189,USER1844,3722.18,Recharge,0,Web,Same City,0,1309,6,Auto Debit,0
TXN102190,USER3023,55.63,Recharge,17,iOS,Same City,0,1030,0,UPI PIN,0
TXN102191,USER4690,2005.13,Bill Payment,18,Android,Same City,0,3551,3,UPI PIN,0
TXN102192,USER3644,85.84,Merchant,2,Android,Same City,0,3618,3,UPI PIN,0
TXN102193,USER1876,633.05,Bill Payment,8,iOS,Same City,0,413,0,Auto Debit,0
TXN102194,USER4900,3195.64,Recharge,15,Android,Different State,0,1375,2,UPI PIN,0
TXN102195,USER3124,2666.0,Merchant,5,iOS,Same City,0,326,3,Auto Debit,0
TXN102196,USER4996,577.3,Bill Payment,14,Android,Different City,0,516,4,Biometric,0
TXN102197,USER3112,117.93,P2P,3,Android,Same City,0,3135,3,UPI PIN,0
TXN102198,USER1155,995.09,Bill Payment,8,iOS,Different State,0,1071,2,UPI PIN,0
TXN102199,USER2082,1573.73,P2P,23,iOS,Different City,1,3460,5,Biometric,0
TXN102200,USER4568,4089.77,Recharge,23,Android,Same City,0,80,6,Biometric,1
TXN102201,USER1839,2334.05,Recharge,4,Android,Different State,1,983,6,UPI PIN,0
TXN102202,USER3115,2618.95,Recharge,20,iOS,Same City,0,3892,1,UPI PIN,0
TXN102203,USER1501,908.64,P2P,3,Android,Same City,0,3127,5,Auto Debit,1
TXN102204,USER2395,6229.88,P2P,5,Android,Same City,0,2969,3,UPI PIN,1
TXN102205,USER2226,229.28,Recharge,14,Android,Different City,0,2870,2,UPI PIN,0
TXN102206,USER2143,18.37,P2P,13,iOS,Different City,1,3049,6,Biometric,0
TXN102207,USER2155,4325.66,Merchant,3,Android,Same City,1,2214,3,UPI PIN,0
TXN102208,USER1110,158.77,Merchant,18,Android,Same City,0,3729,8,Biometric,0
TXN102209,USER2447,850.17,Recharge,17,iOS,Same City,1,1189,1,Biometric,0
TXN102210,USER2469,95.72,Bill Payment,13,iOS,Same City,0,3157,1,UPI PIN,0
TXN102211,USER1469,1573.95,Merchant,1,Android,Same City,1,563,5,UPI PIN,1
TXN102212,USER1572,246.79,P2P,10,Android,Same City,0,1419,3,UPI PIN,0
TXN102213,USER1289,212.99,Merchant,2,Android,Different City,0,3894,3,Biometric,0
TXN102214,USER4901,2527.98,Merchant,18,Android,Same City,0,3193,4,UPI PIN,0
TXN102215,USER1328,429.15,Merchant,23,iOS,Same City,0,366,4,UPI PIN,0
TXN102216,USER4742,1124.46,Bill Payment,15,iOS,Different State,0,3345,3,UPI PIN,0
TXN102217,USER1581,2208.2,Merchant,16,Android,Different City,0,2512,0,UPI PIN,0
TXN102218,USER3984,5182.35,Merchant,15,Android,Different City,0,899,1,UPI PIN,0
TXN102219,USER4397,339.13,Merchant,10,Android,Different State,0,3424,3,UPI PIN,0
TXN102220,USER1883,4184.82,P2P,19,iOS,Same City,0,1617,3,UPI PIN,0
TXN102221,USER4542,1149.83,Recharge,5,iOS,Same City,1,2116,2,Auto Debit,1
TXN102222,USER2381,6837.2,P2P,6,Android,Same City,0,1535,2,Auto Debit,0
TXN102223,USER4553,3781.01,Recharge,11,iOS,Same City,2,3322,1,UPI PIN,0
TXN102224,USER4567,176.5,Bill Payment,18,Android,Same City,0,776,5,UPI PIN,0
TXN102225,USER3453,848.1,P2P,2,Android,Same City,0,475,2,UPI PIN,0
TXN102226,USER3272,3288.79,P2P,5,Android,Same City,0,2225,3,UPI PIN,0
TXN102227,USER4278,285.15,Merchant,4,Android,Different City,0,76,3,Auto Debit,0
TXN102228,USER4856,5061.08,Recharge,4,iOS,Same City,1,2431,6,UPI PIN,0
TXN102229,USER4275,10076.13,Merchant,13,Android,Same City,1,812,3,UPI PIN,1
TXN102230,USER2135,3248.34,Bill Payment,6,Android,Different City,0,3170,3,UPI PIN,1
TXN102231,USER2580,1915.13,Bill Payment,11,Android,Different State,0,3752,5,UPI PIN,0
TXN102232,USER2855,7591.46,Bill Payment,4,iOS,Same City,0,1960,4,UPI PIN,1
TXN102233,USER1784,1979.21,P2P,5,iOS,Same City,0,480,3,Auto Debit,1
TXN102234,USER2125,232.15,Recharge,7,Android,Same City,0,3846,2,UPI PIN,0
TXN102235,USER1345,1320.85,Bill Payment,11,iOS,Same City,1,3981,2,UPI PIN,1
TXN102236,USER4508,1204.6,Recharge,18,Android,Same City,0,1311,2,Biometric,0
TXN102237,USER1017,827.61,Bill Payment,9,iOS,Same City,0,2427,2,Biometric,0
TXN102238,USER4879,1965.25,Bill Payment,4,Android,Same City,1,3632,4,UPI PIN,0
TXN102239,USER2921,4362.58,Recharge,11,Web,Different City,0,3683,1,UPI PIN,0
TXN102240,USER1509,4652.52,Bill Payment,14,iOS,Different State,2,3368,3,UPI PIN,0
TXN102241,USER2963,23.78,Merchant,18,Android,Same City,1,3085,1,UPI PIN,0
TXN102242,USER4421,1493.68,Recharge,17,iOS,Same City,2,1376,1,UPI PIN,0
TXN102243,USER2538,1206.36,Merchant,18,Android,Same City,1,890,7,UPI PIN,0
TXN102244,USER1050,1560.56,Bill Payment,23,Android,Same City,0,238,2,UPI PIN,0
TXN102245,USER4773,1140.58,Bill Payment,14,Android,Different State,1,783,3,UPI PIN,0
TXN102246,USER4684,1228.01,Merchant,2,Android,Same City,0,1350,5,UPI PIN,1
TXN102247,USER3500,116.39,Bill Payment,5,Android,Same City,1,3612,3,Auto Debit,0
TXN102248,USER3745,933.13,P2P,4,iOS,Same City,0,1222,2,UPI PIN,0
TXN102249,USER4345,3080.36,Bill Payment,21,iOS,Different City,0,1746,0,Biometric,0
TXN102250,USER3404,1177.43,P2P,4,Android,Same City,0,2358,3,Auto Debit,0
TXN102251,USER4012,753.0,Merchant,6,Android,Same City,0,3685,4,UPI PIN,0
TXN102252,USER2331,252.05,P2P,2,iOS,Same City,0,498,1,Biometric,0
TXN102253,USER4688,4340.38,Bill Payment,2,Android,Same City,0,1057,5,UPI PIN,0
TXN102254,USER1620,3287.2,Recharge,20,Android,Same City,0,2665,5,UPI PIN,1
TXN102255,USER3657,115.0,Merchant,10,Android,Same City,0,1871,4,UPI PIN,0
TXN102256,USER3930,7017.69,Recharge,14,Web,Same City,0,3318,2,Auto Debit,0
TXN102257,USER3009,704.22,Merchant,2,iOS,Same City,1,1838,1,UPI PIN,0
TXN102258,USER2137,382.82,Recharge,6,Android,Same City,0,3343,3,UPI PIN,0
TXN102259,USER3454,606.51,Merchant,7,Android,Same City,0,1500,0,UPI PIN,0
TXN102260,USER2037,145.15,P2P,12,iOS,Same City,0,1376,3,Biometric,0
TXN102261,USER1165,995.37,Bill Payment,13,Android,Different State,0,946,7,UPI PIN,0
TXN102262,USER2693,3035.12,Bill Payment,11,Android,Same City,1,1865,0,UPI PIN,0
TXN102263,USER3373,2590.73,P2P,12,iOS,Same City,2,880,1,Biometric,1
TXN102264,USER2009,3118.86,Bill Payment,1,Android,Same City,1,3076,3,UPI PIN,1
TXN102265,USER1897,1039.95,Merchant,17,Android,Same City,0,3601,3,Biometric,1
TXN102266,USER4321,385.49,Merchant,0,iOS,Same City,0,1299,2,Auto Debit,0
TXN102267,USER1946,205.3,Merchant,23,Android,Same City,0,1510,2,UPI PIN,0
TXN102268,USER4537,6708.81,Merchant,18,iOS,Same City,0,2581,3,UPI PIN,0
TXN102269,USER3561,1976.8,Merchant,8,Android,Different State,0,455,4,Biometric,0
TXN102270,USER3946,1515.53,Merchant,16,Android,Same City,1,3209,2,UPI PIN,0
TXN102271,USER3642,877.64,P2P,5,Android,Same City,0,2661,3,UPI PIN,0
TXN102272,USER2287,7751.85,Merchant,13,Android,Different City,0,2496,2,UPI PIN,1
TXN102273,USER4071,1874.95,P2P,3,Web,Same City,0,1358,1,UPI PIN,1
TXN102274,USER4548,375.3,Recharge,2,Android,Different City,0,2794,4,UPI PIN,0
TXN102275,USER4674,1510.97,Merchant,6,Android,Same City,0,3629,4,Auto Debit,0
TXN102276,USER3064,4546.62,Merchant,3,Android,Different City,1,3253,5,UPI PIN,0
TXN102277,USER1248,2052.24,Recharge,16,Android,Same City,0,2724,2,UPI PIN,0
TXN102278,USER4742,168.28,Merchant,12,iOS,Same City,1,2745,3,UPI PIN,0
TXN102279,USER1872,5031.12,Bill Payment,21,Android,Same City,0,2810,4,UPI PIN,0
TXN102280,USER2207,146.59,Bill Payment,17,iOS,Same City,0,3078,6,Biometric,0
TXN102281,USER3306,3475.39,P2P,0,Android,Same City,0,1146,1,UPI PIN,0
TXN102282,USER3289,4036.71,Merchant,11,iOS,Different City,0,2340,3,Biometric,0
TXN102283,USER4185,5250.62,Recharge,16,Android,Same City,0,3869,5,UPI PIN,0
TXN102284,USER3128,2164.01,Bill Payment,16,Android,Same City,0,2470,2,UPI PIN,0
TXN102285,USER2785,563.53,Bill Payment,20,Android,Same City,1,1185,3,UPI PIN,0
TXN102286,USER1560,4324.05,Merchant,5,Android,Same City,0,1923,3,UPI PIN,0
TXN102287,USER2656,701.77,Bill Payment,5,Android,Same City,1,2945,6,UPI PIN,0
TXN102288,USER1024,694.44,P2P,5,Android,Same City,0,3265,3,Biometric,0
TXN102289,USER2201,4626.82,Recharge,7,iOS,Same City,0,1418,4,Biometric,0
TXN102290,USER3912,916.22,Merchant,3,Android,Same City,0,3229,5,Auto Debit,1
TXN102291,USER2996,4028.58,Recharge,17,iOS,Same City,0,1105,1,UPI PIN,0
TXN102292,USER4682,205.75,Recharge,22,iOS,Same City,0,2705,5,Biometric,0
TXN102293,USER1840,6913.74,P2P,18,Android,Same City,0,3175,1,Auto Debit,1
TXN102294,USER1930,1108.83,P2P,8,Android,Different City,0,3838,3,UPI PIN,1
TXN102295,USER4703,1055.16,P2P,14,Android,Same City,0,3321,1,UPI PIN,0
TXN102296,USER3982,1093.02,Recharge,11,Android,Different State,0,2006,4,UPI PIN,0
TXN102297,USER2185,1867.03,Merchant,7,Android,Same City,0,239,0,UPI PIN,0
TXN102298,USER2211,5440.97,Recharge,14,iOS,Same City,1,2357,4,Biometric,1
TXN102299,USER3238,2541.17,Recharge,2,Android,Same City,0,2669,1,UPI PIN,0
TXN102300,USER4330,553.44,P2P,9,Android,Same City,1,2065,5,UPI PIN,1
TXN102301,USER3449,172.91,Recharge,12,iOS,Same City,1,2166,6,Biometric,0
TXN102302,USER4937,3222.58,Merchant,16,Android,Same City,0,111,5,UPI PIN,0
TXN102303,USER1230,169.7,Merchant,20,Android,Same City,0,3935,2,Biometric,0
TXN102304,USER2967,1679.83,Merchant,15,Web,Same City,0,724,3,UPI PIN,0
TXN102305,USER1983,3304.86,P2P,6,Web,Same City,0,2867,1,UPI PIN,1
TXN102306,USER3527,160.62,Recharge,14,Android,Same City,0,3459,3,UPI PIN,0
TXN102307,USER4810,1523.13,Bill Payment,13,iOS,Different City,1,481,3,UPI PIN,1
TXN102308,USER4979,486.14,P2P,13,Android,Same City,0,430,3,UPI PIN,0
TXN102309,USER3964,812.3,Bill Payment,10,iOS,Same City,0,2958,0,Auto Debit,0
TXN102310,USER2866,1549.81,Merchant,15,Android,Different State,0,2904,3,Biometric,1
TXN102311,USER2233,1968.29,P2P,0,Android,Same City,0,740,2,UPI PIN,1
TXN102312,USER1935,991.57,Recharge,2,Android,Different State,0,863,2,UPI PIN,0
TXN102313,USER4868,7794.79,Recharge,16,Android,Same City,1,3620,6,Biometric,0
TXN102314,USER3359,31.84,Merchant,17,iOS,Same City,0,1276,1,UPI PIN,0
TXN102315,USER1926,120.72,Bill Payment,15,Android,Same City,1,3608,3,UPI PIN,0
TXN102316,USER3155,1160.47,Recharge,14,iOS,Different City,1,2008,2,Auto Debit,1
TXN102317,USER2125,314.55,P2P,17,Android,Different City,0,1014,5,UPI PIN,0
TXN102318,USER1008,203.95,Recharge,7,Android,Different City,1,3835,3,UPI PIN,0
TXN102319,USER1305,1727.99,Merchant,2,iOS,Same City,0,570,1,Biometric,0
TXN102320,USER2016,6161.36,Merchant,18,Android,Same City,0,2324,2,UPI PIN,1
TXN102321,USER1443,414.43,Bill Payment,0,Android,Same City,1,3801,5,UPI PIN,0
TXN102322,USER2444,2064.89,Recharge,9,Android,Same City,0,2777,1,UPI PIN,0
TXN102323,USER4603,2787.71,Bill Payment,16,iOS,Different City,1,2431,2,UPI PIN,0
TXN102324,USER2151,989.38,Bill Payment,18,Android,Same City,0,3278,2,UPI PIN,0
TXN102325,USER1730,2778.31,Bill Payment,14,iOS,Same City,0,2977,3,UPI PIN,0
TXN102326,USER1118,2062.61,Recharge,21,iOS,Same City,0,2424,3,UPI PIN,0
TXN102327,USER3247,429.07,Merchant,14,iOS,Same City,0,691,4,Biometric,0
TXN102328,USER1118,1760.9,P2P,5,Android,Same City,1,1602,2,UPI PIN,1
TXN102329,USER2237,1552.06,Bill Payment,10,iOS,Same City,0,902,7,UPI PIN,0
TXN102330,USER1393,406.01,P2P,18,Android,Different State,0,1720,5,Auto Debit,0
TXN102331,USER1189,675.47,Merchant,21,Android,Same City,0,3965,1,UPI PIN,0
TXN102332,USER3784,206.53,P2P,11,Android,Different State,0,3019,2,UPI PIN,0
TXN102333,USER3190,2185.9,Bill Payment,14,Android,Same City,0,358,1,Auto Debit,0
TXN102334,USER4275,3671.31,Bill Payment,11,iOS,Same City,0,427,2,UPI PIN,1
TXN102335,USER1687,2366.52,Recharge,23,Android,Same City,0,1084,2,UPI PIN,0
TXN102336,USER4025,3590.82,Recharge,18,iOS,Same City,0,1745,1,UPI PIN,0
TXN102337,USER3610,432.69,Bill Payment,6,Android,Same City,0,2992,4,Biometric,0
TXN102338,USER3855,1592.2,P2P,6,Android,Same City,1,611,5,UPI PIN,1
TXN102339,USER3471,2385.42,Merchant,6,iOS,Same City,0,1268,3,UPI PIN,0
TXN102340,USER3468,443.36,Bill Payment,20,Web,Same City,0,2334,3,UPI PIN,0
TXN102341,USER4136,1905.77,Recharge,6,iOS,Different City,1,3506,1,Auto Debit,0
TXN102342,USER3940,3849.6,P2P,8,Android,Same City,1,1806,2,Biometric,0
TXN102343,USER1569,1987.78,P2P,3,Android,Same City,0,3958,1,UPI PIN,0
TXN102344,USER3527,316.49,Merchant,5,iOS,Same City,1,48,5,UPI PIN,1
TXN102345,USER3553,1505.28,Recharge,18,Android,Different City,0,442,5,UPI PIN,1
TXN102346,USER3390,3337.44,Merchant,17,Android,Same City,0,920,2,UPI PIN,1
TXN102347,USER3814,418.76,P2P,16,Android,Same City,0,3266,4,UPI PIN,0
TXN102348,USER1694,2034.1,P2P,10,Android,Same City,0,2145,4,UPI PIN,0
TXN102349,USER1423,55.33,Bill Payment,1,Android,Different State,1,1319,5,Biometric,0
TXN102350,USER1579,4532.26,Recharge,15,Android,Different City,0,736,4,UPI PIN,0
TXN102351,USER2820,8432.48,Recharge,4,iOS,Same City,0,909,2,Auto Debit,0
TXN102352,USER1101,3183.95,Merchant,3,iOS,Different State,0,234,4,UPI PIN,0
TXN102353,USER4142,29.64,Bill Payment,2,Android,Same City,2,2908,3,Auto Debit,0
TXN102354,USER2636,653.74,Bill Payment,14,Android,Same City,0,114,4,Auto Debit,0
TXN102355,USER1276,833.17,Bill Payment,10,Android,Same City,0,449,3,UPI PIN,0
TXN102356,USER4064,1344.76,Merchant,3,Android,Same City,1,2515,3,UPI PIN,0
TXN102357,USER1794,2396.07,Recharge,4,Android,Same City,1,3958,6,Auto Debit,1
TXN102358,USER2736,1706.64,Merchant,6,Web,Same City,2,295,3,Biometric,0
TXN102359,USER3934,7947.61,Bill Payment,10,Android,Same City,0,257,6,UPI PIN,1
TXN102360,USER4527,558.96,Merchant,22,iOS,Same City,0,480,3,Auto Debit,0
TXN102361,USER3984,1486.82,P2P,23,Android,Same City,1,2218,6,UPI PIN,0
TXN102362,USER2398,2055.09,Bill Payment,8,iOS,Same City,0,1478,4,UPI PIN,0
TXN102363,USER2703,848.41,Recharge,13,iOS,Same City,0,244,5,UPI PIN,0
TXN102364,USER3317,2241.74,P2P,9,Web,Same City,2,1553,3,UPI PIN,0
TXN102365,USER1494,773.04,Bill Payment,4,Android,Same City,0,2414,0,UPI PIN,0
TXN102366,USER4510,1015.87,P2P,21,iOS,Same City,2,713,3,UPI PIN,1
TXN102367,USER1492,226.59,Recharge,2,Android,Different City,0,2794,4,UPI PIN,0
TXN102368,USER2733,583.91,Recharge,15,iOS,Same City,0,3066,3,UPI PIN,1
TXN102369,USER1638,685.65,P2P,3,Android,Same City,0,1660,4,UPI PIN,0
TXN102370,USER2261,7305.65,P2P,4,Android,Same City,2,3114,1,UPI PIN,1
TXN102371,USER3740,736.41,Bill Payment,0,Web,Same City,0,244,4,Biometric,1
TXN102372,USER3380,775.02,Merchant,7,iOS,Same City,0,920,6,UPI PIN,0
TXN102373,USER1598,377.8,Bill Payment,6,iOS,Same City,0,348,6,UPI PIN,0
TXN102374,USER1776,5977.91,Recharge,0,iOS,Same City,0,1199,4,UPI PIN,0
TXN102375,USER1945,429.52,P2P,17,Android,Same City,0,903,1,Biometric,1
TXN102376,USER1755,865.08,Merchant,22,Android,Same City,0,914,2,UPI PIN,1
TXN102377,USER1127,3888.86,Recharge,18,iOS,Same City,0,1371,0,Auto Debit,0
TXN102378,USER3037,1186.98,Recharge,19,Android,Same City,0,3306,4,Biometric,0
TXN102379,USER3208,7027.44,P2P,19,Android,Same City,0,638,5,Auto Debit,1
TXN102380,USER3011,190.87,Recharge,1,Android,Same City,0,1308,1,UPI PIN,0
TXN102381,USER4676,558.54,Merchant,13,iOS,Same City,0,2228,2,UPI PIN,0
TXN102382,USER2314,235.44,Recharge,17,iOS,Same City,0,2368,3,UPI PIN,0
TXN102383,USER3081,854.33,P2P,15,Android,Same City,0,100,1,UPI PIN,0
TXN102384,USER1202,3857.01,Bill Payment,8,Android,Same City,1,1434,6,UPI PIN,0
TXN102385,USER3568,2029.97,Bill Payment,20,iOS,Same City,0,2039,1,Biometric,0
TXN102386,USER3101,2564.25,Bill Payment,13,iOS,Same City,1,2872,4,UPI PIN,0
TXN102387,USER4277,52.68,Merchant,7,Web,Same City,1,2895,2,UPI PIN,0
TXN102388,USER4039,5.24,Recharge,22,iOS,Different State,0,2946,6,UPI PIN,1
TXN102389,USER1778,2471.49,Bill Payment,22,Android,Same City,0,2744,5,UPI PIN,1
TXN102390,USER2362,1238.05,Bill Payment,9,Android,Same City,0,3817,4,UPI PIN,1
TXN102391,USER4577,4822.07,Recharge,8,iOS,Same City,0,2342,2,UPI PIN,0
TXN102392,USER2511,1266.71,Recharge,0,Android,Different City,0,30,1,Auto Debit,1
TXN102393,USER4712,4065.9,Merchant,22,Android,Same City,0,1625,1,Biometric,0
TXN102394,USER4063,931.82,Merchant,10,iOS,Same City,0,342,2,UPI PIN,0
TXN102395,USER2032,1458.07,Bill Payment,5,Web,Same City,0,3387,4,UPI PIN,0
TXN102396,USER4381,1641.95,Bill Payment,19,iOS,Same City,0,511,6,UPI PIN,0
TXN102397,USER1284,365.14,Recharge,11,iOS,Same City,0,874,1,UPI PIN,0
TXN102398,USER3964,3639.71,P2P,4,Android,Same City,0,1120,3,Biometric,1
TXN102399,USER3513,4118.19,Merchant,8,Android,Same City,0,2819,1,Biometric,0
TXN102400,USER3250,2353.59,Recharge,5,iOS,Same City,0,2218,1,Auto Debit,1
TXN102401,USER1382,121.89,P2P,5,Android,Same City,0,287,1,UPI PIN,0
TXN102402,USER2797,81.76,P2P,22,Android,Different State,1,3522,2,UPI PIN,0
TXN102403,USER2497,6828.25,Bill Payment,12,Android,Same City,0,957,3,UPI PIN,0
TXN102404,USER3782,3044.08,Bill Payment,16,Android,Same City,1,1390,5,UPI PIN,1
TXN102405,USER4071,1001.48,Recharge,3,iOS,Same City,1,2565,3,UPI PIN,1
TXN102406,USER2962,6633.96,P2P,16,Android,Different City,0,2341,1,Biometric,1
TXN102407,USER2837,2225.85,Merchant,16,iOS,Different City,0,3902,5,UPI PIN,0
TXN102408,USER4422,1111.76,Recharge,17,Android,Same City,0,828,4,Biometric,0
TXN102409,USER4115,2179.38,Bill Payment,13,Android,Same City,0,2129,5,UPI PIN,1
TXN102410,USER4959,1049.51,P2P,2,Web,Different City,0,510,2,UPI PIN,0
TXN102411,USER4662,1808.85,Recharge,22,Web,Same City,0,590,3,UPI PIN,0
TXN102412,USER4909,461.24,Merchant,20,iOS,Same City,0,2804,2,Biometric,0
TXN102413,USER3175,2128.28,Recharge,10,Android,Same City,0,3935,6,UPI PIN,0
TXN102414,USER1074,1696.37,Bill Payment,22,iOS,Same City,2,3927,5,UPI PIN,0
TXN102415,USER2174,2991.41,Bill Payment,19,iOS,Same City,0,185,3,UPI PIN,1
TXN102416,USER1553,4039.83,Bill Payment,2,iOS,Same City,0,260,6,UPI PIN,0
TXN102417,USER4676,989.96,Merchant,20,Android,Different State,0,282,4,UPI PIN,0
TXN102418,USER1720,594.2,Recharge,2,Android,Same City,0,1351,6,UPI PIN,1
TXN102419,USER1212,3261.16,Bill Payment,12,Android,Same City,0,2271,4,UPI PIN,1
TXN102420,USER4647,2040.28,P2P,18,iOS,Different State,1,480,4,UPI PIN,1
TXN102421,USER4550,691.46,Recharge,0,Android,Same City,1,1873,1,UPI PIN,0
TXN102422,USER2606,3523.6,P2P,5,Android,Same City,0,2586,3,UPI PIN,0
TXN102423,USER1436,123.73,P2P,15,iOS,Different City,0,3194,3,UPI PIN,0
TXN102424,USER3672,431.34,Recharge,13,Android,Same City,0,3849,5,UPI PIN,0
TXN102425,USER2740,2741.68,P2P,21,Android,Same City,1,3449,5,UPI PIN,0
TXN102426,USER4356,237.5,Recharge,12,Android,Same City,1,774,1,Biometric,0
TXN102427,USER4465,2380.32,Merchant,20,Android,Same City,0,2351,4,Biometric,1
TXN102428,USER1047,666.61,Merchant,8,Android,Different State,0,3258,3,UPI PIN,0
TXN102429,USER4180,6503.22,P2P,5,Android,Same City,1,311,4,Biometric,1
TXN102430,USER2201,3343.45,Bill Payment,15,Android,Same City,1,3508,0,UPI PIN,1
TXN102431,USER3061,5094.46,Merchant,1,Android,Different State,0,1531,5,UPI PIN,0
TXN102432,USER4254,2285.4,Bill Payment,7,Android,Different State,0,3122,3,UPI PIN,0
TXN102433,USER1113,1368.67,Recharge,20,Android,Same City,0,3678,2,UPI PIN,0
TXN102434,USER1954,66.51,Bill Payment,22,Android,Same City,1,3773,2,UPI PIN,0
TXN102435,USER2595,10374.0,Recharge,2,Web,Same City,0,1613,7,UPI PIN,0
TXN102436,USER3230,3894.68,Merchant,14,Android,Different City,1,3520,5,Biometric,0
TXN102437,USER2672,1635.5,Merchant,6,Android,Same City,0,3123,4,UPI PIN,0
TXN102438,USER4291,1842.81,P2P,20,iOS,Different City,0,2517,2,Biometric,1
TXN102439,USER3976,348.6,Merchant,3,Android,Same City,0,3823,1,Biometric,1
TXN102440,USER2710,549.04,Bill Payment,20,Android,Same City,1,1501,2,Auto Debit,0
TXN102441,USER4653,325.81,Merchant,7,Android,Same City,2,2590,1,UPI PIN,0
TXN102442,USER2409,861.22,Recharge,15,iOS,Same City,0,2925,4,Biometric,0
TXN102443,USER2143,396.34,Merchant,6,Android,Different State,0,3591,2,UPI PIN,0
TXN102444,USER1759,1081.28,Merchant,10,iOS,Same City,0,1741,4,Auto Debit,0
TXN102445,USER3590,1541.61,Merchant,16,Android,Different City,1,1585,1,UPI PIN,1
TXN102446,USER4845,4253.39,Recharge,3,iOS,Same City,0,253,1,UPI PIN,0
TXN102447,USER4099,2078.65,Merchant,22,iOS,Same City,0,3602,5,UPI PIN,1
TXN102448,USER1836,1448.69,Bill Payment,4,Android,Same City,0,1497,2,UPI PIN,0
TXN102449,USER2892,1031.46,Merchant,1,Web,Same City,0,2758,3,Biometric,0
TXN102450,USER2855,798.42,Bill Payment,1,Android,Same City,2,3860,1,Auto Debit,1
TXN102451,USER2351,3191.59,Bill Payment,20,Android,Same City,0,759,1,UPI PIN,1
TXN102452,USER3978,1082.4,Recharge,9,Web,Different State,0,1834,4,Biometric,1
TXN102453,USER4916,297.64,P2P,7,Android,Same City,1,2737,2,UPI PIN,0
TXN102454,USER4851,185.01,Bill Payment,17,Android,Same City,1,1866,4,UPI PIN,0
TXN102455,USER3548,2079.94,Bill Payment,23,Android,Same City,0,2006,0,UPI PIN,0
TXN102456,USER2872,2768.17,Merchant,16,Android,Same City,0,609,6,UPI PIN,0
TXN102457,USER3142,963.24,Merchant,16,Android,Same City,1,168,4,Auto Debit,0
TXN102458,USER2987,4288.5,Recharge,19,Android,Same City,0,1408,3,UPI PIN,0
TXN102459,USER1468,1983.08,P2P,14,Android,Different City,0,1188,3,UPI PIN,0
TXN102460,USER3069,859.07,Bill Payment,6,Android,Same City,0,688,3,UPI PIN,0
TXN102461,USER3362,2743.08,Recharge,23,Android,Different City,1,661,7,UPI PIN,0
TXN102462,USER2196,2934.24,Recharge,18,Android,Same City,1,3911,2,Biometric,0
TXN102463,USER3185,9000.43,Recharge,3,Android,Same City,0,1287,7,UPI PIN,1
TXN102464,USER4415,1009.28,Bill Payment,11,Android,Different City,0,2181,1,Biometric,0
TXN102465,USER1971,1212.1,Bill Payment,6,iOS,Same City,0,3698,1,UPI PIN,1
TXN102466,USER1269,94.82,Merchant,19,iOS,Same City,0,748,3,UPI PIN,0
TXN102467,USER2797,5170.01,Bill Payment,14,Android,Same City,0,604,1,UPI PIN,1
TXN102468,USER3061,1043.31,Recharge,12,Android,Same City,0,3163,4,UPI PIN,0
TXN102469,USER4952,3917.64,Recharge,4,Android,Same City,0,3949,2,Biometric,0
TXN102470,USER3280,1067.02,P2P,11,Android,Same City,0,999,3,UPI PIN,0
TXN102471,USER2082,1540.37,P2P,17,Android,Same City,0,868,4,Biometric,0
TXN102472,USER4847,2571.82,P2P,4,iOS,Different City,1,3669,6,Biometric,0
TXN102473,USER3090,4911.97,P2P,6,iOS,Same City,1,2788,4,UPI PIN,0
TXN102474,USER2051,1967.01,Merchant,18,iOS,Different State,0,2269,5,UPI PIN,0
TXN102475,USER2916,139.01,Recharge,6,Android,Different City,0,542,2,Auto Debit,0
TXN102476,USER2391,728.48,Recharge,15,Android,Same City,1,202,4,Auto Debit,0
TXN102477,USER1367,1738.33,Recharge,3,iOS,Different State,0,2964,1,UPI PIN,1
TXN102478,USER2854,6163.77,Recharge,15,Android,Same City,0,456,1,Biometric,0
TXN102479,USER4351,443.35,Merchant,7,iOS,Same City,0,1938,4,Biometric,0
TXN102480,USER2314,2588.71,Recharge,21,iOS,Same City,0,847,7,UPI PIN,1
TXN102481,USER1745,1515.56,Recharge,20,iOS,Same City,0,30,4,UPI PIN,0
TXN102482,USER1168,474.88,Bill Payment,8,Android,Different City,0,3367,2,UPI PIN,0
TXN102483,USER4385,959.19,Bill Payment,12,Android,Same City,1,3178,3,Biometric,0
TXN102484,USER2343,577.27,Merchant,13,iOS,Different City,0,2832,1,UPI PIN,0
TXN102485,USER1207,7061.59,Recharge,17,iOS,Same City,0,2484,2,UPI PIN,1
TXN102486,USER3228,739.93,Merchant,17,Web,Different State,0,665,3,Biometric,0
TXN102487,USER4292,3266.0,P2P,11,Android,Different City,0,2501,4,UPI PIN,1
TXN102488,USER4920,300.8,Bill Payment,4,Android,Same City,0,3542,3,UPI PIN,0
TXN102489,USER2254,2254.17,Bill Payment,13,iOS,Same City,0,2163,2,UPI PIN,1
TXN102490,USER3012,402.94,P2P,10,Android,Same City,0,2325,2,Biometric,0
TXN102491,USER3720,983.62,Merchant,17,Android,Same City,0,2011,1,UPI PIN,0
TXN102492,USER1541,2768.98,Recharge,14,Android,Same City,0,2113,3,UPI PIN,0
TXN102493,USER3465,1301.23,Bill Payment,15,Android,Same City,2,2948,4,UPI PIN,0
TXN102494,USER4526,4540.86,Bill Payment,16,iOS,Same City,0,694,4,UPI PIN,1
TXN102495,USER3690,746.55,Merchant,5,iOS,Different State,0,46,2,UPI PIN,0
TXN102496,USER2055,113.59,Bill Payment,4,Android,Same City,1,546,3,UPI PIN,0
TXN102497,USER2050,3001.97,P2P,0,iOS,Same City,2,3954,1,UPI PIN,0
TXN102498,USER1330,2422.63,P2P,18,Android,Same City,2,717,1,UPI PIN,1
TXN102499,USER3528,555.17,P2P,0,Android,Same City,0,1635,5,Biometric,0
TXN102500,USER3380,593.14,Recharge,7,Android,Different State,1,2237,2,UPI PIN,0
TXN102501,USER1032,296.46,Bill Payment,17,Android,Different City,0,357,4,UPI PIN,1
TXN102502,USER4952,1622.97,Recharge,0,Android,Same City,1,176,4,UPI PIN,1
TXN102503,USER3342,1961.42,P2P,9,iOS,Same City,1,1948,3,UPI PIN,0
TXN102504,USER1569,132.6,Recharge,14,iOS,Same City,0,2068,1,UPI PIN,0
TXN102505,USER3791,2128.65,Merchant,14,Android,Same City,1,268,3,Biometric,0
TXN102506,USER2232,1028.07,P2P,3,Web,Same City,1,1537,2,UPI PIN,0
TXN102507,USER4887,1905.26,Bill Payment,17,iOS,Same City,0,1554,4,Auto Debit,0
TXN102508,USER2783,2644.12,Recharge,22,Android,Different State,0,2527,2,UPI PIN,0
TXN102509,USER4186,35.05,Bill Payment,13,iOS,Different City,0,989,8,UPI PIN,0
TXN102510,USER4547,411.07,P2P,5,iOS,Different City,0,3046,0,UPI PIN,0
TXN102511,USER2856,622.87,P2P,7,Android,Same City,0,3007,4,UPI PIN,0
TXN102512,USER2849,2308.49,Bill Payment,5,Android,Same City,0,3976,3,UPI PIN,1
TXN102513,USER3680,669.73,P2P,20,Android,Same City,0,3222,3,UPI PIN,0
TXN102514,USER2329,1192.62,P2P,1,Android,Same City,1,930,2,Biometric,1
TXN102515,USER4934,265.16,P2P,20,Android,Same City,0,647,2,UPI PIN,0
TXN102516,USER3006,472.41,P2P,13,iOS,Same City,0,886,2,Biometric,0
TXN102517,USER2144,1476.11,Merchant,11,iOS,Same City,1,2158,8,UPI PIN,0
TXN102518,USER1013,3374.84,P2P,13,Android,Same City,0,3949,5,UPI PIN,0
TXN102519,USER2077,5334.97,Recharge,16,Android,Different State,0,2578,6,UPI PIN,1
TXN102520,USER4669,2666.65,Bill Payment,15,iOS,Same City,0,3604,2,Auto Debit,1
TXN102521,USER3283,1371.62,Recharge,18,Android,Same City,1,1892,2,UPI PIN,1
TXN102522,USER1776,1195.4,Bill Payment,15,Android,Same City,0,1403,4,Auto Debit,0
TXN102523,USER1304,1014.36,Merchant,21,iOS,Same City,0,2796,2,UPI PIN,0
TXN102524,USER3178,3316.4,Merchant,23,Android,Same City,0,2917,1,UPI PIN,1
TXN102525,USER2682,239.24,Recharge,13,iOS,Same City,0,2679,3,UPI PIN,0
TXN102526,USER3563,2919.68,Recharge,1,Android,Same City,0,1705,6,Biometric,0
TXN102527,USER4041,520.74,Recharge,17,Android,Same City,0,2331,3,UPI PIN,0
TXN102528,USER4565,36.6,Merchant,23,Android,Same City,0,1213,3,Biometric,0
TXN102529,USER1927,5528.68,Bill Payment,10,iOS,Same City,0,2839,1,UPI PIN,1
TXN102530,USER4196,229.97,Merchant,0,Android,Different City,0,2997,4,UPI PIN,0
TXN102531,USER4365,7397.01,Merchant,12,iOS,Different City,0,2124,1,UPI PIN,0
TXN102532,USER4747,54.58,Recharge,7,Android,Same City,0,3505,4,Auto Debit,0
TXN102533,USER3517,23.41,Bill Payment,15,Android,Same City,1,1328,4,Biometric,0
TXN102534,USER2668,17729.41,P2P,1,Android,Same City,0,2462,0,UPI PIN,0
TXN102535,USER3597,1601.94,Recharge,13,Android,Same City,1,3847,3,UPI PIN,0
TXN102536,USER4634,855.36,Bill Payment,0,Android,Same City,1,2938,1,UPI PIN,0
TXN102537,USER2431,2949.83,P2P,5,Android,Same City,0,3191,3,Biometric,0
TXN102538,USER2357,413.22,P2P,14,Android,Same City,0,81,4,Biometric,0
TXN102539,USER2001,743.98,Recharge,9,Android,Same City,1,2915,3,Biometric,0
TXN102540,USER1646,728.17,Recharge,7,iOS,Same City,0,1494,2,Biometric,0
TXN102541,USER4974,5906.69,Bill Payment,23,Android,Different City,0,1499,7,UPI PIN,0
TXN102542,USER2661,4881.0,Merchant,9,Android,Same City,1,2835,1,UPI PIN,1
TXN102543,USER3995,412.92,P2P,8,Android,Same City,0,2460,4,Biometric,0
TXN102544,USER1374,2108.13,Bill Payment,13,Android,Same City,0,755,3,Biometric,0
TXN102545,USER2069,1273.02,Merchant,20,iOS,Different State,0,1793,1,Biometric,0
TXN102546,USER2829,303.86,Merchant,4,iOS,Same City,0,1687,2,UPI PIN,0
TXN102547,USER1077,2634.4,Recharge,15,Android,Same City,0,1674,2,UPI PIN,0
TXN102548,USER4919,1717.66,Merchant,19,iOS,Different City,1,2039,0,UPI PIN,0
TXN102549,USER4052,371.93,Bill Payment,9,Web,Same City,0,3101,3,UPI PIN,0
TXN102550,USER1362,4973.63,P2P,14,Web,Same City,2,2978,9,UPI PIN,0
TXN102551,USER1451,829.45,Recharge,13,Android,Same City,1,1709,3,UPI PIN,0
TXN102552,USER3982,1747.32,Recharge,11,Android,Same City,0,2249,2,UPI PIN,0
TXN102553,USER4337,3901.23,Recharge,23,iOS,Same City,0,128,4,Biometric,1
TXN102554,USER4802,1311.13,P2P,15,iOS,Same City,0,3255,3,UPI PIN,1
TXN102555,USER2762,49.73,Bill Payment,20,Android,Same City,0,1611,2,UPI PIN,0
TXN102556,USER1556,808.49,Recharge,13,Android,Different State,0,3266,1,UPI PIN,0
TXN102557,USER3660,3242.19,Merchant,8,iOS,Same City,0,1198,3,UPI PIN,0
TXN102558,USER3761,1438.39,Recharge,9,Android,Same City,0,1344,1,Biometric,0
TXN102559,USER4197,1191.74,Recharge,10,iOS,Different City,0,888,3,Biometric,1
TXN102560,USER3789,1975.2,Recharge,13,iOS,Different State,0,52,2,Biometric,0
TXN102561,USER1437,2732.76,P2P,7,Android,Same City,0,3980,3,UPI PIN,0
TXN102562,USER1736,11021.65,P2P,4,Android,Different City,0,2807,4,UPI PIN,1
TXN102563,USER3098,315.22,Merchant,8,Web,Same City,0,1091,1,UPI PIN,0
TXN102564,USER1582,1851.52,Recharge,11,iOS,Same City,0,1506,2,UPI PIN,0
TXN102565,USER2096,1178.45,P2P,21,Android,Same City,1,3177,3,UPI PIN,0
TXN102566,USER2923,1737.6,Bill Payment,19,Android,Same City,0,3677,1,UPI PIN,0
TXN102567,USER2129,2200.83,Recharge,13,Android,Same City,0,2327,3,UPI PIN,1
TXN102568,USER1695,1220.55,Recharge,16,Android,Same City,0,53,2,UPI PIN,0
TXN102569,USER4250,3183.74,Recharge,16,Android,Same City,0,2128,5,UPI PIN,0
TXN102570,USER1554,864.07,Merchant,4,iOS,Different City,0,783,1,UPI PIN,0
TXN102571,USER4587,679.96,Bill Payment,21,Android,Same City,0,1322,2,Auto Debit,0
TXN102572,USER2879,309.19,P2P,15,iOS,Same City,0,2790,2,Auto Debit,0
TXN102573,USER2825,3935.0,Recharge,12,iOS,Different State,0,685,3,UPI PIN,1
TXN102574,USER1319,858.62,Recharge,12,iOS,Same City,2,1825,0,UPI PIN,0
TXN102575,USER3603,842.32,Bill Payment,8,Android,Same City,0,3950,1,Biometric,0
TXN102576,USER2433,527.54,P2P,14,Android,Same City,0,392,3,UPI PIN,0
TXN102577,USER3255,4298.23,P2P,12,Android,Different State,0,3410,2,Auto Debit,0
TXN102578,USER2898,1084.8,Merchant,22,iOS,Same City,0,545,2,UPI PIN,0
TXN102579,USER1651,241.38,P2P,21,iOS,Same City,0,2358,0,UPI PIN,0
TXN102580,USER3240,1338.81,Recharge,20,Android,Same City,0,56,3,Biometric,0
TXN102581,USER2369,3682.0,Recharge,13,iOS,Different City,0,1857,5,UPI PIN,1
TXN102582,USER1745,2217.58,Merchant,5,Android,Same City,0,2826,1,UPI PIN,0
TXN102583,USER3811,4107.2,Bill Payment,7,iOS,Same City,0,639,3,UPI PIN,1
TXN102584,USER3985,344.89,Recharge,1,Android,Same City,0,1363,3,UPI PIN,0
TXN102585,USER4738,1294.0,Merchant,17,Android,Same City,0,3453,6,Auto Debit,0
TXN102586,USER1049,415.26,Bill Payment,6,iOS,Different State,0,1013,3,Biometric,0
TXN102587,USER2901,2625.13,Bill Payment,15,Android,Different City,0,3766,4,Biometric,1
TXN102588,USER3404,2354.58,P2P,17,Android,Different City,0,1423,4,UPI PIN,1
TXN102589,USER2056,2138.57,Recharge,5,Android,Same City,0,3338,2,UPI PIN,1
TXN102590,USER3027,774.07,P2P,6,Android,Same City,0,95,1,UPI PIN,0
TXN102591,USER3621,2228.48,P2P,22,Android,Same City,1,1253,3,UPI PIN,0
TXN102592,USER3681,949.34,Recharge,18,iOS,Same City,1,1412,4,UPI PIN,0
TXN102593,USER4651,1213.9,Bill Payment,7,iOS,Different State,0,2702,0,UPI PIN,1
TXN102594,USER3266,140.51,Bill Payment,4,Android,Different City,0,995,3,UPI PIN,0
TXN102595,USER3729,2726.62,Recharge,22,iOS,Different City,0,3466,2,UPI PIN,0
TXN102596,USER3065,962.71,P2P,10,Android,Same City,0,2249,1,Auto Debit,0
TXN102597,USER3540,373.24,Recharge,22,Android,Same City,0,299,1,UPI PIN,0
TXN102598,USER4992,264.75,Merchant,2,iOS,Same City,0,1565,3,UPI PIN,0
TXN102599,USER4412,1283.57,P2P,11,Android,Different State,0,3641,3,Auto Debit,0
TXN102600,USER4668,3231.93,P2P,23,Android,Same City,0,1280,6,Biometric,0
TXN102601,USER4957,184.98,Bill Payment,12,iOS,Same City,0,2484,5,UPI PIN,0
TXN102602,USER4530,181.13,P2P,23,Android,Different State,0,1501,3,Biometric,0
TXN102603,USER4767,1929.44,Bill Payment,15,iOS,Different City,1,2963,2,UPI PIN,0
TXN102604,USER1862,396.23,Recharge,15,Android,Same City,0,3380,1,UPI PIN,0
TXN102605,USER3930,115.29,Bill Payment,10,Android,Same City,0,443,2,UPI PIN,0
TXN102606,USER2685,1140.15,Recharge,11,Android,Different City,0,1577,1,Biometric,1
TXN102607,USER2625,243.14,Recharge,14,iOS,Same City,0,3491,5,UPI PIN,0
TXN102608,USER2356,782.31,Recharge,21,iOS,Same City,0,2731,1,UPI PIN,0
TXN102609,USER4004,7385.46,Recharge,5,iOS,Same City,0,1330,4,UPI PIN,0
TXN102610,USER3513,32.48,Bill Payment,4,Android,Same City,0,3780,1,Biometric,0
TXN102611,USER1021,1179.93,Merchant,5,Android,Same City,3,969,2,Biometric,1
TXN102612,USER4038,1635.35,Recharge,12,Android,Different City,1,2803,5,UPI PIN,0
TXN102613,USER3118,2156.44,Recharge,5,iOS,Different City,2,1317,3,UPI PIN,0
TXN102614,USER1837,816.73,Merchant,16,Android,Same City,0,75,7,UPI PIN,0
TXN102615,USER1515,4061.55,Bill Payment,18,Android,Same City,0,1423,6,Auto Debit,0
TXN102616,USER1558,1566.47,Recharge,9,Android,Same City,0,748,3,UPI PIN,0
TXN102617,USER2274,454.64,Merchant,12,iOS,Same City,0,2678,4,UPI PIN,0
TXN102618,USER1898,6304.57,Bill Payment,11,Android,Different City,0,373,2,Biometric,1
TXN102619,USER2763,126.2,Bill Payment,6,Web,Same City,0,3461,4,UPI PIN,0
TXN102620,USER3714,498.32,P2P,7,iOS,Different State,0,2686,1,UPI PIN,0
TXN102621,USER3205,3579.25,P2P,1,Android,Same City,1,1390,2,Auto Debit,0
TXN102622,USER2440,2468.06,Merchant,18,iOS,Same City,0,838,5,UPI PIN,1
TXN102623,USER2725,593.22,Bill Payment,14,Android,Same City,0,422,0,UPI PIN,0
TXN102624,USER2263,1084.23,Merchant,14,Android,Same City,0,2894,6,Biometric,1
TXN102625,USER3869,247.95,Bill Payment,7,iOS,Same City,0,1645,4,Biometric,0
TXN102626,USER1067,2420.85,P2P,5,iOS,Same City,0,2713,3,UPI PIN,0
TXN102627,USER4211,1085.89,P2P,9,Android,Same City,0,970,2,UPI PIN,1
TXN102628,USER4703,779.03,Merchant,21,iOS,Same City,0,3675,0,Auto Debit,0
TXN102629,USER1382,5235.69,Merchant,6,Android,Different City,1,1939,4,UPI PIN,0
TXN102630,USER3553,452.1,Bill Payment,10,iOS,Different City,1,148,1,UPI PIN,0
TXN102631,USER1820,2091.72,P2P,9,Android,Same City,0,3260,2,UPI PIN,0
TXN102632,USER2774,1153.18,Recharge,16,Android,Different City,0,2174,1,UPI PIN,0
TXN102633,USER1903,3346.4,Recharge,9,Android,Same City,1,1962,2,UPI PIN,0
TXN102634,USER2854,1964.29,Merchant,4,Android,Different City,1,3498,3,Biometric,0
TXN102635,USER3708,455.19,Recharge,8,Android,Same City,0,951,3,UPI PIN,0
TXN102636,USER2117,787.83,Merchant,7,Android,Same City,0,2786,3,Biometric,0
TXN102637,USER2690,547.71,Bill Payment,14,Android,Same City,0,1082,3,UPI PIN,0
TXN102638,USER1455,3290.85,P2P,0,Android,Same City,1,411,4,UPI PIN,1
TXN102639,USER4038,531.95,Bill Payment,1,Android,Same City,0,2844,2,Biometric,0
TXN102640,USER4052,370.8,Merchant,10,iOS,Different State,1,3371,3,Biometric,0
TXN102641,USER2800,40.42,Bill Payment,15,iOS,Same City,1,3040,2,Auto Debit,0
TXN102642,USER3585,1608.14,P2P,7,Android,Same City,0,508,3,UPI PIN,0
TXN102643,USER2533,1052.26,Merchant,18,Android,Different City,0,810,4,UPI PIN,0
TXN102644,USER1797,573.03,P2P,9,iOS,Same City,0,1685,4,UPI PIN,0
TXN102645,USER4734,2792.31,P2P,3,Android,Different City,0,531,4,UPI PIN,1
TXN102646,USER3301,3510.33,Bill Payment,4,iOS,Same City,0,1810,3,UPI PIN,1
TXN102647,USER3528,2436.02,Recharge,18,Android,Same City,0,2181,6,Biometric,0
TXN102648,USER4520,1096.73,P2P,14,iOS,Same City,1,2333,2,UPI PIN,0
TXN102649,USER3334,1191.14,Merchant,3,Android,Same City,0,1869,3,Biometric,0
TXN102650,USER3692,55.84,Bill Payment,12,Android,Same City,0,602,8,UPI PIN,0
TXN102651,USER2005,13696.54,Bill Payment,12,Android,Same City,1,2867,0,UPI PIN,0
TXN102652,USER1829,2324.76,P2P,12,iOS,Same City,1,207,2,Biometric,0
TXN102653,USER1611,915.52,P2P,7,Android,Same City,1,1606,4,UPI PIN,1
TXN102654,USER4318,491.07,P2P,11,Android,Same City,2,243,3,Biometric,1
TXN102655,USER3188,1433.9,Merchant,8,Android,Same City,0,964,4,UPI PIN,0
TXN102656,USER1182,0.91,Recharge,15,Web,Different City,0,3734,3,UPI PIN,1
TXN102657,USER4183,3397.56,Recharge,2,Android,Same City,1,1664,2,UPI PIN,0
TXN102658,USER3296,1809.76,Recharge,9,Android,Same City,0,2972,2,UPI PIN,0
TXN102659,USER2377,641.54,Bill Payment,21,Android,Same City,0,2975,3,UPI PIN,0
TXN102660,USER3349,3955.83,Recharge,8,Android,Different City,0,376,1,UPI PIN,1
TXN102661,USER3317,1057.51,Recharge,23,Android,Same City,0,3972,4,Biometric,0
TXN102662,USER4968,2273.3,Merchant,7,Android,Different State,0,3479,2,UPI PIN,1
TXN102663,USER2513,191.62,Bill Payment,23,iOS,Same City,0,574,7,UPI PIN,1
TXN102664,USER1749,2132.63,P2P,16,Web,Same City,0,382,2,Biometric,1
TXN102665,USER1350,3119.03,Bill Payment,1,iOS,Same City,0,1765,2,UPI PIN,0
TXN102666,USER2030,360.52,Bill Payment,3,iOS,Same City,1,3391,3,Biometric,0
TXN102667,USER4972,1588.43,Bill Payment,1,Android,Same City,0,3752,4,Biometric,0
TXN102668,USER4881,189.3,P2P,4,Android,Different State,0,893,3,UPI PIN,0
TXN102669,USER3212,500.8,Merchant,0,Android,Different City,2,1052,1,UPI PIN,0
TXN102670,USER2503,2780.14,Merchant,3,Android,Different City,1,3989,2,UPI PIN,1
TXN102671,USER3201,447.9,Recharge,6,Android,Same City,0,2561,2,UPI PIN,0
TXN102672,USER1368,135.05,Merchant,0,Android,Same City,0,3435,3,Biometric,1
TXN102673,USER1270,5418.02,Merchant,8,Android,Same City,0,622,2,Biometric,0
TXN102674,USER4542,3443.8,Merchant,4,iOS,Same City,0,3497,4,UPI PIN,1
TXN102675,USER1405,3867.8,Merchant,13,Android,Same City,1,2526,3,Auto Debit,0
TXN102676,USER1286,30.38,Recharge,5,iOS,Same City,0,3580,2,UPI PIN,0
TXN102677,USER3488,149.7,P2P,12,Android,Same City,0,3300,3,UPI PIN,0
TXN102678,USER1086,86.35,Bill Payment,0,Android,Different City,0,1707,4,UPI PIN,0
TXN102679,USER4398,4626.27,Merchant,14,Android,Same City,0,250,2,Biometric,0
TXN102680,USER2466,9242.05,Bill Payment,11,iOS,Different City,0,2509,0,UPI PIN,0
TXN102681,USER1952,629.25,Recharge,5,Android,Same City,0,462,6,UPI PIN,1
TXN102682,USER1149,6662.14,P2P,10,Android,Same City,1,1074,2,Biometric,0
TXN102683,USER3967,986.93,Bill Payment,16,Android,Same City,0,3021,0,UPI PIN,0
TXN102684,USER3294,340.58,Recharge,15,Web,Same City,1,1980,1,UPI PIN,0
TXN102685,USER4588,974.65,Bill Payment,21,Android,Same City,2,1337,1,UPI PIN,1
TXN102686,USER3738,1246.68,Bill Payment,17,Android,Different City,0,2967,4,UPI PIN,0
TXN102687,USER1517,5424.7,Merchant,13,Android,Same City,0,3317,6,UPI PIN,0
TXN102688,USER4760,999.32,Recharge,15,Android,Same City,0,1682,2,UPI PIN,0
TXN102689,USER3313,1283.18,P2P,13,Web,Same City,0,2101,4,UPI PIN,0
TXN102690,USER1122,1321.81,P2P,0,iOS,Different City,0,1322,6,UPI PIN,1
TXN102691,USER2773,135.2,Bill Payment,19,iOS,Different State,0,2553,3,UPI PIN,0
TXN102692,USER2079,4328.17,P2P,1,iOS,Different State,0,983,3,UPI PIN,1
TXN102693,USER3598,3065.77,Bill Payment,1,Android,Different City,0,1166,2,UPI PIN,1
TXN102694,USER4383,6290.66,Recharge,17,Android,Same City,0,3627,1,UPI PIN,1
TXN102695,USER1281,62.73,P2P,9,iOS,Same City,0,2015,2,UPI PIN,0
TXN102696,USER3242,10177.78,Recharge,17,Android,Same City,0,2290,4,Auto Debit,0
TXN102697,USER1948,105.49,Merchant,12,iOS,Same City,0,2114,3,UPI PIN,0
TXN102698,USER2929,540.82,Bill Payment,9,iOS,Same City,0,2328,4,UPI PIN,0
TXN102699,USER2147,2519.06,Bill Payment,2,iOS,Different State,0,1353,5,Biometric,0
TXN102700,USER1490,5277.07,Merchant,9,Android,Same City,1,3640,0,UPI PIN,0
TXN102701,USER3688,4446.66,Bill Payment,5,Android,Same City,1,2786,3,UPI PIN,1
TXN102702,USER1184,47.55,Bill Payment,1,Android,Different City,1,2151,2,Biometric,0
TXN102703,USER4671,2647.6,P2P,2,Web,Different City,0,2294,3,Biometric,1
TXN102704,USER2877,4318.19,P2P,0,iOS,Different City,1,2365,4,UPI PIN,0
TXN102705,USER4892,6412.47,P2P,5,Android,Same City,0,1589,2,UPI PIN,1
TXN102706,USER1466,3479.36,Recharge,5,Android,Same City,0,2156,4,UPI PIN,1
TXN102707,USER1005,1388.02,Bill Payment,9,Android,Different City,0,2102,3,UPI PIN,0
TXN102708,USER1363,647.89,Recharge,23,Android,Different City,0,968,3,UPI PIN,0
TXN102709,USER4533,397.22,P2P,17,Web,Different State,0,144,3,Biometric,0
TXN102710,USER2644,4604.17,P2P,4,iOS,Same City,0,3666,5,UPI PIN,1
TXN102711,USER2859,1505.96,Bill Payment,1,iOS,Different City,0,2254,2,Auto Debit,0
TXN102712,USER4182,1242.42,Merchant,20,Android,Same City,0,1222,4,UPI PIN,0
TXN102713,USER3126,443.23,Recharge,8,Android,Same City,0,3119,3,UPI PIN,0
TXN102714,USER2058,1770.22,P2P,11,Android,Same City,0,3014,4,Auto Debit,1
TXN102715,USER2366,2964.17,Merchant,19,iOS,Same City,0,278,2,UPI PIN,0
TXN102716,USER1455,5785.87,Recharge,20,iOS,Same City,0,55,2,UPI PIN,1
TXN102717,USER2440,1288.97,Recharge,19,iOS,Same City,0,397,6,UPI PIN,0
TXN102718,USER3977,4470.17,Merchant,17,Android,Same City,1,3400,2,UPI PIN,0
TXN102719,USER2158,1060.26,Recharge,22,Web,Same City,0,1593,4,UPI PIN,0
TXN102720,USER3383,5554.63,Recharge,8,Web,Same City,0,1422,2,UPI PIN,0
TXN102721,USER4237,377.29,P2P,18,Android,Same City,0,3815,3,Auto Debit,0
TXN102722,USER1825,1273.45,P2P,10,Android,Same City,0,2060,2,Biometric,1
TXN102723,USER3370,418.66,Merchant,11,Android,Same City,2,1387,3,Auto Debit,0
TXN102724,USER2240,1989.15,Recharge,1,iOS,Same City,0,3458,6,UPI PIN,1
TXN102725,USER2654,1043.14,Merchant,7,iOS,Same City,0,1564,0,Auto Debit,0
TXN102726,USER3727,1407.86,Merchant,17,iOS,Same City,1,3908,7,Biometric,0
TXN102727,USER4485,155.13,Recharge,5,iOS,Same City,0,380,5,Auto Debit,0
TXN102728,USER3569,1488.47,Recharge,19,iOS,Same City,0,389,6,UPI PIN,0
TXN102729,USER2558,2625.2,P2P,10,Web,Different State,0,1974,2,UPI PIN,0
TXN102730,USER1978,415.78,Recharge,2,Web,Same City,0,990,2,UPI PIN,0
TXN102731,USER2074,5723.65,Recharge,0,iOS,Same City,0,1877,4,UPI PIN,0
TXN102732,USER4783,1560.33,P2P,23,Android,Same City,0,3768,2,UPI PIN,0
TXN102733,USER2714,2860.13,Bill Payment,10,iOS,Same City,0,2427,2,UPI PIN,0
TXN102734,USER2416,3032.29,Recharge,1,Android,Same City,0,396,3,Auto Debit,0
TXN102735,USER1174,108.41,Recharge,6,iOS,Same City,0,3056,1,UPI PIN,0
TXN102736,USER3272,1197.94,Recharge,13,iOS,Same City,0,3001,6,Biometric,0
TXN102737,USER1134,294.91,Bill Payment,15,Android,Same City,1,2582,5,Biometric,0
TXN102738,USER4477,1632.59,Merchant,16,Android,Same City,0,2874,1,UPI PIN,0
TXN102739,USER1660,5676.06,Recharge,9,iOS,Same City,0,2534,1,UPI PIN,1
TXN102740,USER1120,2469.65,Merchant,18,Android,Same City,1,421,1,UPI PIN,0
TXN102741,USER1312,3126.91,Recharge,12,iOS,Different City,1,2534,4,UPI PIN,1
TXN102742,USER3797,2267.16,Merchant,1,Android,Same City,1,1493,2,UPI PIN,0
TXN102743,USER1872,1126.27,Bill Payment,3,Android,Same City,0,1443,1,UPI PIN,0
TXN102744,USER4353,4644.75,Recharge,6,Android,Same City,0,2201,4,UPI PIN,0
TXN102745,USER4935,1014.32,P2P,23,Android,Same City,1,3598,2,UPI PIN,0
TXN102746,USER3382,4647.37,Recharge,5,Android,Different City,1,746,3,UPI PIN,1
TXN102747,USER3396,80.11,Bill Payment,9,iOS,Same City,0,366,3,Biometric,0
TXN102748,USER3086,184.12,Bill Payment,13,Android,Different City,0,1055,3,UPI PIN,0
TXN102749,USER3695,902.52,Bill Payment,21,Android,Different City,0,3215,5,UPI PIN,1
TXN102750,USER2548,4519.13,Bill Payment,15,Android,Different City,1,3523,3,UPI PIN,0
TXN102751,USER1679,3169.49,Bill Payment,7,Web,Same City,2,2880,6,Auto Debit,0
TXN102752,USER1431,690.08,Merchant,2,Android,Different City,0,2682,2,Auto Debit,0
TXN102753,USER3297,586.15,Merchant,6,Android,Same City,0,1496,2,UPI PIN,0
TXN102754,USER4591,51.7,Recharge,8,Android,Different State,2,2364,2,UPI PIN,1
TXN102755,USER1627,1172.94,Merchant,3,Android,Same City,0,2134,2,UPI PIN,1
TXN102756,USER4393,794.99,P2P,5,iOS,Same City,0,2368,4,Auto Debit,1
TXN102757,USER1989,519.76,P2P,13,Android,Same City,0,3130,1,UPI PIN,0
TXN102758,USER4172,1957.68,Bill Payment,10,Android,Same City,0,3357,5,UPI PIN,0
TXN102759,USER1806,4715.62,Recharge,21,Android,Same City,0,1002,3,UPI PIN,0
TXN102760,USER2942,1341.39,Bill Payment,20,iOS,Same City,0,1553,2,UPI PIN,0
TXN102761,USER4229,682.22,Merchant,16,Web,Same City,1,221,0,UPI PIN,0
TXN102762,USER1872,3469.13,Merchant,14,Android,Same City,1,3256,2,UPI PIN,0
TXN102763,USER4600,361.31,Recharge,14,Web,Same City,0,2006,2,UPI PIN,0
TXN102764,USER3223,705.0,P2P,14,Android,Same City,1,3561,3,Biometric,1
TXN102765,USER4348,207.17,Bill Payment,5,Android,Different State,0,610,1,UPI PIN,0
TXN102766,USER3706,344.1,P2P,2,Android,Same City,0,476,5,UPI PIN,0
TXN102767,USER2812,134.65,Merchant,10,Android,Same City,0,1150,3,Biometric,0
TXN102768,USER2539,2612.71,P2P,17,iOS,Same City,1,1616,9,Biometric,0
TXN102769,USER3215,1316.09,Bill Payment,16,Android,Different State,0,3364,0,UPI PIN,0
TXN102770,USER2516,109.12,Merchant,6,Android,Same City,1,1979,4,UPI PIN,0
TXN102771,USER3149,1533.81,Merchant,18,Android,Same City,0,917,4,UPI PIN,1
TXN102772,USER4083,1563.62,Recharge,14,Android,Same City,0,2657,4,Biometric,0
TXN102773,USER4858,5492.54,Bill Payment,0,Android,Same City,0,268,4,UPI PIN,0
TXN102774,USER4853,4712.61,P2P,9,iOS,Same City,3,1003,4,UPI PIN,1
TXN102775,USER3712,1954.62,Recharge,18,iOS,Same City,1,1043,1,Auto Debit,1
TXN102776,USER1673,2082.72,Recharge,15,iOS,Same City,0,112,5,UPI PIN,0
TXN102777,USER3834,1106.02,P2P,4,Android,Different City,0,1195,2,Biometric,0
TXN102778,USER4215,2071.22,Bill Payment,19,Android,Same City,0,2781,5,UPI PIN,0
TXN102779,USER1629,6470.43,Recharge,4,Android,Same City,0,612,0,UPI PIN,0
TXN102780,USER3670,425.75,Merchant,20,iOS,Same City,0,3381,2,Biometric,0
TXN102781,USER1624,403.18,Recharge,6,Android,Same City,1,2463,7,Biometric,0
TXN102782,USER1003,4631.88,Recharge,17,iOS,Different State,0,693,2,UPI PIN,0
TXN102783,USER1787,1916.7,Merchant,16,iOS,Same City,2,2020,3,UPI PIN,0
TXN102784,USER3896,3505.24,Merchant,11,Android,Same City,0,2792,3,Biometric,0
TXN102785,USER2302,2078.02,P2P,10,iOS,Same City,0,2209,2,UPI PIN,0
TXN102786,USER1516,3863.03,Bill Payment,16,Android,Same City,0,1015,0,UPI PIN,0
TXN102787,USER1476,5254.27,Bill Payment,11,Android,Different State,0,1660,3,UPI PIN,0
TXN102788,USER3470,4716.75,Bill Payment,18,iOS,Same City,1,1566,2,UPI PIN,0
TXN102789,USER4484,3727.82,Merchant,17,Android,Same City,0,2559,2,UPI PIN,1
TXN102790,USER1742,5596.79,P2P,15,iOS,Same City,0,2597,3,Biometric,1
TXN102791,USER1905,3167.6,P2P,23,Android,Same City,1,410,3,Biometric,1
TXN102792,USER4883,2573.25,Bill Payment,5,Android,Same City,0,1499,5,Auto Debit,0
TXN102793,USER1924,3189.34,Merchant,23,Android,Different City,1,1483,1,Auto Debit,0
TXN102794,USER2834,236.35,Bill Payment,19,iOS,Same City,0,3927,2,Biometric,0
TXN102795,USER3269,1114.25,Recharge,11,Android,Same City,1,2426,2,UPI PIN,0
TXN102796,USER4645,3321.01,Recharge,10,Android,Same City,0,3037,4,Auto Debit,0
TXN102797,USER2189,966.0,P2P,17,Android,Same City,0,3787,4,Biometric,1
TXN102798,USER3578,67.48,Recharge,22,Android,Same City,2,49,5,UPI PIN,0
TXN102799,USER2201,930.28,P2P,11,Android,Same City,0,3924,6,UPI PIN,1
TXN102800,USER4159,2538.83,P2P,15,Android,Same City,1,242,0,UPI PIN,1
TXN102801,USER2826,1610.51,Bill Payment,20,Android,Different State,2,2113,1,Biometric,0
TXN102802,USER1798,807.74,Merchant,6,Android,Different City,0,492,7,UPI PIN,0
TXN102803,USER1418,1240.84,Merchant,5,Android,Different City,1,2732,2,Biometric,0
TXN102804,USER4771,392.68,Merchant,8,Android,Same City,0,142,4,Biometric,0
TXN102805,USER3610,1604.58,Merchant,15,Android,Same City,0,3127,4,UPI PIN,0
TXN102806,USER3634,323.66,Recharge,0,Android,Same City,0,2878,1,UPI PIN,0
TXN102807,USER3717,1039.48,P2P,14,iOS,Same City,1,2372,5,UPI PIN,0
TXN102808,USER4599,419.12,Recharge,15,iOS,Same City,0,2902,4,UPI PIN,0
TXN102809,USER3734,1053.79,P2P,17,iOS,Different City,0,2318,6,UPI PIN,0
TXN102810,USER3401,215.94,Recharge,9,Android,Different City,0,861,3,Auto Debit,0
TXN102811,USER3165,1475.61,P2P,6,iOS,Same City,0,349,4,UPI PIN,0
TXN102812,USER4527,1932.41,Merchant,21,Android,Same City,0,409,1,UPI PIN,0
TXN102813,USER1462,718.3,P2P,16,Web,Different City,0,2966,5,Auto Debit,0
TXN102814,USER3152,58.38,Bill Payment,15,iOS,Same City,0,3931,5,Biometric,0
TXN102815,USER4218,369.48,P2P,22,Android,Different City,1,1934,8,Biometric,1
TXN102816,USER4859,988.52,Recharge,15,Android,Same City,0,1417,0,UPI PIN,0
TXN102817,USER3084,10808.32,Recharge,13,Android,Same City,0,3922,0,Biometric,0
TXN102818,USER3574,1323.4,P2P,13,iOS,Same City,0,2872,4,UPI PIN,0
TXN102819,USER2558,6635.57,P2P,7,Android,Same City,2,632,2,UPI PIN,1
TXN102820,USER1071,643.57,Bill Payment,19,iOS,Different City,0,2126,5,Biometric,0
TXN102821,USER3641,190.77,P2P,18,iOS,Different City,0,443,3,UPI PIN,0
TXN102822,USER3955,2208.14,Merchant,20,Android,Different City,0,1170,4,Biometric,0
TXN102823,USER4686,3741.62,Recharge,15,iOS,Different State,2,3635,3,UPI PIN,1
TXN102824,USER1671,647.62,Recharge,17,iOS,Same City,0,1892,0,UPI PIN,0
TXN102825,USER1020,1431.1,P2P,21,Android,Same City,0,1822,2,Biometric,0
TXN102826,USER3273,450.37,Recharge,11,Android,Same City,0,2835,2,UPI PIN,0
TXN102827,USER3988,4233.27,Bill Payment,2,Android,Same City,0,3196,5,UPI PIN,0
TXN102828,USER1704,763.32,Bill Payment,7,Android,Different State,0,2899,5,UPI PIN,0
TXN102829,USER1866,1090.71,Bill Payment,23,Android,Different State,0,3372,3,Biometric,0
TXN102830,USER3657,788.01,Bill Payment,22,Android,Same City,1,2556,2,UPI PIN,0
TXN102831,USER2963,535.65,Recharge,0,iOS,Same City,0,2118,3,Auto Debit,0
TXN102832,USER2740,4375.83,P2P,5,iOS,Same City,0,2326,2,UPI PIN,0
TXN102833,USER2324,901.11,Bill Payment,8,iOS,Different City,1,1963,1,UPI PIN,0
TXN102834,USER1874,3802.84,Merchant,7,iOS,Same City,0,3751,4,UPI PIN,1
TXN102835,USER1000,396.69,Bill Payment,22,iOS,Same City,0,1813,3,UPI PIN,0
TXN102836,USER3622,5524.92,P2P,5,iOS,Same City,0,1714,4,UPI PIN,0
TXN102837,USER2898,1520.89,Merchant,18,Android,Same City,1,2404,1,UPI PIN,1
TXN102838,USER1169,2743.67,Recharge,8,Android,Same City,0,489,1,UPI PIN,0
TXN102839,USER4032,4639.68,Bill Payment,4,iOS,Same City,1,3638,2,UPI PIN,1
TXN102840,USER2168,2935.86,P2P,23,Android,Same City,0,3561,5,UPI PIN,0
TXN102841,USER4682,2420.56,Bill Payment,0,iOS,Same City,0,2181,6,UPI PIN,0
TXN102842,USER4295,278.4,Bill Payment,1,Web,Same City,1,1038,1,UPI PIN,0
TXN102843,USER3795,1148.74,Bill Payment,3,Android,Same City,0,3614,3,UPI PIN,0
TXN102844,USER4854,3666.28,Bill Payment,12,iOS,Same City,0,1127,3,UPI PIN,0
TXN102845,USER2758,1419.33,P2P,2,Android,Different City,1,2516,1,Biometric,1
TXN102846,USER2533,537.04,Merchant,16,Android,Same City,0,1741,2,UPI PIN,0
TXN102847,USER3076,2710.1,Bill Payment,19,Android,Same City,0,1472,2,UPI PIN,0
TXN102848,USER1898,5163.03,P2P,23,iOS,Same City,1,621,0,UPI PIN,0
TXN102849,USER3207,2605.8,Merchant,20,Android,Same City,1,3927,3,UPI PIN,0
TXN102850,USER2596,3494.25,Bill Payment,19,Web,Same City,1,1258,3,Biometric,0
TXN102851,USER3692,2306.31,Merchant,23,iOS,Same City,1,3225,1,Auto Debit,0
TXN102852,USER4745,279.32,Recharge,3,iOS,Different City,0,917,1,UPI PIN,0
TXN102853,USER2237,1153.56,P2P,14,Android,Same City,1,2068,1,UPI PIN,0
TXN102854,USER4885,1581.75,Merchant,13,iOS,Same City,2,1066,4,UPI PIN,0
TXN102855,USER2719,594.16,Bill Payment,16,Android,Same City,0,1969,2,UPI PIN,0
TXN102856,USER1558,439.36,Recharge,1,Android,Different City,1,673,1,UPI PIN,1
TXN102857,USER3010,3087.71,Bill Payment,18,iOS,Same City,1,1770,1,Biometric,0
TXN102858,USER2251,1107.89,Bill Payment,6,iOS,Different City,0,1837,3,UPI PIN,1
TXN102859,USER2478,183.52,Bill Payment,6,Android,Same City,1,3369,1,UPI PIN,0
TXN102860,USER4250,4880.85,P2P,14,iOS,Same City,0,3693,3,UPI PIN,0
TXN102861,USER1151,1510.22,Bill Payment,11,iOS,Same City,0,126,2,Biometric,0
TXN102862,USER2534,2509.58,Recharge,0,Android,Same City,0,2036,3,UPI PIN,1
TXN102863,USER2943,224.0,Bill Payment,11,Web,Same City,1,3936,3,UPI PIN,0
TXN102864,USER3286,957.43,Merchant,10,Android,Same City,0,2250,5,UPI PIN,0
TXN102865,USER2012,50.7,Recharge,17,iOS,Different State,0,3634,2,Biometric,0
TXN102866,USER2770,732.26,P2P,14,iOS,Different City,0,1394,8,UPI PIN,0
TXN102867,USER4571,583.31,P2P,1,iOS,Same City,0,3683,1,UPI PIN,0
TXN102868,USER3383,575.65,P2P,2,iOS,Same City,0,2659,5,Biometric,0
TXN102869,USER3329,5787.34,Bill Payment,16,Android,Same City,0,1479,2,Biometric,1
TXN102870,USER4028,1408.27,Merchant,3,Android,Same City,0,2395,1,UPI PIN,0
TXN102871,USER4169,332.85,Bill Payment,1,iOS,Same City,0,1346,2,UPI PIN,0
TXN102872,USER3557,2155.24,P2P,14,Android,Same City,0,2981,3,UPI PIN,0
TXN102873,USER2800,106.96,Recharge,17,iOS,Same City,1,2024,3,UPI PIN,0
TXN102874,USER2866,1652.27,Bill Payment,0,iOS,Different State,1,1568,2,Biometric,0
TXN102875,USER2269,27.2,Merchant,3,Android,Different State,1,1861,4,UPI PIN,0
TXN102876,USER1437,543.39,Recharge,9,Android,Different State,0,2295,3,UPI PIN,0
TXN102877,USER3669,1062.07,Bill Payment,10,Android,Same City,0,1867,3,UPI PIN,0
TXN102878,USER1372,3321.92,Recharge,19,Android,Same City,0,3094,4,UPI PIN,0
TXN102879,USER1131,4063.12,P2P,16,Web,Different City,0,2088,1,UPI PIN,0
TXN102880,USER3884,3169.8,Recharge,21,Web,Different City,0,3855,3,Auto Debit,1
TXN102881,USER3102,2207.27,P2P,13,iOS,Same City,0,3555,0,Biometric,0
TXN102882,USER3723,1311.42,Recharge,9,iOS,Different City,0,2054,0,Biometric,0
TXN102883,USER2497,2359.58,Merchant,11,Web,Same City,0,2524,5,UPI PIN,1
TXN102884,USER4105,349.48,Merchant,13,Android,Same City,0,208,3,Biometric,0
TXN102885,USER4320,3011.89,Recharge,21,iOS,Same City,1,2766,1,Biometric,0
TXN102886,USER2607,3055.98,Recharge,19,Android,Same City,0,3859,3,UPI PIN,1
TXN102887,USER4521,3934.07,P2P,10,Android,Different City,1,872,1,UPI PIN,1
TXN102888,USER1368,4365.88,Bill Payment,12,Android,Different City,1,2592,1,Auto Debit,1
TXN102889,USER3560,1804.3,Bill Payment,20,Android,Same City,0,2897,4,UPI PIN,1
TXN102890,USER2716,1495.43,P2P,23,Android,Same City,0,2520,7,UPI PIN,0
TXN102891,USER1648,100.84,Bill Payment,10,iOS,Different City,0,2460,4,UPI PIN,0
TXN102892,USER1059,1766.06,P2P,4,iOS,Same City,0,3074,5,UPI PIN,0
TXN102893,USER1995,2225.18,Bill Payment,6,Android,Different City,0,870,3,UPI PIN,0
TXN102894,USER4405,2243.73,P2P,3,Android,Same City,0,1830,4,UPI PIN,1
TXN102895,USER1874,6194.58,Bill Payment,13,Android,Same City,0,1780,3,UPI PIN,1
TXN102896,USER4938,951.01,P2P,7,Android,Same City,1,2300,3,UPI PIN,0
TXN102897,USER3101,804.25,Recharge,16,Web,Same City,0,1049,3,UPI PIN,0
TXN102898,USER1759,685.69,Bill Payment,5,Android,Same City,1,462,4,Auto Debit,0
TXN102899,USER1436,3801.02,Bill Payment,12,iOS,Same City,1,726,1,UPI PIN,0
TXN102900,USER1821,63.76,P2P,14,Android,Same City,0,2553,5,Biometric,0
TXN102901,USER3725,1241.09,Bill Payment,22,Android,Same City,0,3648,4,UPI PIN,0
TXN102902,USER3434,1156.88,Merchant,3,iOS,Same City,0,3895,1,UPI PIN,1
TXN102903,USER1100,2298.52,Recharge,9,Android,Same City,0,3305,3,UPI PIN,1
TXN102904,USER3138,931.37,Bill Payment,5,Android,Same City,1,3134,2,Biometric,0
TXN102905,USER4010,849.64,Merchant,8,iOS,Same City,0,2118,3,Biometric,0
TXN102906,USER4133,711.62,Bill Payment,3,Android,Same City,0,1368,3,UPI PIN,0
TXN102907,USER4903,234.01,Merchant,19,iOS,Same City,1,1904,2,UPI PIN,0
TXN102908,USER2402,3392.36,P2P,1,Android,Same City,0,3688,5,Biometric,0
TXN102909,USER4414,2404.27,Recharge,9,iOS,Different State,0,1849,0,Biometric,0
TXN102910,USER3888,1169.13,P2P,1,iOS,Same City,0,1338,9,UPI PIN,0
TXN102911,USER3211,567.2,Merchant,15,iOS,Same City,0,1792,2,UPI PIN,0
TXN102912,USER3238,3171.48,Bill Payment,6,Android,Same City,0,1032,1,UPI PIN,0
TXN102913,USER4968,1040.34,Bill Payment,3,Android,Same City,0,1027,6,UPI PIN,0
TXN102914,USER1482,5087.98,Merchant,10,Android,Same City,0,3882,3,UPI PIN,0
TXN102915,USER2059,2668.71,P2P,23,Android,Different City,1,152,3,UPI PIN,0
TXN102916,USER2304,384.79,Recharge,2,Android,Same City,0,154,7,UPI PIN,0
TXN102917,USER1931,1575.77,Bill Payment,2,Android,Same City,0,1485,1,UPI PIN,0
TXN102918,USER4801,4754.85,P2P,9,Android,Same City,0,3031,4,Biometric,0
TXN102919,USER2162,2206.69,Recharge,1,iOS,Same City,0,3682,3,Auto Debit,1
TXN102920,USER1703,3445.08,P2P,10,iOS,Same City,0,724,4,UPI PIN,0
TXN102921,USER2855,2466.8,Recharge,11,iOS,Same City,0,843,0,UPI PIN,0
TXN102922,USER2659,986.84,P2P,12,Android,Different State,0,3466,7,UPI PIN,1
TXN102923,USER2421,956.4,P2P,11,Android,Same City,0,1084,2,Auto Debit,0
TXN102924,USER3719,1612.31,Bill Payment,0,Web,Same City,0,429,1,UPI PIN,0
TXN102925,USER3154,777.73,Recharge,17,Android,Different City,1,1594,4,Biometric,1
TXN102926,USER1702,3066.86,Recharge,18,Android,Same City,0,2145,4,UPI PIN,0
TXN102927,USER4379,7086.18,Bill Payment,23,iOS,Same City,0,2371,2,Biometric,0
TXN102928,USER3974,3412.84,P2P,8,iOS,Same City,0,2841,2,Auto Debit,1
TXN102929,USER2855,2850.22,Merchant,11,Android,Same City,0,2304,6,UPI PIN,1
TXN102930,USER3906,1546.84,Bill Payment,18,Android,Same City,0,1065,2,Auto Debit,1
TXN102931,USER2267,3688.87,Bill Payment,11,Android,Same City,0,2892,3,UPI PIN,0
TXN102932,USER1226,923.94,P2P,23,Android,Same City,1,468,4,UPI PIN,0
TXN102933,USER4380,1446.09,Bill Payment,6,Android,Same City,0,2357,4,Biometric,0
TXN102934,USER4699,4566.67,Bill Payment,3,Android,Different State,0,1644,3,UPI PIN,0
TXN102935,USER4510,309.03,Recharge,23,Android,Different State,1,426,1,UPI PIN,0
TXN102936,USER1267,847.32,P2P,16,Android,Different State,1,2553,2,UPI PIN,0
TXN102937,USER2497,50.82,Bill Payment,17,Android,Different City,1,3136,6,UPI PIN,1
TXN102938,USER3756,4157.97,P2P,19,Android,Same City,0,1852,2,Biometric,1
TXN102939,USER2168,1110.35,P2P,13,iOS,Same City,0,1010,5,Biometric,0
TXN102940,USER4608,841.93,Recharge,1,Android,Same City,0,989,2,UPI PIN,0
TXN102941,USER3465,346.94,Recharge,18,Android,Same City,0,3825,6,Auto Debit,0
TXN102942,USER3878,11.57,Bill Payment,10,Android,Same City,0,2040,3,Biometric,0
TXN102943,USER3196,2367.78,Bill Payment,8,Android,Same City,0,2373,5,UPI PIN,0
TXN102944,USER1686,1219.35,Merchant,8,iOS,Different City,0,2450,3,UPI PIN,0
TXN102945,USER4340,1443.79,Merchant,21,iOS,Same City,0,2870,1,UPI PIN,0
TXN102946,USER2917,5777.15,Recharge,15,Android,Same City,0,3133,2,UPI PIN,0
TXN102947,USER1817,6443.8,Merchant,10,iOS,Same City,0,3518,6,UPI PIN,0
TXN102948,USER3318,3329.24,Recharge,15,Android,Same City,0,1149,2,UPI PIN,1
TXN102949,USER3180,720.35,Recharge,14,iOS,Different State,0,3628,2,UPI PIN,1
TXN102950,USER1417,0.24,Bill Payment,14,iOS,Same City,0,2474,3,Biometric,0
TXN102951,USER1125,4013.89,Merchant,8,Android,Same City,1,308,1,Biometric,0
TXN102952,USER2237,121.05,Merchant,11,Web,Different State,0,1866,4,Biometric,0
TXN102953,USER2138,1120.69,Recharge,0,iOS,Different City,0,1074,2,Auto Debit,1
TXN102954,USER2971,2831.9,P2P,23,Android,Different City,1,817,3,UPI PIN,0
TXN102955,USER3673,2494.09,Bill Payment,17,Android,Different State,1,90,1,Auto Debit,0
TXN102956,USER2787,1848.0,Merchant,15,Android,Same City,0,2150,1,UPI PIN,0
TXN102957,USER3876,1576.08,Merchant,6,Android,Different City,0,2299,2,Biometric,0
TXN102958,USER4145,2108.46,P2P,12,Android,Different State,0,1019,1,UPI PIN,0
TXN102959,USER1847,1682.54,Recharge,4,Android,Same City,0,3315,1,UPI PIN,1
TXN102960,USER1989,18439.57,Merchant,3,Android,Different City,0,1372,3,Auto Debit,0
TXN102961,USER4471,437.55,P2P,14,iOS,Same City,0,3955,3,Auto Debit,0
TXN102962,USER4484,478.05,Recharge,6,Android,Same City,1,2321,6,UPI PIN,1
TXN102963,USER4073,3552.0,P2P,23,iOS,Same City,0,1616,2,UPI PIN,0
TXN102964,USER4281,1076.01,Bill Payment,14,iOS,Different State,0,800,3,UPI PIN,1
TXN102965,USER1688,1122.33,P2P,2,Web,Different City,1,1976,3,UPI PIN,0
TXN102966,USER1267,2819.01,P2P,10,iOS,Same City,0,2521,4,UPI PIN,0
TXN102967,USER2304,2905.45,Bill Payment,11,iOS,Same City,0,3318,1,UPI PIN,0
TXN102968,USER3511,431.9,Merchant,13,Web,Same City,0,2002,6,UPI PIN,1
TXN102969,USER3061,38.49,Recharge,16,Web,Same City,0,3261,3,UPI PIN,0
TXN102970,USER2901,1680.11,Merchant,3,Android,Same City,0,2022,4,UPI PIN,0
TXN102971,USER2293,2075.74,P2P,0,Android,Same City,0,1002,2,UPI PIN,0
TXN102972,USER2547,2176.85,P2P,3,Android,Same City,0,1285,1,Auto Debit,1
TXN102973,USER4808,773.39,P2P,18,Android,Same City,0,3305,4,UPI PIN,0
TXN102974,USER4823,6824.47,Recharge,2,iOS,Different City,0,132,1,UPI PIN,1
TXN102975,USER3377,4858.11,Merchant,15,Android,Same City,0,3010,3,UPI PIN,0
TXN102976,USER1866,1394.34,Merchant,14,iOS,Same City,1,2855,3,UPI PIN,1
TXN102977,USER4053,398.51,Recharge,17,iOS,Same City,1,2758,3,UPI PIN,0
TXN102978,USER3693,2942.25,Merchant,14,Android,Same City,0,3204,4,Biometric,1
TXN102979,USER1097,90.26,P2P,9,Android,Same City,0,2817,4,UPI PIN,0
TXN102980,USER4881,6286.84,P2P,16,Android,Different State,0,964,4,UPI PIN,0
TXN102981,USER3804,1685.92,Bill Payment,23,Android,Same City,0,162,4,UPI PIN,0
TXN102982,USER1269,2899.24,P2P,22,Android,Same City,0,2813,7,UPI PIN,0
TXN102983,USER3055,839.78,Merchant,17,Android,Same City,0,3410,1,UPI PIN,0
TXN102984,USER4394,2732.14,P2P,0,Android,Same City,0,971,3,Biometric,0
TXN102985,USER4941,436.14,Merchant,22,Android,Same City,0,2913,3,Biometric,0
TXN102986,USER3455,2789.3,Bill Payment,1,Android,Same City,0,136,3,UPI PIN,0
TXN102987,USER2106,4302.87,P2P,5,iOS,Same City,0,3778,3,UPI PIN,0
TXN102988,USER2772,587.73,Bill Payment,0,iOS,Same City,0,3461,4,Biometric,1
TXN102989,USER1911,853.93,Bill Payment,11,Android,Different State,2,3090,0,UPI PIN,0
TXN102990,USER2891,2158.96,Merchant,16,Android,Same City,0,966,6,UPI PIN,1
TXN102991,USER3631,818.51,P2P,22,iOS,Same City,0,2447,2,UPI PIN,1
TXN102992,USER2208,2097.36,Recharge,0,Android,Same City,0,1798,4,UPI PIN,0
TXN102993,USER2357,2129.4,P2P,7,iOS,Same City,0,692,3,Auto Debit,1
TXN102994,USER1897,725.37,Merchant,9,Android,Same City,1,1851,5,UPI PIN,0
TXN102995,USER1930,1166.11,P2P,23,iOS,Different City,0,1502,3,UPI PIN,0
TXN102996,USER4960,1862.26,Bill Payment,20,iOS,Same City,0,3457,1,UPI PIN,0
TXN102997,USER1175,4361.73,Merchant,14,Android,Same City,0,3663,5,UPI PIN,0
TXN102998,USER3873,6099.72,Bill Payment,0,Android,Different State,3,3134,3,Biometric,1
TXN102999,USER4925,1303.47,P2P,0,Android,Same City,0,397,5,UPI PIN,0
TXN103000,USER4513,2486.4,Recharge,18,iOS,Different State,0,1931,4,UPI PIN,0
TXN103001,USER1411,5766.54,Merchant,7,Android,Same City,0,1635,1,Biometric,0
TXN103002,USER4695,234.9,Recharge,13,Android,Different State,0,2202,5,UPI PIN,0
TXN103003,USER1462,448.37,P2P,22,Android,Same City,0,3570,2,Biometric,0
TXN103004,USER3700,111.88,Bill Payment,4,iOS,Same City,0,1508,2,UPI PIN,0
TXN103005,USER1404,8166.1,Merchant,14,iOS,Same City,0,1024,4,Biometric,0
TXN103006,USER3707,2445.57,Recharge,15,Web,Different City,1,3011,2,UPI PIN,0
TXN103007,USER4711,4245.03,Merchant,16,Android,Same City,0,2251,3,UPI PIN,1
TXN103008,USER2756,2566.46,Recharge,9,Web,Same City,0,2105,4,UPI PIN,0
TXN103009,USER3373,1680.36,Bill Payment,3,Android,Different City,0,2646,3,UPI PIN,1
TXN103010,USER3786,2724.69,P2P,8,Android,Same City,0,3106,3,Auto Debit,1
TXN103011,USER3807,911.4,Merchant,4,Android,Same City,0,2025,4,UPI PIN,0
TXN103012,USER1022,6940.7,P2P,9,Android,Same City,0,3057,6,UPI PIN,0
TXN103013,USER4427,8.95,Merchant,8,iOS,Same City,0,2477,3,Biometric,0
TXN103014,USER2874,3030.72,Bill Payment,6,Android,Different State,1,3821,2,Biometric,0
TXN103015,USER4631,1882.78,Bill Payment,3,iOS,Different City,0,1748,1,Biometric,1
TXN103016,USER2556,1845.42,Merchant,15,Android,Same City,1,1791,5,Auto Debit,0
TXN103017,USER4212,6436.5,Bill Payment,7,Android,Different State,1,414,6,UPI PIN,0
TXN103018,USER3919,8484.66,P2P,7,Android,Same City,1,314,3,UPI PIN,1
TXN103019,USER3273,2584.43,P2P,18,iOS,Same City,0,3565,4,Biometric,0
TXN103020,USER4469,2706.24,Bill Payment,13,Android,Different State,0,1048,3,Biometric,0
TXN103021,USER2715,2312.14,Bill Payment,5,Android,Same City,1,3932,3,UPI PIN,1
TXN103022,USER2259,630.0,Bill Payment,3,Android,Different City,0,3994,4,UPI PIN,0
TXN103023,USER1612,4098.68,Bill Payment,6,Android,Different City,1,1331,4,UPI PIN,0
TXN103024,USER2901,73.79,P2P,21,iOS,Same City,0,1014,1,Auto Debit,0
TXN103025,USER4225,6732.62,P2P,10,Android,Same City,0,932,4,UPI PIN,1
TXN103026,USER2461,1203.24,Bill Payment,16,iOS,Same City,1,3526,5,UPI PIN,0
TXN103027,USER1884,1527.18,Merchant,10,Android,Same City,0,1368,4,Biometric,0
TXN103028,USER2591,1008.11,Recharge,18,iOS,Same City,1,2838,3,Biometric,0
TXN103029,USER1445,1984.44,Recharge,23,iOS,Same City,0,2469,3,UPI PIN,0
TXN103030,USER1186,1181.17,Merchant,9,Web,Different City,0,1154,3,UPI PIN,0
TXN103031,USER3680,846.71,Bill Payment,2,Android,Different State,0,3918,3,UPI PIN,0
TXN103032,USER4241,1046.19,Recharge,12,Android,Different City,0,2553,2,UPI PIN,0
TXN103033,USER2903,6390.56,Recharge,17,Android,Different State,0,2685,1,UPI PIN,1
TXN103034,USER4527,3445.29,Merchant,1,Android,Same City,0,3531,2,UPI PIN,0
TXN103035,USER2979,958.84,Merchant,12,Android,Same City,1,471,3,UPI PIN,0
TXN103036,USER2330,2498.09,Recharge,14,Android,Different City,0,1723,2,UPI PIN,0
TXN103037,USER3703,574.9,Merchant,18,Android,Same City,0,1914,2,UPI PIN,1
TXN103038,USER1768,4378.82,Merchant,1,Android,Different State,0,1797,3,UPI PIN,0
TXN103039,USER1973,940.6,Recharge,8,Android,Different City,2,2696,0,Auto Debit,0
TXN103040,USER4567,5828.48,Bill Payment,7,iOS,Same City,0,2710,4,UPI PIN,1
TXN103041,USER2600,4967.79,Merchant,18,Android,Same City,0,3871,3,UPI PIN,1
TXN103042,USER4888,4.73,Merchant,16,iOS,Same City,0,651,1,UPI PIN,0
TXN103043,USER2710,2767.65,Recharge,4,Android,Same City,1,2148,4,Biometric,1
TXN103044,USER3035,6620.54,Recharge,22,iOS,Different City,0,2046,4,UPI PIN,0
TXN103045,USER3411,961.77,Recharge,0,Android,Same City,0,1553,5,UPI PIN,0
TXN103046,USER2128,3421.23,P2P,8,Android,Same City,0,331,1,UPI PIN,1
TXN103047,USER3007,2322.77,Recharge,11,Android,Same City,0,1355,1,UPI PIN,1
TXN103048,USER4781,2081.74,Recharge,0,iOS,Same City,2,2406,4,UPI PIN,0
TXN103049,USER2577,1411.76,Recharge,17,Android,Same City,0,3403,2,Auto Debit,0
TXN103050,USER1802,614.29,Recharge,4,Web,Different State,2,3175,2,UPI PIN,0
TXN103051,USER4732,129.9,Recharge,1,Android,Different State,1,2768,4,UPI PIN,0
TXN103052,USER4546,633.54,Recharge,14,iOS,Different City,0,136,1,UPI PIN,0
TXN103053,USER2546,478.74,Merchant,8,Android,Different City,0,3891,3,UPI PIN,1
TXN103054,USER1029,1908.85,Merchant,11,Android,Different City,0,2560,1,UPI PIN,0
TXN103055,USER1145,1653.62,Recharge,23,Android,Same City,1,3241,2,UPI PIN,0
TXN103056,USER1852,865.58,P2P,3,iOS,Different State,0,2873,6,UPI PIN,0
TXN103057,USER1728,2559.11,Merchant,1,Android,Same City,0,3085,3,UPI PIN,0
TXN103058,USER4914,1286.74,Merchant,20,Android,Different City,0,1364,1,UPI PIN,0
TXN103059,USER2586,18.82,P2P,8,Android,Same City,0,309,3,UPI PIN,0
TXN103060,USER4956,6211.35,P2P,9,Android,Same City,0,2475,0,UPI PIN,1
TXN103061,USER4529,127.23,P2P,19,iOS,Different City,1,644,1,UPI PIN,0
TXN103062,USER4234,901.25,Recharge,10,Android,Same City,0,2362,5,Biometric,0
TXN103063,USER2604,61.07,Merchant,21,Android,Different City,0,1671,4,UPI PIN,0
TXN103064,USER4683,4413.42,Merchant,16,Android,Same City,0,2413,2,UPI PIN,0
TXN103065,USER1912,5857.04,P2P,2,Android,Same City,1,2626,3,UPI PIN,0
TXN103066,USER1354,111.41,Bill Payment,18,iOS,Same City,0,308,1,UPI PIN,0
TXN103067,USER4750,2501.22,Bill Payment,19,iOS,Same City,2,3404,3,UPI PIN,0
TXN103068,USER4525,2808.4,Merchant,12,Android,Same City,0,3104,3,UPI PIN,0
TXN103069,USER4545,2615.78,P2P,20,Android,Same City,0,3212,2,UPI PIN,0
TXN103070,USER3192,490.91,Bill Payment,21,Web,Same City,0,557,2,Biometric,0
TXN103071,USER4287,646.59,P2P,9,Android,Different City,0,1320,3,Biometric,0
TXN103072,USER2522,1354.34,Recharge,4,Android,Different City,0,1385,3,UPI PIN,1
TXN103073,USER2302,4238.02,Bill Payment,23,Android,Same City,0,3237,6,UPI PIN,1
TXN103074,USER2915,4764.36,Bill Payment,4,iOS,Same City,1,3250,0,Biometric,0
TXN103075,USER4876,3289.92,P2P,14,iOS,Same City,0,3774,4,Biometric,1
TXN103076,USER1428,1211.51,Recharge,11,Android,Different State,0,3739,2,Biometric,0
TXN103077,USER2900,2309.31,P2P,10,iOS,Same City,0,2239,0,UPI PIN,0
TXN103078,USER3668,1871.12,Recharge,6,Android,Different State,0,2224,3,UPI PIN,0
TXN103079,USER1966,1519.31,Recharge,20,Android,Same City,1,2856,4,UPI PIN,0
TXN103080,USER4865,931.54,Bill Payment,10,iOS,Different City,0,3065,5,UPI PIN,0
TXN103081,USER1553,3234.92,Recharge,2,Android,Same City,0,1056,6,UPI PIN,0
TXN103082,USER2381,4038.87,Recharge,13,Android,Same City,0,3426,6,UPI PIN,0
TXN103083,USER3408,5400.18,P2P,14,Android,Same City,0,1707,1,UPI PIN,0
TXN103084,USER1290,9858.3,P2P,3,iOS,Same City,0,1587,4,UPI PIN,1
TXN103085,USER2048,356.51,Recharge,14,Android,Same City,1,3074,3,UPI PIN,0
TXN103086,USER3654,1857.42,Merchant,14,Android,Same City,0,225,1,UPI PIN,0
TXN103087,USER1504,516.51,P2P,18,Android,Same City,0,882,2,UPI PIN,0
TXN103088,USER4405,670.75,Merchant,7,iOS,Same City,2,1136,5,UPI PIN,0
TXN103089,USER4498,4859.4,P2P,23,iOS,Same City,0,3085,4,UPI PIN,0
TXN103090,USER2358,726.03,Bill Payment,16,Android,Same City,0,969,2,UPI PIN,0
TXN103091,USER1712,371.64,Merchant,14,Android,Same City,0,1674,7,UPI PIN,0
TXN103092,USER4469,1584.41,P2P,1,iOS,Same City,2,1030,1,UPI PIN,0
TXN103093,USER3203,1027.23,Bill Payment,1,Android,Different City,0,2408,3,UPI PIN,0
TXN103094,USER3329,367.33,Recharge,5,Android,Same City,0,415,4,UPI PIN,0
TXN103095,USER4737,2103.46,Merchant,19,Android,Different City,0,565,3,Biometric,0
TXN103096,USER2196,7194.65,Recharge,18,iOS,Same City,0,142,2,UPI PIN,0
TXN103097,USER2135,5341.08,Merchant,18,Android,Same City,0,659,3,UPI PIN,0
TXN103098,USER2693,451.31,P2P,11,iOS,Same City,0,2973,3,Auto Debit,0
TXN103099,USER2335,3780.23,P2P,10,Android,Same City,0,1720,1,UPI PIN,0
TXN103100,USER2315,166.22,P2P,7,Android,Same City,1,3802,3,UPI PIN,0
TXN103101,USER2542,901.44,Recharge,2,Android,Same City,0,3989,4,UPI PIN,1
TXN103102,USER2342,2603.71,Recharge,11,iOS,Same City,0,2001,4,UPI PIN,0
TXN103103,USER4596,3422.91,Merchant,11,Android,Same City,0,1429,3,Biometric,0
TXN103104,USER1207,3056.43,Bill Payment,23,iOS,Same City,0,2301,4,UPI PIN,0
TXN103105,USER2782,9635.98,Merchant,7,Android,Same City,0,3371,6,UPI PIN,1
TXN103106,USER2518,2462.08,P2P,9,Android,Same City,0,3105,3,UPI PIN,1
TXN103107,USER1994,2106.25,Merchant,2,iOS,Same City,0,1028,5,Auto Debit,0
TXN103108,USER2976,388.21,Merchant,22,Android,Same City,0,734,5,UPI PIN,0
TXN103109,USER1215,3496.15,Bill Payment,12,Android,Same City,2,1910,5,UPI PIN,1
TXN103110,USER1215,535.87,Bill Payment,15,Android,Same City,0,293,6,UPI PIN,0
TXN103111,USER3592,5682.35,P2P,13,Android,Same City,0,3341,4,Biometric,0
TXN103112,USER4691,619.14,P2P,4,Android,Different City,0,3731,4,UPI PIN,0
TXN103113,USER2368,566.58,P2P,6,iOS,Different City,0,1024,2,UPI PIN,1
TXN103114,USER1265,12599.83,Bill Payment,4,iOS,Same City,0,425,2,UPI PIN,1
TXN103115,USER2652,1140.75,Recharge,8,Android,Same City,0,2366,2,Auto Debit,0
TXN103116,USER2819,703.85,Bill Payment,16,Android,Same City,0,2036,2,Biometric,0
TXN103117,USER4522,501.51,P2P,19,Android,Same City,0,3989,2,UPI PIN,0
TXN103118,USER1360,7760.81,Merchant,22,iOS,Same City,1,1691,4,UPI PIN,0
TXN103119,USER2346,1030.04,Merchant,1,iOS,Different City,1,3694,4,UPI PIN,1
TXN103120,USER2483,329.58,Recharge,2,Android,Same City,1,255,3,UPI PIN,0
TXN103121,USER2434,6414.66,Merchant,19,Android,Same City,0,2727,2,UPI PIN,0
TXN103122,USER4447,274.79,P2P,9,iOS,Same City,0,1763,1,UPI PIN,0
TXN103123,USER3901,492.86,Bill Payment,0,iOS,Same City,1,3257,6,UPI PIN,0
TXN103124,USER2731,4190.37,Bill Payment,15,Web,Same City,1,3547,2,UPI PIN,1
TXN103125,USER1466,44.28,Recharge,3,Android,Different State,0,2191,3,UPI PIN,0
TXN103126,USER3260,430.97,P2P,6,iOS,Same City,0,1727,0,UPI PIN,0
TXN103127,USER4740,431.65,Recharge,3,iOS,Same City,0,989,3,UPI PIN,0
TXN103128,USER4727,271.99,P2P,2,Android,Same City,1,3834,4,UPI PIN,0
TXN103129,USER1382,126.57,P2P,4,iOS,Different State,1,2627,2,Biometric,0
TXN103130,USER3486,3777.05,Bill Payment,15,Android,Same City,0,134,1,UPI PIN,0
TXN103131,USER1027,431.23,Recharge,0,Android,Different City,1,1367,2,UPI PIN,0
TXN103132,USER2091,62.49,Merchant,18,Android,Same City,1,760,1,UPI PIN,0
TXN103133,USER2552,171.66,Recharge,2,Web,Same City,0,1677,3,UPI PIN,0
TXN103134,USER3159,8479.29,Recharge,12,iOS,Different City,0,2341,4,UPI PIN,0
TXN103135,USER3729,2000.98,Merchant,1,Android,Same City,1,171,1,Biometric,1
TXN103136,USER2046,471.7,Recharge,14,Android,Same City,0,3894,4,Biometric,0
TXN103137,USER1223,1516.59,Merchant,12,iOS,Same City,0,1894,0,UPI PIN,0
TXN103138,USER4914,2919.37,Recharge,4,Android,Same City,1,3795,6,Biometric,1
TXN103139,USER3993,5243.03,Bill Payment,13,Android,Same City,0,469,5,UPI PIN,1
TXN103140,USER3936,923.46,P2P,4,Android,Different City,0,2145,2,UPI PIN,0
TXN103141,USER2341,5103.48,P2P,6,iOS,Different City,0,3569,2,Auto Debit,1
TXN103142,USER3514,964.97,Bill Payment,12,iOS,Same City,0,1555,2,Biometric,0
TXN103143,USER2571,728.13,Recharge,23,Android,Same City,0,669,6,UPI PIN,0
TXN103144,USER2689,275.47,Merchant,7,Android,Same City,0,3795,1,Auto Debit,0
TXN103145,USER3202,2447.53,Merchant,21,Android,Different State,0,3881,1,UPI PIN,1
TXN103146,USER2608,894.37,Merchant,23,Android,Same City,1,3122,0,Auto Debit,0
TXN103147,USER4053,46.66,Recharge,8,Android,Same City,0,1115,2,UPI PIN,0
TXN103148,USER4307,892.08,Bill Payment,23,iOS,Same City,1,3313,2,UPI PIN,0
TXN103149,USER3223,3876.06,Bill Payment,18,Android,Same City,0,3513,4,UPI PIN,0
TXN103150,USER3392,1449.76,Bill Payment,19,Web,Same City,1,3015,3,Auto Debit,0
TXN103151,USER1982,1713.57,Bill Payment,22,Android,Same City,0,2503,5,Auto Debit,0
TXN103152,USER2774,1691.77,P2P,8,iOS,Same City,1,443,2,Biometric,0
TXN103153,USER1060,2154.11,Bill Payment,17,Android,Same City,1,1416,1,UPI PIN,1
TXN103154,USER1022,606.45,Merchant,17,Android,Same City,0,3073,3,Auto Debit,0
TXN103155,USER2895,4274.62,Recharge,21,Android,Same City,1,1016,2,UPI PIN,0
TXN103156,USER4894,1085.4,P2P,3,Web,Same City,0,3663,3,UPI PIN,1
TXN103157,USER4942,7108.77,Bill Payment,20,Android,Same City,0,837,1,UPI PIN,1
TXN103158,USER3921,665.72,Recharge,3,iOS,Different City,0,3797,2,UPI PIN,0
TXN103159,USER1112,95.82,P2P,20,iOS,Same City,0,2046,5,Auto Debit,0
TXN103160,USER1433,3694.37,P2P,11,Android,Same City,0,1629,3,UPI PIN,0
TXN103161,USER2311,3063.91,Merchant,16,iOS,Different State,0,3791,4,UPI PIN,0
TXN103162,USER4550,851.28,Bill Payment,11,Android,Same City,0,1830,1,UPI PIN,0
TXN103163,USER4788,808.07,P2P,13,Android,Same City,0,3505,4,UPI PIN,0
TXN103164,USER2086,28.3,Merchant,11,iOS,Same City,0,1569,6,UPI PIN,0
TXN103165,USER2081,1094.81,P2P,10,iOS,Same City,1,3778,2,UPI PIN,0
TXN103166,USER4461,1734.27,Merchant,18,Android,Same City,0,3525,1,UPI PIN,1
TXN103167,USER3210,472.68,Bill Payment,3,Android,Same City,0,1975,2,Biometric,0
TXN103168,USER4145,3800.96,Bill Payment,11,Android,Different State,1,3884,5,UPI PIN,0
TXN103169,USER3352,2517.4,Recharge,4,iOS,Same City,0,554,2,Biometric,0
TXN103170,USER1135,7780.02,Recharge,17,iOS,Same City,0,1170,2,UPI PIN,0
TXN103171,USER2312,254.23,Merchant,13,Android,Different City,1,2402,4,UPI PIN,0
TXN103172,USER4225,3843.61,P2P,11,Android,Same City,1,3722,5,UPI PIN,1
TXN103173,USER4743,873.16,P2P,23,iOS,Same City,1,319,3,UPI PIN,0
TXN103174,USER4149,899.69,Bill Payment,1,iOS,Same City,0,222,0,UPI PIN,0
TXN103175,USER2998,1097.93,Bill Payment,13,Android,Same City,1,2195,3,Biometric,0
TXN103176,USER1684,812.51,Merchant,0,Web,Same City,1,209,1,UPI PIN,0
TXN103177,USER2951,1946.99,Bill Payment,17,Android,Same City,1,633,2,UPI PIN,0
TXN103178,USER1453,6485.58,Merchant,21,iOS,Same City,0,3757,1,UPI PIN,1
TXN103179,USER3409,477.03,Merchant,17,Android,Same City,1,50,1,UPI PIN,0
TXN103180,USER1135,7503.25,Merchant,6,iOS,Same City,0,3515,1,Biometric,1
TXN103181,USER3467,8.46,Merchant,5,iOS,Same City,0,1907,4,Biometric,0
TXN103182,USER4829,222.79,Merchant,17,Android,Same City,2,1133,2,UPI PIN,0
TXN103183,USER4062,3731.31,Recharge,10,Android,Same City,0,146,3,Auto Debit,0
TXN103184,USER4205,2982.4,Bill Payment,22,Android,Same City,0,1953,3,UPI PIN,0
TXN103185,USER4864,857.69,Recharge,5,iOS,Same City,1,3007,0,Auto Debit,0
TXN103186,USER3191,3013.33,Recharge,0,Android,Same City,0,2527,2,UPI PIN,0
TXN103187,USER3216,49.61,P2P,21,Android,Same City,0,2278,6,Auto Debit,0
TXN103188,USER3494,1088.01,Merchant,6,Android,Same City,0,3051,5,UPI PIN,1
TXN103189,USER1226,20.07,P2P,17,iOS,Same City,1,417,4,UPI PIN,0
TXN103190,USER4166,378.88,Bill Payment,6,Android,Same City,0,424,4,UPI PIN,0
TXN103191,USER1949,334.11,Recharge,8,Android,Same City,1,772,3,UPI PIN,0
TXN103192,USER4813,1246.86,Merchant,16,iOS,Different City,0,449,0,UPI PIN,0
TXN103193,USER2087,6583.01,P2P,1,iOS,Same City,0,3931,5,Biometric,0
TXN103194,USER3899,69.93,P2P,10,Android,Same City,0,3174,3,UPI PIN,0
TXN103195,USER3093,245.58,Recharge,23,iOS,Same City,0,3308,2,Biometric,0
TXN103196,USER2651,1754.56,Bill Payment,0,Android,Same City,0,680,2,UPI PIN,1
TXN103197,USER1151,82.06,P2P,18,Android,Same City,1,1302,1,Biometric,0
TXN103198,USER1474,2.86,P2P,14,Android,Same City,1,689,3,UPI PIN,0
TXN103199,USER2491,1394.86,P2P,14,Android,Different City,2,3577,3,UPI PIN,0
TXN103200,USER2127,328.51,P2P,5,Android,Same City,0,3795,2,UPI PIN,0
TXN103201,USER3985,426.84,Recharge,5,Android,Different City,0,1460,1,Auto Debit,1
TXN103202,USER3380,2023.69,Recharge,1,iOS,Same City,0,1080,3,Auto Debit,0
TXN103203,USER3116,3777.49,P2P,20,Android,Same City,2,1871,8,UPI PIN,1
TXN103204,USER1897,3845.3,P2P,20,iOS,Different City,0,2114,1,Biometric,1
TXN103205,USER2948,4339.11,P2P,3,iOS,Same City,1,429,3,UPI PIN,0
TXN103206,USER3882,2016.44,P2P,17,Android,Same City,0,393,6,Biometric,0
TXN103207,USER2138,536.57,Merchant,4,Android,Same City,0,1773,1,Biometric,0
TXN103208,USER3665,5822.53,Merchant,14,Android,Same City,0,3076,4,UPI PIN,0
TXN103209,USER3178,495.04,Bill Payment,23,Android,Same City,0,2797,3,Biometric,1
TXN103210,USER2368,114.6,Merchant,7,Android,Same City,1,3455,5,UPI PIN,0
TXN103211,USER2649,160.18,Merchant,23,Android,Same City,0,2009,2,UPI PIN,0
TXN103212,USER4614,920.37,Merchant,4,Android,Same City,0,2479,1,UPI PIN,1
TXN103213,USER4012,913.41,Bill Payment,11,Android,Different City,0,59,4,UPI PIN,0
TXN103214,USER2692,163.01,P2P,20,Android,Same City,0,3468,1,UPI PIN,0
TXN103215,USER2073,985.15,Bill Payment,14,iOS,Different City,1,155,6,UPI PIN,0
TXN103216,USER1232,5717.48,Merchant,15,Android,Same City,0,2716,3,Biometric,0
TXN103217,USER1519,4767.89,P2P,23,iOS,Same City,0,2223,1,UPI PIN,0
TXN103218,USER3057,1115.68,P2P,18,Android,Different City,1,600,6,UPI PIN,1
TXN103219,USER2464,2253.4,Recharge,11,iOS,Same City,0,2745,1,UPI PIN,1
TXN103220,USER2836,3408.23,Recharge,3,Android,Same City,0,2600,3,UPI PIN,0
TXN103221,USER2057,2069.64,Bill Payment,5,Android,Different City,0,3349,1,UPI PIN,0
TXN103222,USER4137,367.42,Recharge,1,Android,Different State,0,304,1,UPI PIN,0
TXN103223,USER1621,2172.33,Bill Payment,23,Android,Same City,0,2091,1,UPI PIN,1
TXN103224,USER1066,536.78,Bill Payment,15,iOS,Same City,0,2042,3,UPI PIN,0
TXN103225,USER2863,1259.26,Bill Payment,1,Android,Same City,1,1862,3,Biometric,0
TXN103226,USER3345,2797.83,Merchant,21,Android,Same City,0,2230,8,Auto Debit,1
TXN103227,USER3309,1636.25,Recharge,3,iOS,Same City,0,1914,2,UPI PIN,0
TXN103228,USER1219,1983.18,Recharge,7,Android,Same City,0,2871,0,UPI PIN,0
TXN103229,USER3345,2972.55,P2P,11,Android,Same City,0,3344,2,Auto Debit,1
TXN103230,USER2243,188.42,P2P,6,iOS,Different State,1,1044,1,Auto Debit,0
TXN103231,USER2579,1943.52,Bill Payment,15,Android,Same City,0,3923,7,UPI PIN,0
TXN103232,USER2100,1738.08,Merchant,17,Android,Different City,1,365,4,UPI PIN,1
TXN103233,USER4663,686.05,P2P,16,iOS,Same City,1,3456,1,UPI PIN,0
TXN103234,USER4534,1922.94,Recharge,19,iOS,Same City,0,306,1,UPI PIN,0
TXN103235,USER4116,568.88,P2P,17,Android,Same City,0,1470,4,Biometric,0
TXN103236,USER1695,1755.47,Recharge,20,Android,Same City,0,3979,2,UPI PIN,0
TXN103237,USER4482,1546.54,Recharge,23,Android,Same City,0,2659,2,UPI PIN,0
TXN103238,USER2861,1028.0,Bill Payment,3,Android,Same City,1,3650,5,UPI PIN,0
TXN103239,USER4960,103.55,Merchant,11,Android,Same City,1,2380,3,UPI PIN,0
TXN103240,USER3663,6558.92,Recharge,9,Android,Same City,0,2353,2,UPI PIN,0
TXN103241,USER3449,1174.14,Bill Payment,11,Android,Same City,0,986,5,UPI PIN,0
TXN103242,USER2649,587.99,P2P,20,Android,Same City,0,1450,6,UPI PIN,0
TXN103243,USER3768,2061.38,P2P,9,Android,Different City,1,1147,3,UPI PIN,1
TXN103244,USER3735,3353.39,Bill Payment,3,Android,Same City,1,654,3,Auto Debit,0
TXN103245,USER1416,214.46,P2P,2,iOS,Same City,0,2242,1,Auto Debit,0
TXN103246,USER2309,6946.86,Bill Payment,13,Android,Same City,0,583,0,Auto Debit,1
TXN103247,USER4744,8811.98,P2P,8,Android,Same City,0,2431,2,Biometric,0
TXN103248,USER4655,1389.47,Recharge,6,Android,Same City,1,3747,3,UPI PIN,1
TXN103249,USER4073,5370.17,Merchant,13,Android,Same City,0,1328,2,UPI PIN,0
TXN103250,USER4289,1808.26,Recharge,1,Android,Different State,0,907,2,Biometric,1
TXN103251,USER3040,5940.6,Bill Payment,10,Web,Same City,0,1313,2,UPI PIN,0
TXN103252,USER1559,708.92,P2P,5,Android,Same City,0,3563,2,UPI PIN,0
TXN103253,USER2216,4998.43,P2P,5,Android,Different City,0,1241,3,UPI PIN,0
TXN103254,USER3275,73.87,Recharge,22,Android,Same City,0,95,4,UPI PIN,0
TXN103255,USER2457,8173.49,Merchant,21,iOS,Same City,0,3838,4,Biometric,0
TXN103256,USER3554,1409.56,Recharge,23,Android,Different State,0,453,4,UPI PIN,0
TXN103257,USER3677,43.24,P2P,3,Web,Same City,1,1359,3,UPI PIN,0
TXN103258,USER2710,1566.86,Bill Payment,15,Android,Same City,0,1791,0,UPI PIN,0
TXN103259,USER4568,1060.97,P2P,6,Android,Different City,1,3332,9,UPI PIN,1
TXN103260,USER2582,314.05,Recharge,12,Web,Same City,0,3425,4,Auto Debit,0
TXN103261,USER1517,411.27,Merchant,6,Android,Different State,0,2821,3,UPI PIN,0
TXN103262,USER1919,1339.89,Bill Payment,6,iOS,Different City,0,2993,3,UPI PIN,1
TXN103263,USER2310,28.96,Bill Payment,8,Web,Same City,0,1960,3,Auto Debit,0
TXN103264,USER1083,1632.59,Recharge,20,Android,Same City,1,3229,10,UPI PIN,1
TXN103265,USER2034,1313.59,Recharge,23,Android,Different State,0,1861,3,UPI PIN,0
TXN103266,USER1936,548.36,Merchant,6,iOS,Same City,0,3828,0,UPI PIN,0
TXN103267,USER4448,1305.83,Bill Payment,18,Android,Same City,0,2459,1,UPI PIN,0
TXN103268,USER2669,654.71,Merchant,21,Android,Different City,0,1322,4,UPI PIN,0
TXN103269,USER3527,54.18,P2P,11,Android,Same City,1,1371,2,Biometric,0
TXN103270,USER4657,1079.58,Merchant,16,iOS,Same City,0,3651,0,UPI PIN,0
TXN103271,USER3888,2005.13,Recharge,23,Android,Same City,1,151,7,UPI PIN,1
TXN103272,USER2557,5209.85,Merchant,6,Android,Same City,0,2938,1,Biometric,1
TXN103273,USER2936,8.79,Merchant,7,iOS,Same City,0,1599,2,UPI PIN,0
TXN103274,USER2457,1699.9,Recharge,21,Android,Same City,0,849,5,UPI PIN,0
TXN103275,USER2145,3291.34,Recharge,20,Android,Same City,0,555,4,Biometric,0
TXN103276,USER1912,3711.47,Recharge,22,iOS,Same City,0,1241,2,UPI PIN,1
TXN103277,USER1846,6466.84,Bill Payment,7,Android,Same City,0,3294,2,Biometric,0
TXN103278,USER3081,1522.16,P2P,11,Android,Same City,1,843,4,UPI PIN,0
TXN103279,USER4636,32.64,Recharge,20,iOS,Same City,0,3223,2,UPI PIN,0
TXN103280,USER3974,19.44,Bill Payment,15,iOS,Different State,0,3357,2,UPI PIN,0
TXN103281,USER2773,1401.73,Merchant,7,Android,Same City,2,1821,5,UPI PIN,0
TXN103282,USER3659,1390.74,P2P,5,iOS,Same City,2,1499,1,UPI PIN,1
TXN103283,USER3667,732.79,Merchant,1,Android,Same City,0,886,6,UPI PIN,0
TXN103284,USER3948,2036.29,P2P,11,iOS,Same City,0,3333,3,UPI PIN,0
TXN103285,USER3552,1949.62,Recharge,8,Android,Same City,0,3400,2,UPI PIN,0
TXN103286,USER1993,1770.66,P2P,10,iOS,Same City,0,1510,2,UPI PIN,0
TXN103287,USER5000,1912.88,Bill Payment,13,Android,Same City,0,2620,4,UPI PIN,0
TXN103288,USER3615,1971.89,P2P,5,Android,Same City,2,1496,1,UPI PIN,0
TXN103289,USER3974,6405.58,Recharge,18,Android,Same City,0,798,3,UPI PIN,1
TXN103290,USER4517,365.47,Recharge,2,iOS,Same City,0,3815,1,UPI PIN,0
TXN103291,USER4823,29.22,P2P,20,Android,Same City,1,2120,2,UPI PIN,0
TXN103292,USER3281,1293.56,Bill Payment,13,Android,Same City,3,349,2,UPI PIN,0
TXN103293,USER3609,314.96,P2P,4,Android,Same City,0,3747,5,UPI PIN,0
TXN103294,USER2151,2433.18,Bill Payment,6,Android,Different State,0,2322,1,Biometric,1
TXN103295,USER2481,632.7,Merchant,11,Android,Same City,0,1165,5,UPI PIN,0
TXN103296,USER1608,269.52,Recharge,7,iOS,Different State,0,3143,3,Auto Debit,0
TXN103297,USER1466,2200.05,Merchant,5,Android,Same City,0,2121,3,Biometric,0
TXN103298,USER3455,1269.57,Merchant,0,Android,Different State,0,3675,1,UPI PIN,0
TXN103299,USER2636,2631.97,Merchant,14,Android,Same City,1,3262,5,UPI PIN,0
TXN103300,USER4703,143.29,Bill Payment,16,iOS,Same City,0,1979,4,Auto Debit,0
TXN103301,USER1997,490.16,P2P,12,iOS,Same City,0,119,2,UPI PIN,0
TXN103302,USER1115,1551.27,P2P,10,Android,Same City,0,1952,3,Biometric,0
TXN103303,USER4278,718.75,Bill Payment,5,iOS,Same City,0,1745,2,Biometric,0
TXN103304,USER4212,722.42,Recharge,1,Android,Same City,0,1309,5,Auto Debit,0
TXN103305,USER3556,373.18,P2P,12,Android,Same City,0,1274,3,UPI PIN,0
TXN103306,USER2925,3810.17,Merchant,2,Android,Same City,0,1323,4,UPI PIN,0
TXN103307,USER1663,2977.29,P2P,9,Android,Same City,1,2303,3,Biometric,1
TXN103308,USER4584,2277.16,Merchant,19,Android,Different State,1,2101,2,UPI PIN,1
TXN103309,USER2587,1499.59,Bill Payment,3,Android,Same City,0,280,4,Auto Debit,0
TXN103310,USER4163,6615.69,Merchant,10,iOS,Different City,0,1091,1,Biometric,0
TXN103311,USER3621,338.02,P2P,16,Android,Same City,0,457,8,UPI PIN,0
TXN103312,USER4780,2432.93,Merchant,22,Android,Same City,0,2301,6,UPI PIN,0
TXN103313,USER4908,3119.01,Recharge,17,iOS,Same City,0,717,3,UPI PIN,0
TXN103314,USER2437,1686.7,Merchant,17,iOS,Same City,0,2475,7,UPI PIN,0
TXN103315,USER4857,665.02,Merchant,21,Android,Same City,0,638,2,Auto Debit,0
TXN103316,USER3693,801.48,P2P,8,Android,Same City,0,1118,3,UPI PIN,0
TXN103317,USER4717,461.71,Recharge,11,iOS,Different State,0,1781,5,Biometric,0
TXN103318,USER2135,9188.43,Merchant,23,Android,Same City,0,1112,5,UPI PIN,1
TXN103319,USER1370,7993.28,Bill Payment,12,Android,Different City,0,1363,2,UPI PIN,0
TXN103320,USER1776,503.01,Recharge,6,iOS,Same City,1,144,4,UPI PIN,1
TXN103321,USER2575,3382.55,Recharge,4,Android,Same City,1,2777,2,UPI PIN,0
TXN103322,USER1435,873.75,P2P,12,Android,Same City,0,1393,2,Biometric,0
TXN103323,USER2709,2203.36,P2P,15,Android,Same City,0,1568,5,UPI PIN,0
TXN103324,USER1967,1098.66,Merchant,9,Android,Same City,0,3832,2,UPI PIN,0
TXN103325,USER3990,10.42,Bill Payment,20,Android,Same City,0,3403,1,UPI PIN,0
TXN103326,USER4844,306.14,P2P,22,Android,Same City,0,1757,0,Biometric,0
TXN103327,USER4141,63.17,Bill Payment,9,Android,Different State,0,2636,4,UPI PIN,0
TXN103328,USER3727,4974.51,Recharge,17,Android,Different City,1,2989,4,Biometric,0
TXN103329,USER2524,5194.99,Bill Payment,7,iOS,Different State,0,3503,3,Auto Debit,0
TXN103330,USER1016,1922.29,Recharge,18,Android,Same City,0,1914,6,Biometric,0
TXN103331,USER4817,4870.93,Recharge,12,Android,Same City,2,3383,4,Auto Debit,0
TXN103332,USER2849,796.9,P2P,21,Android,Same City,0,2127,5,UPI PIN,0
TXN103333,USER3683,1684.12,Merchant,23,Android,Different City,0,3852,4,UPI PIN,0
TXN103334,USER1233,705.84,Bill Payment,17,Android,Same City,0,2412,3,UPI PIN,0
TXN103335,USER1085,2841.17,Merchant,13,Android,Same City,0,3865,2,Auto Debit,0
TXN103336,USER2638,808.1,Recharge,8,iOS,Different State,0,534,4,UPI PIN,0
TXN103337,USER1679,3531.97,P2P,4,iOS,Same City,0,1089,3,UPI PIN,1
TXN103338,USER3664,1945.73,Bill Payment,8,Android,Same City,0,238,3,Biometric,1
TXN103339,USER2078,4018.49,P2P,11,iOS,Same City,0,417,2,UPI PIN,1
TXN103340,USER4176,4815.69,Recharge,21,iOS,Same City,0,1507,2,UPI PIN,1
TXN103341,USER2557,823.4,Recharge,11,Android,Same City,0,1998,3,UPI PIN,0
TXN103342,USER3788,1422.04,Bill Payment,4,Android,Same City,0,2000,9,UPI PIN,0
TXN103343,USER3559,1278.25,Bill Payment,13,iOS,Same City,0,3570,5,UPI PIN,0
TXN103344,USER1960,5365.89,Recharge,20,Android,Same City,1,460,3,UPI PIN,0
TXN103345,USER1244,1543.1,Bill Payment,7,Android,Same City,0,1322,3,UPI PIN,0
TXN103346,USER2792,340.98,Merchant,16,iOS,Same City,0,1910,4,Biometric,0
TXN103347,USER1603,1052.93,Bill Payment,17,Android,Different City,1,3654,3,UPI PIN,1
TXN103348,USER1051,576.54,Recharge,4,Android,Same City,1,1584,6,Auto Debit,0
TXN103349,USER2922,1145.53,Merchant,7,Android,Same City,0,1249,2,Biometric,0
TXN103350,USER2746,131.19,Bill Payment,21,Android,Different City,1,150,7,UPI PIN,0
TXN103351,USER2626,404.74,P2P,12,iOS,Same City,0,2570,6,Biometric,0
TXN103352,USER3940,2944.31,P2P,6,iOS,Same City,2,2665,3,UPI PIN,1
TXN103353,USER3376,2226.32,Recharge,7,iOS,Different State,0,1657,8,UPI PIN,1
TXN103354,USER2252,4816.58,Recharge,14,Android,Same City,1,358,3,Biometric,0
TXN103355,USER3236,1685.27,P2P,8,Android,Same City,0,2194,0,Biometric,1
TXN103356,USER4075,2233.94,Bill Payment,23,iOS,Different State,1,1427,2,Biometric,1
TXN103357,USER4008,271.04,Merchant,23,Android,Different State,0,1799,0,Biometric,0
TXN103358,USER1382,172.33,P2P,16,iOS,Same City,0,1557,4,Auto Debit,0
TXN103359,USER4819,3714.43,P2P,4,iOS,Different City,0,196,5,Biometric,1
TXN103360,USER2665,562.88,Recharge,16,Android,Same City,1,3164,2,Biometric,1
TXN103361,USER1656,69.78,Recharge,19,Android,Same City,1,2817,6,UPI PIN,0
TXN103362,USER4846,6565.06,Recharge,0,Android,Same City,0,3561,2,UPI PIN,0
TXN103363,USER4711,493.69,P2P,1,iOS,Same City,0,2134,1,UPI PIN,0
TXN103364,USER3935,1148.63,Recharge,2,Android,Different State,0,276,3,Biometric,0
TXN103365,USER3492,1490.0,Merchant,2,iOS,Same City,0,3115,1,UPI PIN,0
TXN103366,USER4276,243.23,Recharge,17,iOS,Different State,2,2177,4,UPI PIN,0
TXN103367,USER3763,241.02,Merchant,14,Android,Same City,0,1834,4,UPI PIN,0
TXN103368,USER4438,2617.47,Bill Payment,18,Web,Same City,0,381,1,UPI PIN,0
TXN103369,USER4544,2288.18,Recharge,18,iOS,Same City,0,2984,4,Auto Debit,0
TXN103370,USER1980,600.83,Bill Payment,8,Android,Same City,0,223,3,Auto Debit,0
TXN103371,USER1752,199.07,Recharge,7,iOS,Different City,0,2665,0,UPI PIN,1
TXN103372,USER4514,1679.6,Recharge,3,Android,Same City,0,2719,5,UPI PIN,0
TXN103373,USER4657,1935.74,Bill Payment,22,iOS,Same City,0,3566,2,Biometric,0
TXN103374,USER2054,2540.48,Bill Payment,13,iOS,Different State,1,2411,1,Biometric,1
TXN103375,USER1153,111.06,Merchant,17,Android,Same City,0,3813,2,Auto Debit,0
TXN103376,USER1858,1893.24,Merchant,7,Android,Different City,0,1766,4,UPI PIN,0
TXN103377,USER4861,2637.36,Recharge,12,Android,Same City,0,355,4,UPI PIN,0
TXN103378,USER2249,12.75,Merchant,23,Android,Same City,0,2859,2,UPI PIN,0
TXN103379,USER4687,127.57,Merchant,18,Android,Same City,0,251,1,UPI PIN,0
TXN103380,USER3555,412.79,Recharge,1,Android,Different State,0,936,5,UPI PIN,0
TXN103381,USER2933,3170.76,Recharge,8,Android,Same City,0,3717,2,UPI PIN,1
TXN103382,USER3104,3430.57,Merchant,15,iOS,Same City,0,2934,4,Biometric,0
TXN103383,USER2185,2043.7,Merchant,22,Android,Same City,0,38,3,UPI PIN,1
TXN103384,USER4350,850.45,Bill Payment,9,iOS,Different City,0,2116,2,UPI PIN,0
TXN103385,USER2641,620.42,P2P,13,Android,Same City,1,2817,0,Auto Debit,1
TXN103386,USER1475,2340.44,Bill Payment,0,Android,Same City,0,281,7,UPI PIN,0
TXN103387,USER3454,899.04,Bill Payment,7,Android,Same City,0,3987,5,UPI PIN,0
TXN103388,USER2808,667.94,P2P,0,Android,Different City,0,3954,0,UPI PIN,0
TXN103389,USER2460,1369.07,Merchant,11,Android,Different City,0,1295,2,UPI PIN,1
TXN103390,USER3202,5895.57,P2P,6,iOS,Same City,0,1886,0,UPI PIN,1
TXN103391,USER3998,1752.61,Recharge,15,Android,Same City,0,1182,6,Biometric,0
TXN103392,USER2466,4273.75,Merchant,23,Android,Different City,0,3627,4,Biometric,1
TXN103393,USER4841,274.82,P2P,19,iOS,Same City,1,3162,5,UPI PIN,0
TXN103394,USER1466,3851.91,P2P,6,iOS,Same City,2,76,5,UPI PIN,1
TXN103395,USER2182,323.06,Recharge,2,iOS,Same City,0,3207,1,UPI PIN,0
TXN103396,USER2592,738.16,P2P,22,Android,Same City,1,452,2,Auto Debit,0
TXN103397,USER2708,1150.41,P2P,17,Android,Same City,0,2333,2,Auto Debit,0
TXN103398,USER3421,4163.84,Bill Payment,11,Android,Same City,0,213,0,UPI PIN,0
TXN103399,USER3486,405.63,Bill Payment,10,Android,Same City,0,652,2,UPI PIN,0
TXN103400,USER3944,563.2,Recharge,0,iOS,Same City,0,3564,3,UPI PIN,1
TXN103401,USER4222,4887.15,Merchant,11,Android,Same City,0,3321,2,UPI PIN,0
TXN103402,USER3485,205.04,P2P,5,Android,Same City,0,306,3,UPI PIN,0
TXN103403,USER4442,1961.94,Merchant,8,Android,Same City,0,424,6,UPI PIN,0
TXN103404,USER4908,149.17,Recharge,0,Android,Same City,0,2100,3,UPI PIN,0
TXN103405,USER1915,442.81,Bill Payment,6,Android,Same City,0,731,1,UPI PIN,0
TXN103406,USER3752,7355.15,Merchant,22,iOS,Same City,1,658,2,UPI PIN,1
TXN103407,USER3790,867.63,Merchant,15,Android,Same City,0,1471,1,Biometric,0
TXN103408,USER3555,2383.9,Recharge,0,Android,Same City,0,3865,2,UPI PIN,0
TXN103409,USER3172,3337.3,Bill Payment,14,iOS,Same City,0,3786,6,Auto Debit,0
TXN103410,USER4976,1439.3,Merchant,17,iOS,Same City,0,1120,2,Biometric,0
TXN103411,USER1143,382.87,P2P,4,Android,Same City,1,3314,2,Auto Debit,0
TXN103412,USER2476,4525.82,P2P,6,iOS,Same City,1,3068,3,UPI PIN,0
TXN103413,USER4876,1829.23,Merchant,13,Web,Same City,0,719,0,UPI PIN,0
TXN103414,USER2561,1063.9,Bill Payment,4,iOS,Same City,1,2129,3,UPI PIN,0
TXN103415,USER1322,2479.73,Merchant,1,Android,Same City,1,2943,4,Biometric,0
TXN103416,USER1984,1305.77,Bill Payment,21,Android,Same City,0,2866,1,Biometric,0
TXN103417,USER2175,5822.64,P2P,23,Android,Different City,0,3729,3,UPI PIN,0
TXN103418,USER4331,780.83,P2P,21,Web,Same City,1,922,2,Biometric,0
TXN103419,USER3877,612.25,Merchant,16,Android,Same City,0,3073,3,Biometric,0
TXN103420,USER3127,696.94,Recharge,3,Android,Different State,0,3957,5,Auto Debit,0
TXN103421,USER3901,456.54,Recharge,22,Android,Same City,1,2844,3,UPI PIN,0
TXN103422,USER4861,1726.49,Merchant,6,iOS,Same City,0,2934,2,Biometric,1
TXN103423,USER2638,2641.3,Recharge,2,Android,Same City,0,1385,5,Biometric,0
TXN103424,USER3774,1282.3,P2P,3,Android,Same City,0,683,0,UPI PIN,1
TXN103425,USER2340,193.13,Recharge,4,Android,Different City,0,1696,3,Auto Debit,0
TXN103426,USER4916,442.78,Recharge,22,Android,Same City,0,1490,3,UPI PIN,0
TXN103427,USER1798,39.04,Merchant,9,iOS,Same City,0,3391,2,UPI PIN,0
TXN103428,USER1868,5825.12,P2P,16,Android,Same City,1,2247,5,UPI PIN,0
TXN103429,USER4326,27.51,Merchant,15,iOS,Same City,1,3965,2,UPI PIN,0
TXN103430,USER2786,3250.11,Bill Payment,11,Android,Same City,0,2333,1,Biometric,0
TXN103431,USER1082,3660.69,Merchant,6,Android,Same City,1,3092,5,Biometric,0
TXN103432,USER4870,2942.66,P2P,9,Android,Same City,1,2717,2,Auto Debit,1
TXN103433,USER1229,919.93,P2P,5,Android,Different City,0,1659,2,UPI PIN,0
TXN103434,USER1818,1318.75,Merchant,15,Android,Different City,1,2012,1,UPI PIN,0
TXN103435,USER4402,5894.95,P2P,3,Android,Same City,1,262,4,UPI PIN,0
TXN103436,USER4438,1829.09,Merchant,1,Android,Same City,0,1951,3,UPI PIN,0
TXN103437,USER3624,440.38,Merchant,12,Android,Same City,1,2139,4,Auto Debit,0
TXN103438,USER3647,1284.82,Bill Payment,8,Android,Same City,0,2241,5,UPI PIN,1
TXN103439,USER3311,1914.2,Bill Payment,15,iOS,Different State,2,3491,4,UPI PIN,0
TXN103440,USER4147,669.27,P2P,13,Android,Different City,0,3478,5,UPI PIN,0
TXN103441,USER2910,1285.54,Merchant,5,Android,Same City,0,3539,2,UPI PIN,1
TXN103442,USER2580,395.92,Recharge,6,iOS,Same City,0,2324,4,UPI PIN,0
TXN103443,USER3729,557.39,P2P,19,Android,Different State,0,3199,2,UPI PIN,0
TXN103444,USER4117,402.2,P2P,15,iOS,Same City,0,1054,2,UPI PIN,0
TXN103445,USER2716,8532.23,Bill Payment,4,Web,Same City,0,2086,4,Auto Debit,0
TXN103446,USER1433,2154.08,Bill Payment,1,Android,Same City,0,1238,4,UPI PIN,0
TXN103447,USER4963,2466.7,Bill Payment,4,iOS,Same City,0,3053,2,Biometric,0
TXN103448,USER2660,1236.24,Merchant,14,Android,Same City,2,2189,4,UPI PIN,0
TXN103449,USER4832,2120.43,Merchant,18,Android,Same City,0,2576,1,Biometric,0
TXN103450,USER2972,1987.53,Merchant,16,Android,Same City,0,3687,1,UPI PIN,0
TXN103451,USER3273,2236.07,Recharge,9,Android,Same City,0,924,2,UPI PIN,0
TXN103452,USER2949,2264.18,Bill Payment,2,iOS,Same City,1,91,7,Biometric,0
TXN103453,USER3158,1505.85,P2P,9,Android,Same City,1,2978,0,Auto Debit,0
TXN103454,USER1498,3743.28,Merchant,13,Android,Same City,1,1782,2,UPI PIN,0
TXN103455,USER4853,373.91,Merchant,13,Android,Different City,0,1583,6,Biometric,0
TXN103456,USER3005,2302.3,Recharge,7,Android,Same City,0,2242,3,UPI PIN,0
TXN103457,USER2487,252.35,Bill Payment,5,Android,Same City,1,1679,3,Biometric,0
TXN103458,USER1417,970.63,P2P,22,Android,Same City,0,241,2,UPI PIN,0
TXN103459,USER3383,731.12,Recharge,5,Android,Same City,0,681,4,UPI PIN,0
TXN103460,USER4689,3558.49,Recharge,6,iOS,Same City,1,752,0,Auto Debit,0
TXN103461,USER1035,5846.78,Recharge,16,Android,Different State,1,1086,4,Biometric,1
TXN103462,USER1282,4036.78,P2P,4,Android,Same City,1,2422,5,UPI PIN,0
TXN103463,USER1134,173.21,P2P,10,Android,Same City,0,1841,4,Auto Debit,0
TXN103464,USER1995,4187.38,Merchant,19,Android,Same City,0,2962,4,UPI PIN,0
TXN103465,USER3558,1520.28,Recharge,13,Android,Different City,1,2226,1,UPI PIN,0
TXN103466,USER2061,4995.97,P2P,21,Android,Same City,0,1634,4,UPI PIN,1
TXN103467,USER2842,753.18,Bill Payment,6,Android,Different State,0,724,4,UPI PIN,0
TXN103468,USER1273,1681.06,Merchant,2,iOS,Same City,0,1060,4,UPI PIN,0
TXN103469,USER3809,5528.54,P2P,6,Android,Same City,0,2760,4,Biometric,1
TXN103470,USER4034,181.43,Recharge,19,Android,Same City,0,2019,5,Biometric,0
TXN103471,USER2034,3643.95,P2P,10,Android,Same City,0,3152,3,UPI PIN,0
TXN103472,USER4927,1223.48,Bill Payment,21,Android,Same City,0,2451,2,UPI PIN,0
TXN103473,USER1145,3154.73,Bill Payment,6,Android,Same City,0,553,4,Biometric,0
TXN103474,USER4970,23.91,Recharge,12,iOS,Same City,0,1060,7,Biometric,0
TXN103475,USER4723,50.65,P2P,14,iOS,Different City,0,2164,5,Auto Debit,0
TXN103476,USER1221,4007.45,Merchant,21,Android,Same City,0,1497,6,UPI PIN,0
TXN103477,USER3609,843.52,Bill Payment,0,Android,Same City,2,1934,3,UPI PIN,0
TXN103478,USER2511,13269.32,Bill Payment,7,Android,Different State,2,3953,5,UPI PIN,0
TXN103479,USER4115,411.67,Merchant,15,Android,Same City,0,2642,1,UPI PIN,0
TXN103480,USER3036,2567.84,P2P,12,iOS,Same City,0,2340,1,UPI PIN,0
TXN103481,USER2769,2163.35,Recharge,18,iOS,Same City,0,2186,3,UPI PIN,0
TXN103482,USER2801,983.2,Bill Payment,0,Web,Same City,1,1278,4,UPI PIN,0
TXN103483,USER3755,1535.46,P2P,8,Android,Different City,0,3055,2,UPI PIN,0
TXN103484,USER3782,579.11,Merchant,6,Android,Same City,0,3591,0,UPI PIN,0
TXN103485,USER3308,2763.5,Bill Payment,16,Android,Same City,0,609,3,Auto Debit,0
TXN103486,USER2909,1828.5,Merchant,5,Android,Different State,0,2789,2,UPI PIN,1
TXN103487,USER4639,2036.7,Bill Payment,2,Web,Different State,0,2150,0,UPI PIN,0
TXN103488,USER1139,236.7,Recharge,10,Android,Same City,0,1928,2,UPI PIN,0
TXN103489,USER2629,229.29,P2P,5,Android,Same City,0,3852,0,UPI PIN,0
TXN103490,USER2120,12.91,P2P,14,Android,Same City,1,2924,4,UPI PIN,0
TXN103491,USER1268,2155.06,P2P,12,Android,Same City,0,134,0,UPI PIN,1
TXN103492,USER1522,161.1,Merchant,12,iOS,Same City,1,1757,3,UPI PIN,0
TXN103493,USER1701,952.21,Merchant,12,Android,Same City,0,1421,5,Auto Debit,0
TXN103494,USER2815,725.41,Bill Payment,14,iOS,Same City,1,1494,0,UPI PIN,0
TXN103495,USER1661,797.0,Merchant,15,iOS,Same City,0,2061,1,UPI PIN,0
TXN103496,USER3759,2237.92,Bill Payment,16,Android,Same City,0,1208,9,UPI PIN,0
TXN103497,USER1617,2090.09,Recharge,21,Android,Different City,0,3073,2,UPI PIN,0
TXN103498,USER1801,2758.27,Bill Payment,2,iOS,Same City,1,1734,4,UPI PIN,0
TXN103499,USER2353,4318.85,Recharge,2,iOS,Same City,0,1276,2,UPI PIN,0
TXN103500,USER4406,4930.38,Bill Payment,19,iOS,Different City,1,3001,4,UPI PIN,0
TXN103501,USER3571,374.02,Bill Payment,8,iOS,Different State,0,1532,1,UPI PIN,0
TXN103502,USER3145,19.01,Bill Payment,2,Android,Same City,0,1987,6,Auto Debit,0
TXN103503,USER1209,1293.14,Bill Payment,13,Android,Same City,0,2861,3,UPI PIN,0
TXN103504,USER1939,1160.85,Recharge,7,Android,Different State,1,2507,1,UPI PIN,0
TXN103505,USER3712,4231.31,P2P,6,Android,Same City,0,3749,3,UPI PIN,1
TXN103506,USER3060,1186.99,Recharge,8,Android,Different City,1,1686,5,UPI PIN,0
TXN103507,USER1696,4529.42,Merchant,10,Android,Same City,0,3791,2,Auto Debit,0
TXN103508,USER3778,2799.36,P2P,10,Android,Same City,0,2565,5,Biometric,1
TXN103509,USER3171,11346.72,Recharge,16,iOS,Same City,0,3811,3,UPI PIN,0
TXN103510,USER2608,539.52,Merchant,0,Android,Same City,0,622,4,UPI PIN,1
TXN103511,USER2867,2094.99,P2P,6,iOS,Same City,0,1655,2,UPI PIN,0
TXN103512,USER2913,223.07,P2P,20,Android,Same City,1,1640,2,Biometric,0
TXN103513,USER3598,4686.09,P2P,17,Android,Different City,0,1443,3,UPI PIN,0
TXN103514,USER1084,43.27,P2P,14,iOS,Different City,0,2519,1,UPI PIN,0
TXN103515,USER3725,1160.71,Merchant,12,Android,Different City,0,2598,3,UPI PIN,0
TXN103516,USER4063,2276.1,Recharge,18,Android,Different State,0,3553,5,UPI PIN,0
TXN103517,USER2029,1625.92,P2P,20,iOS,Same City,0,485,6,UPI PIN,0
TXN103518,USER1153,535.07,Merchant,13,Android,Same City,0,889,2,UPI PIN,0
TXN103519,USER1391,2242.27,P2P,23,Android,Same City,0,2640,2,UPI PIN,0
TXN103520,USER2800,276.07,Merchant,6,Android,Same City,1,172,1,Biometric,0
TXN103521,USER2715,3505.98,P2P,23,iOS,Same City,0,1002,4,Biometric,0
TXN103522,USER4922,900.99,Recharge,19,Android,Same City,0,590,4,UPI PIN,0
TXN103523,USER3819,2080.26,Recharge,9,Android,Same City,0,1779,1,UPI PIN,1
TXN103524,USER3407,1381.83,Recharge,0,Android,Same City,0,2310,5,Auto Debit,0
TXN103525,USER3638,1839.42,P2P,3,Android,Different City,0,2504,3,Biometric,0
TXN103526,USER1661,2549.19,P2P,12,Android,Same City,0,3954,1,UPI PIN,0
TXN103527,USER3506,109.43,Merchant,10,Web,Same City,0,1473,2,UPI PIN,1
TXN103528,USER4820,1395.01,Recharge,18,Web,Same City,0,1752,4,UPI PIN,0
TXN103529,USER2693,1199.17,Merchant,9,Android,Different State,0,1841,4,UPI PIN,0
TXN103530,USER1928,232.86,P2P,22,Web,Same City,0,2011,4,UPI PIN,0
TXN103531,USER1272,2713.82,P2P,14,Android,Same City,0,3934,4,UPI PIN,0
TXN103532,USER2978,209.28,Bill Payment,5,Web,Different City,0,937,4,UPI PIN,0
TXN103533,USER1345,1615.63,P2P,17,Android,Same City,1,2481,3,Biometric,1
TXN103534,USER3414,694.41,P2P,13,Android,Same City,0,1523,2,UPI PIN,0
TXN103535,USER2009,1268.81,Merchant,7,Android,Same City,1,2672,2,UPI PIN,0
TXN103536,USER1001,420.82,Bill Payment,16,Android,Same City,0,1182,1,Auto Debit,0
TXN103537,USER4143,1126.65,P2P,16,Android,Same City,0,2822,2,UPI PIN,0
TXN103538,USER2683,2480.55,Merchant,18,Android,Same City,0,3524,2,Biometric,0
TXN103539,USER2660,21.27,P2P,18,Android,Same City,0,2922,3,UPI PIN,0
TXN103540,USER1044,1375.33,P2P,18,Android,Same City,2,3310,1,Biometric,1
TXN103541,USER1837,233.82,Bill Payment,5,Android,Same City,0,350,2,UPI PIN,0
TXN103542,USER1821,2780.83,Merchant,11,Android,Same City,0,2416,7,Biometric,0
TXN103543,USER4095,2647.24,Merchant,2,Android,Same City,0,302,4,Biometric,0
TXN103544,USER1187,366.97,Bill Payment,15,iOS,Different City,0,2082,1,UPI PIN,0
TXN103545,USER1362,78.56,Recharge,14,Android,Different City,1,1167,4,UPI PIN,0
TXN103546,USER3736,684.82,Recharge,21,iOS,Different City,0,1977,4,Biometric,0
TXN103547,USER3687,174.03,Recharge,7,Android,Same City,0,357,1,UPI PIN,0
TXN103548,USER2424,366.85,P2P,22,Android,Same City,0,168,7,UPI PIN,0
TXN103549,USER1492,919.67,P2P,2,iOS,Same City,0,3643,6,Biometric,0
TXN103550,USER3628,45.5,Bill Payment,22,Android,Same City,0,3288,3,UPI PIN,0
TXN103551,USER4189,26.64,Recharge,15,Android,Same City,0,3658,3,UPI PIN,0
TXN103552,USER3647,3777.62,Merchant,17,iOS,Different State,1,2602,5,Biometric,0
TXN103553,USER2848,355.17,Merchant,0,Android,Same City,0,2710,3,UPI PIN,0
TXN103554,USER2730,948.68,P2P,11,iOS,Different State,0,1772,1,UPI PIN,0
TXN103555,USER3868,2694.66,Recharge,23,iOS,Same City,0,1367,2,Biometric,0
TXN103556,USER2110,3162.52,Bill Payment,15,iOS,Different State,2,705,2,UPI PIN,1
TXN103557,USER4147,180.49,Merchant,6,Android,Different State,0,3866,1,UPI PIN,0
TXN103558,USER3789,666.55,Recharge,1,iOS,Same City,0,2727,2,Biometric,0
TXN103559,USER1722,668.02,Merchant,6,Web,Same City,0,2809,3,UPI PIN,1
TXN103560,USER1245,879.19,P2P,8,iOS,Different City,0,3176,5,Biometric,0
TXN103561,USER2061,1914.02,Merchant,12,Android,Same City,0,2433,3,Biometric,0
TXN103562,USER4959,2696.66,Merchant,9,Android,Same City,0,3459,5,UPI PIN,0
TXN103563,USER4542,1941.61,Merchant,15,iOS,Same City,0,102,4,UPI PIN,0
TXN103564,USER2100,3853.43,P2P,21,Android,Same City,0,1730,4,UPI PIN,0
TXN103565,USER4755,925.58,Bill Payment,18,Web,Same City,0,3495,4,Biometric,0
TXN103566,USER4774,1617.55,P2P,17,Android,Same City,1,3390,1,UPI PIN,1
TXN103567,USER3777,260.76,Merchant,9,Android,Different State,1,1830,5,Biometric,0
TXN103568,USER2626,321.64,Recharge,18,Android,Same City,2,3316,3,Auto Debit,0
TXN103569,USER2981,394.99,Recharge,21,Android,Same City,0,262,6,UPI PIN,0
TXN103570,USER1497,2504.01,Recharge,14,iOS,Same City,1,2247,3,UPI PIN,0
TXN103571,USER1403,226.93,P2P,1,iOS,Different City,2,1085,2,UPI PIN,1
TXN103572,USER1505,4514.04,Recharge,1,Android,Same City,0,1836,5,UPI PIN,1
TXN103573,USER2821,3252.69,Recharge,2,Android,Different City,1,3335,4,UPI PIN,0
TXN103574,USER1899,4738.45,Recharge,20,iOS,Same City,0,2349,3,UPI PIN,1
TXN103575,USER3876,6977.47,Merchant,18,Android,Different City,0,1531,3,UPI PIN,0
TXN103576,USER1792,1544.58,P2P,3,Android,Same City,1,2688,1,UPI PIN,0
TXN103577,USER1012,450.54,P2P,1,Android,Different City,0,3658,1,UPI PIN,0
TXN103578,USER3902,2196.05,P2P,19,iOS,Different City,0,1304,2,Biometric,0
TXN103579,USER2709,1312.51,P2P,16,Android,Same City,2,3466,2,UPI PIN,1
TXN103580,USER2206,142.49,P2P,12,Android,Same City,0,3777,1,UPI PIN,0
TXN103581,USER3972,659.09,Merchant,23,Android,Same City,1,1309,4,UPI PIN,0
TXN103582,USER1452,2364.97,Recharge,5,iOS,Same City,0,2700,2,Biometric,1
TXN103583,USER4649,278.21,Recharge,12,Web,Same City,0,2151,3,UPI PIN,0
TXN103584,USER3444,555.34,Merchant,11,iOS,Same City,1,3116,1,Auto Debit,0
TXN103585,USER4375,4189.24,Bill Payment,14,Android,Different City,0,3352,0,UPI PIN,1
TXN103586,USER1698,212.22,P2P,15,Android,Same City,1,1078,7,UPI PIN,1
TXN103587,USER4319,2513.83,Bill Payment,21,iOS,Same City,0,3991,0,UPI PIN,0
TXN103588,USER1644,3346.03,P2P,4,Android,Same City,0,168,3,UPI PIN,1
TXN103589,USER3175,1491.53,Recharge,23,iOS,Same City,0,1592,3,UPI PIN,0
TXN103590,USER1409,4335.95,Merchant,8,iOS,Different State,0,2289,5,Biometric,0
TXN103591,USER3155,4488.82,Bill Payment,15,Android,Different City,0,3734,6,UPI PIN,0
TXN103592,USER2979,607.98,Bill Payment,19,Android,Different City,1,1783,4,UPI PIN,0
TXN103593,USER3137,1799.47,P2P,1,Android,Same City,0,2026,1,UPI PIN,0
TXN103594,USER1030,660.46,Merchant,9,Android,Same City,0,2613,2,UPI PIN,0
TXN103595,USER2996,2989.0,P2P,11,Android,Different City,0,769,2,Biometric,0
TXN103596,USER3121,2713.05,Bill Payment,18,Android,Same City,0,2432,2,UPI PIN,0
TXN103597,USER3433,594.99,Merchant,0,Android,Same City,0,2957,3,Biometric,0
TXN103598,USER4643,435.93,P2P,14,Android,Same City,0,620,6,UPI PIN,0
TXN103599,USER3499,7777.12,Merchant,15,iOS,Different State,0,3882,1,UPI PIN,0
TXN103600,USER2575,1233.89,P2P,2,Android,Different City,0,3001,5,UPI PIN,1
TXN103601,USER3466,4846.86,Merchant,16,iOS,Different State,1,2463,4,Biometric,1
TXN103602,USER3493,546.7,Merchant,14,iOS,Same City,0,882,5,Biometric,0
TXN103603,USER2677,1448.6,Merchant,12,iOS,Same City,0,1012,4,Biometric,0
TXN103604,USER3186,201.39,P2P,4,Android,Different State,0,3814,1,UPI PIN,0
TXN103605,USER2773,3768.41,Recharge,18,Android,Different City,0,2754,5,Biometric,1
TXN103606,USER4607,413.83,Bill Payment,1,Android,Same City,1,1551,1,UPI PIN,0
TXN103607,USER3676,1930.96,Merchant,3,Web,Same City,0,845,1,UPI PIN,0
TXN103608,USER1872,5579.53,P2P,1,iOS,Same City,0,1302,3,UPI PIN,0
TXN103609,USER3448,800.6,Recharge,8,Android,Same City,0,3797,5,Auto Debit,0
TXN103610,USER3376,1888.92,Recharge,6,Android,Same City,0,136,3,UPI PIN,0
TXN103611,USER4279,59.12,P2P,8,iOS,Same City,0,2342,1,Auto Debit,0
TXN103612,USER1690,2456.75,Recharge,13,iOS,Same City,0,1954,3,UPI PIN,0
TXN103613,USER2673,8856.85,Merchant,23,iOS,Same City,1,866,3,Biometric,0
TXN103614,USER2103,466.81,Recharge,21,Android,Same City,1,2886,5,UPI PIN,0
TXN103615,USER2464,15.1,P2P,9,Android,Same City,0,3335,0,Biometric,0
TXN103616,USER2180,1664.6,P2P,12,iOS,Same City,1,1825,2,Biometric,0
TXN103617,USER2848,720.16,Recharge,14,iOS,Same City,0,1928,5,UPI PIN,0
TXN103618,USER2641,1130.35,Bill Payment,0,Android,Same City,0,2981,2,UPI PIN,0
TXN103619,USER4362,307.77,Bill Payment,17,Android,Same City,0,2920,5,UPI PIN,0
TXN103620,USER1624,5749.04,P2P,8,Android,Same City,0,2808,2,Biometric,0
TXN103621,USER1223,5439.85,P2P,14,Web,Same City,0,1683,2,Auto Debit,0
TXN103622,USER2037,6411.54,Recharge,14,Android,Same City,0,2770,4,UPI PIN,0
TXN103623,USER3476,1232.81,Bill Payment,10,iOS,Same City,0,61,2,UPI PIN,0
TXN103624,USER1983,2223.14,Bill Payment,2,Android,Same City,0,145,1,UPI PIN,0
TXN103625,USER3573,2126.26,Merchant,9,Android,Different City,0,1810,2,Auto Debit,0
TXN103626,USER2099,711.57,P2P,3,Android,Same City,0,217,4,UPI PIN,0
TXN103627,USER2406,612.61,Merchant,9,Android,Different City,0,1757,4,UPI PIN,0
TXN103628,USER1639,1247.07,Merchant,4,iOS,Different State,0,779,3,Biometric,1
TXN103629,USER1287,3974.0,Recharge,3,Android,Same City,1,2836,3,UPI PIN,0
TXN103630,USER4624,150.9,Bill Payment,11,iOS,Same City,0,3034,3,UPI PIN,0
TXN103631,USER3392,1437.47,Bill Payment,12,iOS,Different City,0,561,5,UPI PIN,0
TXN103632,USER1960,877.25,Bill Payment,1,iOS,Same City,0,3867,4,Auto Debit,0
TXN103633,USER2449,27.83,Merchant,6,Android,Same City,0,1907,2,UPI PIN,0
TXN103634,USER2861,82.74,Recharge,12,iOS,Same City,0,1712,3,UPI PIN,0
TXN103635,USER4298,1321.0,P2P,14,Android,Same City,0,3025,7,Auto Debit,0
TXN103636,USER2320,2322.82,Bill Payment,17,Android,Same City,0,168,1,UPI PIN,0
TXN103637,USER3007,3481.18,Recharge,12,Android,Different State,1,1511,2,Biometric,0
TXN103638,USER4511,826.64,Bill Payment,6,iOS,Same City,0,1023,2,Biometric,0
TXN103639,USER1017,2454.72,P2P,18,Android,Same City,0,3405,3,UPI PIN,1
TXN103640,USER4279,407.68,Recharge,1,Android,Same City,1,2186,4,UPI PIN,1
TXN103641,USER1264,354.91,Recharge,0,iOS,Same City,0,3905,1,UPI PIN,0
TXN103642,USER3553,1880.78,Recharge,8,Android,Same City,0,3046,6,Biometric,0
TXN103643,USER3332,76.73,Bill Payment,20,Android,Same City,1,2210,2,UPI PIN,0
TXN103644,USER4250,1341.36,Recharge,3,Android,Same City,0,3048,5,Auto Debit,0
TXN103645,USER1668,1106.69,Recharge,4,Android,Same City,2,439,2,Biometric,0
TXN103646,USER2877,4058.78,Bill Payment,16,Web,Same City,1,3020,5,Auto Debit,0
TXN103647,USER1773,1619.22,P2P,9,iOS,Same City,0,2301,1,UPI PIN,0
TXN103648,USER3124,8573.93,Bill Payment,11,Android,Same City,0,200,4,UPI PIN,0
TXN103649,USER4503,1157.62,Merchant,15,iOS,Same City,0,1451,2,UPI PIN,0
TXN103650,USER3491,2289.58,Merchant,17,Android,Same City,0,212,4,UPI PIN,0
TXN103651,USER4820,5659.52,Merchant,1,Android,Same City,0,2903,1,Auto Debit,1
TXN103652,USER4130,6168.85,P2P,9,Android,Same City,2,504,2,UPI PIN,1
TXN103653,USER3738,640.78,Recharge,8,iOS,Same City,1,2112,3,UPI PIN,0
TXN103654,USER2821,3704.62,P2P,16,Android,Same City,0,1086,3,UPI PIN,0
TXN103655,USER3086,417.08,Recharge,9,iOS,Same City,1,571,0,UPI PIN,0
TXN103656,USER3076,545.07,Bill Payment,0,Android,Different City,0,2861,5,UPI PIN,1
TXN103657,USER1191,3153.66,Bill Payment,23,Android,Different City,0,216,4,UPI PIN,0
TXN103658,USER2585,2480.46,Bill Payment,18,Android,Same City,0,112,2,UPI PIN,0
TXN103659,USER4869,1057.37,Recharge,6,iOS,Same City,1,1317,4,Biometric,1
TXN103660,USER2509,312.62,Merchant,11,iOS,Same City,0,1337,3,UPI PIN,0
TXN103661,USER1596,2779.12,Merchant,23,Android,Same City,0,1219,3,Biometric,1
TXN103662,USER3070,47.88,P2P,11,Android,Same City,0,480,1,UPI PIN,0
TXN103663,USER2384,1374.43,Bill Payment,16,Android,Same City,0,3080,0,Auto Debit,1
TXN103664,USER2777,531.33,P2P,5,Android,Different City,0,3737,5,UPI PIN,0
TXN103665,USER3336,1849.79,Merchant,2,iOS,Different City,0,1979,3,Biometric,0
TXN103666,USER2084,1802.56,Bill Payment,11,Android,Same City,0,2503,5,Biometric,1
TXN103667,USER2681,1780.58,Recharge,19,iOS,Same City,0,3440,2,UPI PIN,0
TXN103668,USER3366,2365.48,Bill Payment,23,Web,Same City,0,2088,1,UPI PIN,0
TXN103669,USER1501,4402.33,Recharge,6,Android,Different City,0,2982,6,UPI PIN,1
TXN103670,USER2044,2272.65,P2P,18,Web,Same City,1,2560,2,Auto Debit,1
TXN103671,USER3041,1307.15,P2P,20,iOS,Same City,0,1110,1,UPI PIN,0
TXN103672,USER1335,2126.42,P2P,12,Android,Same City,0,1051,1,UPI PIN,1
TXN103673,USER2147,5954.31,Recharge,7,Android,Same City,1,1333,3,UPI PIN,0
TXN103674,USER1588,113.19,Merchant,13,Android,Same City,0,874,3,Auto Debit,0
TXN103675,USER1090,21.99,P2P,14,iOS,Same City,0,3676,1,UPI PIN,0
TXN103676,USER1999,1335.92,P2P,15,iOS,Different City,0,3520,1,Biometric,1
TXN103677,USER1552,711.83,P2P,1,iOS,Same City,0,3178,3,UPI PIN,0
TXN103678,USER3251,5.57,P2P,14,Android,Different State,0,1483,1,UPI PIN,0
TXN103679,USER2576,297.9,P2P,5,iOS,Different City,0,248,5,UPI PIN,0
TXN103680,USER4650,41.18,Recharge,1,Android,Different State,0,3578,4,UPI PIN,0
TXN103681,USER1429,1385.02,P2P,1,Android,Different City,2,657,4,UPI PIN,0
TXN103682,USER1624,7.69,Bill Payment,21,Android,Different State,0,3047,2,UPI PIN,0
TXN103683,USER1960,3286.17,Recharge,15,Android,Different City,0,100,2,UPI PIN,0
TXN103684,USER2973,2251.65,Bill Payment,21,iOS,Same City,0,2934,5,UPI PIN,0
TXN103685,USER2749,3585.99,Recharge,18,Android,Same City,0,2067,4,UPI PIN,1
TXN103686,USER2016,2057.61,Recharge,14,iOS,Same City,0,901,1,UPI PIN,0
TXN103687,USER1188,1524.67,Bill Payment,16,Android,Same City,1,3113,6,UPI PIN,1
TXN103688,USER1155,2817.06,Bill Payment,17,iOS,Different State,2,923,1,Biometric,0
TXN103689,USER4492,4795.19,Recharge,14,Android,Same City,0,3393,4,UPI PIN,0
TXN103690,USER1008,582.06,Recharge,15,Android,Different State,0,1378,1,UPI PIN,0
TXN103691,USER2362,3142.64,P2P,2,Android,Same City,0,1502,4,Auto Debit,0
TXN103692,USER4836,849.39,P2P,7,Android,Same City,0,1134,2,Biometric,1
TXN103693,USER1952,763.4,Recharge,16,Android,Same City,0,1839,4,UPI PIN,0
TXN103694,USER2341,417.2,P2P,16,Android,Same City,0,465,0,UPI PIN,0
TXN103695,USER2816,4632.14,Recharge,7,Web,Same City,0,1260,2,Biometric,1
TXN103696,USER3516,666.26,P2P,12,Android,Different State,0,96,1,UPI PIN,0
TXN103697,USER1166,467.92,P2P,0,Android,Same City,2,2020,1,UPI PIN,0
TXN103698,USER2311,3122.53,P2P,13,Android,Different State,0,3154,4,Biometric,0
TXN103699,USER1587,3207.93,Bill Payment,10,Android,Different State,0,1893,3,Biometric,0
TXN103700,USER4525,1168.78,Recharge,3,Android,Same City,1,574,4,Auto Debit,1
TXN103701,USER4951,7146.29,Merchant,15,iOS,Different State,0,3713,1,UPI PIN,1
TXN103702,USER2049,1191.43,P2P,1,Web,Same City,0,1141,2,Auto Debit,0
TXN103703,USER3012,1598.14,Recharge,22,iOS,Same City,2,1971,4,Biometric,1
TXN103704,USER4107,3207.06,Bill Payment,0,Web,Same City,0,3406,2,UPI PIN,1
TXN103705,USER3289,1459.13,Merchant,19,iOS,Same City,1,328,6,UPI PIN,1
TXN103706,USER2656,1885.42,Bill Payment,11,Android,Different State,0,976,5,UPI PIN,1
TXN103707,USER1920,965.16,Recharge,20,Android,Same City,1,3790,4,Auto Debit,0
TXN103708,USER3365,543.55,Bill Payment,2,Android,Different City,0,3919,4,UPI PIN,0
TXN103709,USER3214,3678.01,P2P,3,Android,Different State,0,1464,3,UPI PIN,0
TXN103710,USER1189,511.46,Bill Payment,9,Android,Same City,0,1766,4,Biometric,1
TXN103711,USER2289,612.85,Merchant,15,iOS,Same City,0,3498,3,UPI PIN,0
TXN103712,USER2314,1995.59,Merchant,13,Android,Different State,1,3100,3,Biometric,0
TXN103713,USER2041,11107.88,P2P,13,Android,Same City,0,2496,4,UPI PIN,0
TXN103714,USER4786,462.38,P2P,6,Android,Different City,1,2295,3,UPI PIN,0
TXN103715,USER4737,1570.18,Merchant,4,Android,Same City,0,2934,1,Biometric,0
TXN103716,USER1677,736.67,P2P,18,Android,Same City,0,3274,4,UPI PIN,0
TXN103717,USER2276,449.18,P2P,21,Android,Same City,1,824,4,UPI PIN,0
TXN103718,USER1620,1272.59,Merchant,19,Android,Same City,0,3159,2,UPI PIN,1
TXN103719,USER3515,4747.55,P2P,11,Android,Different City,0,3598,5,UPI PIN,0
TXN103720,USER3868,1947.9,Bill Payment,1,Android,Same City,0,1012,4,UPI PIN,0
TXN103721,USER4752,1624.16,Merchant,2,Android,Same City,1,1772,3,UPI PIN,0
TXN103722,USER4895,3942.27,Recharge,21,Android,Same City,0,972,2,UPI PIN,1
TXN103723,USER4129,1775.2,Merchant,12,iOS,Different City,0,947,3,UPI PIN,1
TXN103724,USER2229,1680.14,Merchant,19,Android,Same City,0,1818,3,UPI PIN,1
TXN103725,USER1189,943.3,Merchant,2,iOS,Same City,1,215,2,Biometric,0
TXN103726,USER1938,1069.38,Merchant,22,iOS,Same City,1,2217,3,UPI PIN,0
TXN103727,USER1359,1872.51,P2P,3,Android,Different City,1,3387,4,UPI PIN,1
TXN103728,USER1707,2083.68,Recharge,2,Android,Different State,2,2956,0,UPI PIN,0
TXN103729,USER4531,3399.88,Merchant,0,Android,Same City,0,2290,2,UPI PIN,0
TXN103730,USER3725,9532.48,Recharge,3,Android,Different State,0,489,5,Biometric,0
TXN103731,USER4630,2452.32,Bill Payment,18,Android,Same City,1,3719,5,Auto Debit,1
TXN103732,USER1852,154.3,Recharge,21,Android,Different State,0,1842,3,Biometric,0
TXN103733,USER4668,2958.45,Merchant,9,Android,Same City,1,2730,3,UPI PIN,0
TXN103734,USER3232,1504.02,Merchant,4,Android,Different State,0,2817,2,UPI PIN,0
TXN103735,USER3893,2202.32,Merchant,14,Android,Same City,0,1873,3,Auto Debit,0
TXN103736,USER1655,90.07,Recharge,14,iOS,Same City,0,2215,1,Biometric,0
TXN103737,USER2494,684.49,P2P,4,Android,Same City,0,142,3,UPI PIN,0
TXN103738,USER2526,141.96,Bill Payment,6,iOS,Same City,0,1366,4,UPI PIN,0
TXN103739,USER2956,515.14,Bill Payment,14,iOS,Same City,0,3515,4,UPI PIN,0
TXN103740,USER3287,546.23,Recharge,17,Android,Same City,0,2392,3,UPI PIN,0
TXN103741,USER3704,102.15,Merchant,13,Android,Same City,0,2397,2,UPI PIN,0
TXN103742,USER1351,118.53,Bill Payment,5,iOS,Different State,0,3502,3,Biometric,0
TXN103743,USER2127,4749.44,Merchant,20,iOS,Same City,0,386,2,UPI PIN,1
TXN103744,USER2693,3100.19,Merchant,5,Android,Same City,0,266,2,UPI PIN,1
TXN103745,USER1353,1737.64,Merchant,14,Android,Different State,0,2350,2,UPI PIN,0
TXN103746,USER2313,1817.22,Merchant,12,iOS,Same City,0,2537,4,UPI PIN,0
TXN103747,USER2819,11373.92,Merchant,14,Android,Same City,0,1515,3,UPI PIN,0
TXN103748,USER3517,276.05,P2P,4,Android,Same City,0,3819,4,UPI PIN,0
TXN103749,USER3141,253.98,Recharge,9,Android,Same City,0,3771,4,Biometric,0
TXN103750,USER3247,313.26,Recharge,6,Android,Same City,0,1365,5,UPI PIN,0
TXN103751,USER4330,3791.49,Bill Payment,8,Android,Same City,0,1741,5,UPI PIN,0
TXN103752,USER4520,3229.63,P2P,22,Android,Same City,0,2393,4,Auto Debit,0
TXN103753,USER4218,163.26,Recharge,23,iOS,Same City,1,1667,1,Auto Debit,0
TXN103754,USER3659,1690.4,P2P,22,Android,Same City,0,3573,4,UPI PIN,0
TXN103755,USER4300,643.05,Bill Payment,5,iOS,Same City,0,3655,4,Biometric,0
TXN103756,USER2290,593.54,Recharge,19,Web,Same City,0,3400,9,UPI PIN,0
TXN103757,USER2758,2260.85,Merchant,14,Android,Different State,0,3007,1,UPI PIN,1
TXN103758,USER1692,146.38,Bill Payment,23,Web,Same City,0,1796,6,UPI PIN,0
TXN103759,USER1200,2817.65,P2P,7,Android,Same City,0,1733,2,UPI PIN,0
TXN103760,USER3207,4140.31,Bill Payment,6,Android,Same City,0,2271,0,UPI PIN,0
TXN103761,USER3591,262.57,P2P,6,Android,Same City,0,3266,4,UPI PIN,0
TXN103762,USER1956,3124.23,P2P,18,Android,Same City,0,1966,2,Biometric,0
TXN103763,USER1913,2490.89,Recharge,2,iOS,Different State,0,3382,2,Biometric,0
TXN103764,USER4891,1694.06,P2P,20,Android,Different City,1,2377,2,Biometric,0
TXN103765,USER1431,669.34,Merchant,11,Android,Different City,0,3214,3,UPI PIN,0
TXN103766,USER2691,871.03,Bill Payment,15,Web,Same City,0,846,3,UPI PIN,0
TXN103767,USER4940,1795.42,Bill Payment,1,Web,Same City,0,1954,2,UPI PIN,0
TXN103768,USER1859,1342.17,Bill Payment,9,Android,Different State,0,1954,5,Biometric,0
TXN103769,USER1325,1220.43,Recharge,3,iOS,Different State,0,2641,3,Auto Debit,0
TXN103770,USER4825,1729.03,Recharge,21,Android,Same City,0,1337,4,Biometric,1
TXN103771,USER1261,3594.89,P2P,9,iOS,Same City,1,2087,3,UPI PIN,0
TXN103772,USER4837,2759.02,Merchant,18,Android,Same City,0,901,0,UPI PIN,1
TXN103773,USER1541,4072.79,P2P,14,iOS,Same City,0,3642,3,Auto Debit,1
TXN103774,USER2195,2280.56,P2P,5,iOS,Same City,0,3124,2,UPI PIN,0
TXN103775,USER1892,5487.53,P2P,19,Android,Same City,1,332,2,UPI PIN,0
TXN103776,USER3909,1413.62,Merchant,19,iOS,Same City,1,2504,2,UPI PIN,0
TXN103777,USER1950,4012.52,P2P,0,iOS,Different City,0,1000,2,UPI PIN,0
TXN103778,USER2006,972.96,Recharge,12,iOS,Different City,0,3906,0,UPI PIN,1
TXN103779,USER1454,1615.32,Recharge,1,Android,Different City,1,1633,0,UPI PIN,0
TXN103780,USER1382,1620.11,P2P,6,Android,Same City,0,1711,1,Biometric,0
TXN103781,USER3553,552.51,Recharge,20,iOS,Different State,2,1512,2,UPI PIN,1
TXN103782,USER2080,4838.31,Bill Payment,1,Android,Same City,0,3547,1,UPI PIN,0
TXN103783,USER2349,243.36,Merchant,20,iOS,Same City,0,2751,1,UPI PIN,0
TXN103784,USER3654,1144.64,Merchant,16,Android,Same City,0,1831,7,UPI PIN,0
TXN103785,USER2203,140.06,Bill Payment,6,Android,Different State,0,603,4,UPI PIN,0
TXN103786,USER2507,369.63,Recharge,18,Android,Different City,0,222,5,Biometric,1
TXN103787,USER1172,230.87,P2P,9,iOS,Same City,0,2242,5,Biometric,0
TXN103788,USER2908,5873.8,P2P,8,Android,Same City,0,2720,0,Biometric,0
TXN103789,USER1134,3711.6,Merchant,12,Android,Different City,0,2971,5,UPI PIN,0
TXN103790,USER2154,1045.86,Merchant,21,Android,Same City,1,896,2,UPI PIN,0
TXN103791,USER2581,69.34,Recharge,22,Android,Different City,1,1802,1,UPI PIN,1
TXN103792,USER4992,1997.39,Merchant,13,Android,Same City,0,3019,4,Auto Debit,1
TXN103793,USER4217,7640.16,Recharge,10,iOS,Different State,0,2966,4,UPI PIN,1
TXN103794,USER1481,3367.3,P2P,1,Android,Same City,1,1654,3,UPI PIN,0
TXN103795,USER1845,67.44,Merchant,4,Android,Same City,1,463,3,UPI PIN,0
TXN103796,USER3680,3267.35,Merchant,19,Android,Same City,0,3856,1,UPI PIN,0
TXN103797,USER1684,1726.63,Bill Payment,18,iOS,Same City,0,2451,3,UPI PIN,0
TXN103798,USER4264,37.19,P2P,17,Android,Same City,1,538,4,UPI PIN,0
TXN103799,USER1878,754.6,Recharge,12,Android,Same City,0,1927,3,UPI PIN,0
TXN103800,USER1068,2087.73,Merchant,9,iOS,Same City,0,1542,5,UPI PIN,0
TXN103801,USER2611,2961.27,Bill Payment,0,Android,Same City,0,460,1,Biometric,1
TXN103802,USER3874,1561.19,P2P,14,Android,Same City,0,3947,2,UPI PIN,0
TXN103803,USER1096,1673.39,P2P,4,Android,Same City,0,1719,3,UPI PIN,0
TXN103804,USER3832,529.97,Merchant,22,Android,Same City,0,3326,2,UPI PIN,0
TXN103805,USER3046,1444.16,Bill Payment,21,Android,Same City,0,1233,5,Auto Debit,0
TXN103806,USER1884,848.0,Merchant,11,Android,Same City,0,2286,4,UPI PIN,0
TXN103807,USER4199,450.24,P2P,20,Android,Different City,0,1189,6,UPI PIN,0
TXN103808,USER3803,1873.52,Merchant,4,Android,Different State,0,1948,5,UPI PIN,0
TXN103809,USER1750,4624.8,Recharge,7,Android,Same City,1,1251,6,UPI PIN,0
TXN103810,USER1419,50.4,Recharge,11,Android,Same City,1,1803,7,UPI PIN,1
TXN103811,USER4254,203.77,P2P,18,Android,Different City,1,974,2,UPI PIN,0
TXN103812,USER4041,480.65,Bill Payment,3,Android,Same City,0,3520,4,Biometric,0
TXN103813,USER3403,1139.98,Merchant,13,Android,Same City,0,2422,2,UPI PIN,0
TXN103814,USER4564,1215.74,P2P,6,Android,Same City,0,1783,0,UPI PIN,0
TXN103815,USER2108,3674.09,Bill Payment,12,iOS,Same City,2,193,3,UPI PIN,0
TXN103816,USER1459,1616.8,Recharge,4,iOS,Same City,1,2313,1,UPI PIN,0
TXN103817,USER3831,3113.97,Merchant,1,Android,Same City,0,2366,2,Biometric,0
TXN103818,USER1701,1459.39,P2P,19,Android,Same City,0,2475,3,UPI PIN,0
TXN103819,USER1613,925.02,Recharge,14,Android,Same City,1,3109,4,Biometric,1
TXN103820,USER4022,18.92,P2P,22,Android,Same City,0,3412,1,UPI PIN,0
TXN103821,USER2800,1493.82,Recharge,18,Android,Different State,1,3623,1,UPI PIN,1
TXN103822,USER3037,5092.52,Merchant,9,Android,Different State,1,318,2,UPI PIN,0
TXN103823,USER4364,6382.19,Recharge,20,Web,Same City,1,2483,2,Biometric,0
TXN103824,USER2820,77.32,Bill Payment,20,iOS,Same City,0,3467,5,Biometric,0
TXN103825,USER2677,437.79,Bill Payment,15,iOS,Same City,0,1648,1,Biometric,0
TXN103826,USER3700,1490.35,Merchant,22,iOS,Same City,0,3818,3,Auto Debit,0
TXN103827,USER2997,1306.36,Merchant,20,Android,Same City,2,721,2,Biometric,0
TXN103828,USER4365,2989.51,Merchant,22,Web,Same City,0,2685,1,UPI PIN,0
TXN103829,USER4747,2076.27,Merchant,8,iOS,Same City,1,2876,4,Auto Debit,0
TXN103830,USER1714,1355.62,Merchant,3,Web,Same City,0,1899,6,UPI PIN,1
TXN103831,USER1900,419.0,Bill Payment,3,Android,Same City,0,2501,2,UPI PIN,0
TXN103832,USER2446,3876.28,Recharge,2,iOS,Different State,1,1541,2,Biometric,1
TXN103833,USER3830,1356.57,Bill Payment,18,iOS,Different City,0,3172,1,UPI PIN,0
TXN103834,USER4755,8450.61,P2P,8,Android,Same City,0,3024,2,Biometric,0
TXN103835,USER2495,1671.55,Bill Payment,6,iOS,Different State,0,162,2,Auto Debit,1
TXN103836,USER3079,1530.52,Recharge,7,Android,Same City,0,3841,3,UPI PIN,1
TXN103837,USER2922,6706.83,Recharge,10,Android,Same City,0,327,4,UPI PIN,0
TXN103838,USER3420,271.81,Bill Payment,12,Android,Same City,0,1692,2,UPI PIN,0
TXN103839,USER4351,1322.86,Bill Payment,14,Android,Same City,1,3640,2,UPI PIN,0
TXN103840,USER1977,1868.17,P2P,11,iOS,Same City,0,2224,6,UPI PIN,1
TXN103841,USER1860,1351.63,Bill Payment,11,Android,Same City,0,2010,3,UPI PIN,0
TXN103842,USER4367,295.08,Merchant,20,Android,Different City,0,3899,3,Biometric,0
TXN103843,USER3463,726.26,Merchant,7,Android,Same City,0,74,4,UPI PIN,0
TXN103844,USER2984,127.7,Recharge,5,iOS,Different City,0,3004,2,Biometric,0
TXN103845,USER2250,1797.66,Bill Payment,1,Android,Same City,0,2170,5,Biometric,1
TXN103846,USER1663,920.12,Recharge,11,Android,Different City,0,3427,4,Biometric,0
TXN103847,USER3722,150.61,Recharge,13,iOS,Same City,0,552,1,Auto Debit,0
TXN103848,USER3992,1628.64,Recharge,12,Android,Same City,0,3973,4,Biometric,0
TXN103849,USER2151,644.15,Recharge,7,Android,Different City,0,3856,2,Biometric,0
TXN103850,USER2047,1182.28,Bill Payment,1,Android,Different State,1,3523,1,Biometric,1
TXN103851,USER2530,3501.62,Bill Payment,9,iOS,Same City,0,2075,5,UPI PIN,0
TXN103852,USER1671,214.65,Bill Payment,11,Web,Different State,0,3944,1,UPI PIN,0
TXN103853,USER1000,1169.19,Merchant,10,Android,Same City,1,2519,4,UPI PIN,1
TXN103854,USER3681,265.61,Recharge,3,Android,Same City,1,187,3,Biometric,0
TXN103855,USER4894,928.43,Recharge,20,iOS,Same City,2,2189,1,UPI PIN,0
TXN103856,USER1366,511.73,Merchant,16,Android,Different City,3,279,5,Biometric,0
TXN103857,USER1540,1079.66,Recharge,22,Android,Different City,1,3421,4,UPI PIN,1
TXN103858,USER2386,1759.27,Bill Payment,16,iOS,Same City,0,1852,2,UPI PIN,0
TXN103859,USER3651,853.56,Bill Payment,8,Android,Same City,0,171,3,UPI PIN,0
TXN103860,USER4143,990.76,Merchant,20,Android,Same City,0,2648,2,UPI PIN,1
TXN103861,USER2709,1563.97,P2P,14,Android,Same City,0,1836,4,Auto Debit,1
TXN103862,USER4760,314.33,Merchant,9,iOS,Same City,1,424,6,UPI PIN,0
TXN103863,USER3399,1679.99,Merchant,13,iOS,Same City,0,3207,1,Biometric,0
TXN103864,USER4438,1655.93,Recharge,3,Android,Same City,0,1184,0,UPI PIN,0
TXN103865,USER1683,2015.47,Merchant,7,Android,Same City,1,763,2,UPI PIN,0
TXN103866,USER4454,144.96,P2P,23,Android,Same City,0,651,2,Biometric,0
TXN103867,USER2595,2702.5,Recharge,21,Android,Same City,0,1001,4,UPI PIN,0
TXN103868,USER4699,3203.74,P2P,3,iOS,Different State,0,2085,3,Auto Debit,0
TXN103869,USER3047,9442.45,Recharge,2,Android,Different City,0,1212,4,UPI PIN,1
TXN103870,USER2572,2144.1,Recharge,6,iOS,Same City,0,1915,9,UPI PIN,0
TXN103871,USER2090,1769.28,Bill Payment,12,Android,Same City,0,3443,2,Auto Debit,0
TXN103872,USER2961,2744.82,Recharge,0,iOS,Same City,0,2842,3,UPI PIN,0
TXN103873,USER3829,248.11,Bill Payment,20,Web,Same City,0,579,5,UPI PIN,0
TXN103874,USER1075,2827.95,Bill Payment,6,Android,Same City,0,2178,3,UPI PIN,1
TXN103875,USER2542,1639.1,Bill Payment,3,Android,Different State,0,3632,2,Biometric,0
TXN103876,USER3978,21.76,Bill Payment,8,iOS,Same City,0,2144,2,UPI PIN,0
TXN103877,USER3848,52.94,P2P,18,Web,Same City,4,1135,1,UPI PIN,0
TXN103878,USER2879,1946.3,Recharge,20,Android,Different City,1,2665,1,Auto Debit,0
TXN103879,USER2094,2400.29,Bill Payment,17,Android,Same City,0,708,4,Biometric,0
TXN103880,USER2550,3775.52,Bill Payment,7,iOS,Same City,0,2444,4,UPI PIN,1
TXN103881,USER4935,2727.17,Merchant,3,Android,Same City,0,411,3,UPI PIN,1
TXN103882,USER3582,2072.84,Recharge,9,iOS,Different City,0,780,3,UPI PIN,0
TXN103883,USER1686,6077.62,Recharge,4,iOS,Same City,0,2286,7,UPI PIN,0
TXN103884,USER2144,99.41,Bill Payment,7,iOS,Different City,1,3456,0,UPI PIN,0
TXN103885,USER2370,1101.59,Bill Payment,3,Android,Same City,0,2939,4,Biometric,0
TXN103886,USER3713,1219.79,Merchant,10,iOS,Same City,0,3168,5,Auto Debit,1
TXN103887,USER2748,55.63,P2P,0,Android,Same City,1,3758,2,UPI PIN,0
TXN103888,USER1039,916.36,P2P,21,Android,Same City,0,3437,1,Auto Debit,0
TXN103889,USER4047,102.31,Merchant,1,iOS,Different City,0,3611,2,UPI PIN,0
TXN103890,USER4651,3271.95,P2P,14,Web,Same City,0,3282,4,Auto Debit,0
TXN103891,USER2118,4774.88,Recharge,20,Android,Different City,1,1611,1,Biometric,1
TXN103892,USER3773,16.15,Bill Payment,13,Android,Same City,1,1978,0,UPI PIN,0
TXN103893,USER4990,230.21,Bill Payment,21,Android,Same City,1,1796,2,UPI PIN,0
TXN103894,USER2233,362.48,Bill Payment,6,Android,Same City,0,2188,1,UPI PIN,0
TXN103895,USER2495,4505.82,Recharge,7,Android,Different City,0,532,2,UPI PIN,1
TXN103896,USER4788,280.89,Merchant,2,Android,Same City,1,459,2,UPI PIN,0
TXN103897,USER2028,16.02,Merchant,11,Android,Same City,0,855,4,UPI PIN,0
TXN103898,USER1953,1873.91,P2P,18,Android,Different City,1,1327,6,UPI PIN,0
TXN103899,USER3987,391.63,P2P,15,iOS,Different City,0,3415,5,Biometric,0
TXN103900,USER4280,2628.25,Merchant,12,Android,Different State,0,788,3,UPI PIN,1
TXN103901,USER4286,49.93,Bill Payment,6,Android,Same City,0,1594,2,Biometric,0
TXN103902,USER2727,1082.24,Bill Payment,23,iOS,Same City,0,2251,3,UPI PIN,0
TXN103903,USER2456,2412.6,Recharge,9,iOS,Different City,0,542,3,UPI PIN,0
TXN103904,USER2731,392.73,Bill Payment,7,Android,Different City,0,2045,3,UPI PIN,0
TXN103905,USER3760,4766.69,P2P,16,Web,Same City,1,2763,6,UPI PIN,1
TXN103906,USER1089,392.0,Bill Payment,10,Android,Different State,0,3561,3,UPI PIN,0
TXN103907,USER2641,195.23,Recharge,9,Android,Different City,0,2835,3,UPI PIN,0
TXN103908,USER4995,2070.71,P2P,13,Android,Same City,0,2858,0,Biometric,0
TXN103909,USER1992,397.34,Bill Payment,2,Android,Different State,0,3435,3,UPI PIN,0
TXN103910,USER4446,636.75,Bill Payment,22,Android,Same City,0,801,2,UPI PIN,0
TXN103911,USER1920,975.75,Merchant,23,Android,Same City,0,295,3,UPI PIN,1
TXN103912,USER4139,170.11,Recharge,6,iOS,Same City,0,1695,2,Auto Debit,0
TXN103913,USER4614,9247.6,Bill Payment,5,Android,Same City,0,3365,3,UPI PIN,1
TXN103914,USER1497,573.05,Bill Payment,9,Android,Same City,0,1989,6,Auto Debit,0
TXN103915,USER4047,607.69,P2P,6,Android,Same City,0,980,3,UPI PIN,0
TXN103916,USER2402,3862.75,Bill Payment,7,Android,Different State,1,1977,3,UPI PIN,0
TXN103917,USER1698,9296.71,Bill Payment,4,Android,Same City,0,3087,2,UPI PIN,1
TXN103918,USER3521,4354.8,Bill Payment,11,iOS,Same City,0,2168,2,UPI PIN,1
TXN103919,USER1173,2101.18,Bill Payment,14,Web,Same City,1,1458,4,Biometric,0
TXN103920,USER3064,2330.53,Bill Payment,0,iOS,Same City,0,667,2,UPI PIN,0
TXN103921,USER4667,1253.04,Bill Payment,15,Android,Same City,0,824,1,Auto Debit,1
TXN103922,USER1000,312.48,P2P,18,Android,Same City,0,2731,3,UPI PIN,0
TXN103923,USER2241,1633.42,Recharge,5,Android,Different State,0,1900,4,Biometric,0
TXN103924,USER3826,94.33,Merchant,22,Android,Same City,0,3456,2,UPI PIN,0
TXN103925,USER2529,339.58,P2P,6,Android,Same City,1,2987,8,UPI PIN,1
TXN103926,USER4697,23.57,P2P,19,Android,Different State,1,1130,2,UPI PIN,0
TXN103927,USER2912,224.92,Recharge,17,Android,Different City,0,3172,3,UPI PIN,0
TXN103928,USER1119,3649.8,Recharge,7,iOS,Same City,0,2020,4,UPI PIN,1
TXN103929,USER4003,2068.86,Merchant,15,Android,Same City,0,1438,2,UPI PIN,0
TXN103930,USER1252,1975.14,Bill Payment,22,Android,Different City,0,3012,2,Biometric,1
TXN103931,USER2548,553.7,Recharge,22,iOS,Different City,0,2002,3,Biometric,0
TXN103932,USER1896,554.83,Merchant,3,iOS,Same City,1,2521,2,UPI PIN,0
TXN103933,USER3882,2961.68,Recharge,10,Android,Same City,1,3466,4,UPI PIN,0
TXN103934,USER2924,205.25,P2P,16,Android,Different City,0,3765,4,Biometric,0
TXN103935,USER2415,974.84,Recharge,12,iOS,Different City,0,734,1,UPI PIN,0
TXN103936,USER3148,2128.24,Bill Payment,1,iOS,Same City,1,617,1,Auto Debit,0
TXN103937,USER4900,1092.86,Merchant,4,Android,Different City,2,2408,1,UPI PIN,1
TXN103938,USER3383,255.15,P2P,16,Android,Same City,0,1047,7,UPI PIN,0
TXN103939,USER2125,2037.69,Bill Payment,17,iOS,Same City,0,490,3,Biometric,0
TXN103940,USER2823,14.19,Recharge,1,Android,Different State,1,1726,4,UPI PIN,0
TXN103941,USER3077,190.51,Recharge,4,iOS,Same City,0,3761,1,Auto Debit,0
TXN103942,USER4399,514.38,Recharge,11,Android,Same City,1,157,6,UPI PIN,0
TXN103943,USER2832,3588.0,Merchant,2,Web,Different State,0,2600,7,UPI PIN,0
TXN103944,USER4449,486.91,P2P,12,Android,Same City,0,1101,5,Biometric,0
TXN103945,USER2923,3002.4,Merchant,6,Android,Same City,1,2745,2,UPI PIN,1
TXN103946,USER2003,3569.42,Recharge,18,Android,Different State,0,2831,3,UPI PIN,0
TXN103947,USER1961,581.54,Merchant,15,Android,Same City,0,3437,0,UPI PIN,0
TXN103948,USER3937,4367.89,Merchant,7,iOS,Different City,0,2094,2,UPI PIN,0
TXN103949,USER1394,417.59,Bill Payment,5,Android,Same City,0,256,1,UPI PIN,0
TXN103950,USER3015,3829.03,Recharge,23,Android,Same City,0,1730,2,UPI PIN,1
TXN103951,USER4164,10226.33,P2P,6,iOS,Same City,0,3581,2,Auto Debit,0
TXN103952,USER4157,79.7,P2P,6,Android,Same City,0,1231,1,UPI PIN,0
TXN103953,USER2146,539.41,Merchant,12,Android,Same City,0,3809,1,Biometric,0
TXN103954,USER2890,207.0,P2P,8,iOS,Same City,0,1231,3,Biometric,0
TXN103955,USER2977,5.13,Merchant,18,iOS,Same City,0,957,6,Auto Debit,0
TXN103956,USER2310,2652.78,P2P,4,Android,Different City,0,1337,6,UPI PIN,1
TXN103957,USER2789,530.01,Recharge,18,iOS,Same City,0,2565,6,UPI PIN,0
TXN103958,USER4624,307.76,Bill Payment,10,Android,Different City,0,2157,5,UPI PIN,0
TXN103959,USER4549,1053.8,P2P,1,iOS,Same City,0,185,10,UPI PIN,1
TXN103960,USER1193,1476.22,Recharge,5,Android,Same City,0,2759,2,UPI PIN,1
TXN103961,USER4639,3953.24,Bill Payment,17,Android,Same City,0,274,6,UPI PIN,1
TXN103962,USER3183,130.91,P2P,20,Web,Different State,0,1309,0,UPI PIN,0
TXN103963,USER4256,940.07,Merchant,6,Android,Different City,0,1356,3,UPI PIN,0
TXN103964,USER2546,2423.37,Bill Payment,21,iOS,Same City,2,2513,2,UPI PIN,1
TXN103965,USER3753,3387.33,Merchant,8,iOS,Different City,0,2744,3,UPI PIN,0
TXN103966,USER4572,19.86,Merchant,18,Android,Different City,0,2911,3,UPI PIN,0
TXN103967,USER4544,1163.1,P2P,7,iOS,Different City,0,1706,4,UPI PIN,0
TXN103968,USER2332,3251.27,Recharge,18,Android,Same City,0,3792,3,Biometric,0
TXN103969,USER1735,626.23,Merchant,9,iOS,Same City,0,1076,3,UPI PIN,1
TXN103970,USER3968,1869.82,Merchant,7,iOS,Same City,0,1780,3,UPI PIN,0
TXN103971,USER3659,1330.99,Merchant,4,Android,Same City,0,343,4,Auto Debit,0
TXN103972,USER1440,2195.58,P2P,3,Android,Same City,0,630,3,UPI PIN,0
TXN103973,USER3597,1145.6,Merchant,20,Android,Same City,0,3329,5,UPI PIN,1
TXN103974,USER4057,1830.36,Bill Payment,9,iOS,Same City,0,1981,3,UPI PIN,0
TXN103975,USER3853,4050.61,Merchant,13,Android,Same City,0,2708,3,Biometric,0
TXN103976,USER4593,814.91,Bill Payment,8,iOS,Different State,0,2316,1,UPI PIN,0
TXN103977,USER3248,676.28,P2P,8,Android,Same City,1,3309,5,UPI PIN,0
TXN103978,USER4857,5976.89,P2P,0,iOS,Different State,0,2140,2,Auto Debit,0
TXN103979,USER2251,660.19,Merchant,16,Android,Different City,0,2394,5,UPI PIN,1
TXN103980,USER4141,1776.0,Merchant,7,iOS,Same City,0,414,1,Auto Debit,1
TXN103981,USER3642,769.53,Merchant,21,Android,Same City,0,2110,2,UPI PIN,0
TXN103982,USER4362,110.0,Recharge,23,iOS,Different City,0,2971,4,UPI PIN,0
TXN103983,USER4857,2726.06,Bill Payment,5,Android,Same City,1,1891,6,UPI PIN,0
TXN103984,USER1362,1792.83,Recharge,8,Android,Different City,0,2908,4,Auto Debit,0
TXN103985,USER4681,1669.76,Recharge,15,Android,Same City,0,894,3,Biometric,0
TXN103986,USER1686,11.64,P2P,6,Android,Same City,0,1404,8,UPI PIN,0
TXN103987,USER2363,660.1,Bill Payment,7,Android,Same City,0,2962,4,UPI PIN,0
TXN103988,USER2860,36.78,Bill Payment,23,Android,Same City,0,2280,1,UPI PIN,0
TXN103989,USER4828,6062.5,Merchant,10,Android,Same City,0,1599,4,UPI PIN,0
TXN103990,USER2411,515.35,Recharge,0,iOS,Same City,0,3894,6,UPI PIN,0
TXN103991,USER3474,2535.78,P2P,18,iOS,Same City,0,1310,4,UPI PIN,0
TXN103992,USER4248,104.54,Merchant,5,iOS,Same City,1,433,2,UPI PIN,0
TXN103993,USER4204,933.89,P2P,4,Android,Same City,1,3863,3,UPI PIN,0
TXN103994,USER4372,1869.79,Bill Payment,13,Android,Same City,0,2788,4,UPI PIN,0
TXN103995,USER4233,11808.81,Recharge,19,Android,Different City,0,2612,3,UPI PIN,0
TXN103996,USER4718,794.43,P2P,3,iOS,Same City,0,2759,2,UPI PIN,0
TXN103997,USER1845,402.25,Recharge,16,Android,Same City,0,142,5,Biometric,0
TXN103998,USER2676,529.52,P2P,12,iOS,Different City,1,1212,3,UPI PIN,0
TXN103999,USER1773,1062.12,Recharge,21,Android,Same City,0,3330,3,UPI PIN,1
TXN104000,USER4481,436.75,P2P,22,Android,Same City,2,2110,4,UPI PIN,1
TXN104001,USER3116,817.04,P2P,6,iOS,Different City,2,1394,1,Biometric,1
TXN104002,USER2516,1237.07,P2P,23,Android,Same City,0,104,0,UPI PIN,0
TXN104003,USER4600,68.3,P2P,4,iOS,Same City,0,1980,1,UPI PIN,0
TXN104004,USER3389,5611.82,Merchant,9,Android,Different City,0,54,5,Biometric,0
TXN104005,USER2863,4030.34,Bill Payment,3,iOS,Same City,1,3189,3,Biometric,0
TXN104006,USER4540,1918.91,P2P,4,Android,Same City,0,3270,4,UPI PIN,0
TXN104007,USER4012,88.73,P2P,14,iOS,Different City,1,2934,3,UPI PIN,0
TXN104008,USER3999,1819.53,Merchant,4,Android,Same City,0,3932,0,Biometric,1
TXN104009,USER4711,337.27,Merchant,18,Android,Same City,0,2996,2,UPI PIN,0
TXN104010,USER1772,1250.58,P2P,11,Android,Same City,1,3725,4,UPI PIN,0
TXN104011,USER4621,3165.0,P2P,11,iOS,Same City,1,1834,3,UPI PIN,1
TXN104012,USER4515,12.03,P2P,6,Android,Same City,1,173,7,Biometric,0
TXN104013,USER3824,1224.61,Merchant,11,Android,Same City,0,2445,2,UPI PIN,0
TXN104014,USER3933,1201.44,Bill Payment,19,iOS,Different City,0,3012,2,UPI PIN,0
TXN104015,USER1783,647.83,P2P,3,Android,Different City,0,786,4,Auto Debit,1
TXN104016,USER3770,303.46,Recharge,23,Android,Same City,0,155,2,UPI PIN,0
TXN104017,USER4883,4063.61,Merchant,22,Android,Different City,0,2809,6,UPI PIN,0
TXN104018,USER3770,511.88,P2P,11,iOS,Same City,0,3741,3,Biometric,0
TXN104019,USER4753,7512.97,P2P,21,Android,Different City,1,3998,1,UPI PIN,0
TXN104020,USER4338,2141.36,Merchant,1,Android,Same City,0,308,2,UPI PIN,0
TXN104021,USER3079,5910.33,Merchant,12,Web,Different State,0,2505,3,UPI PIN,0
TXN104022,USER4882,135.16,P2P,1,iOS,Same City,1,2144,2,UPI PIN,0
TXN104023,USER3318,1275.88,Merchant,1,Android,Different State,0,1876,1,Auto Debit,0
TXN104024,USER2586,787.94,Bill Payment,23,Android,Different City,0,1129,2,UPI PIN,0
TXN104025,USER4169,754.92,Recharge,18,Android,Different City,0,1640,4,Auto Debit,1
TXN104026,USER4637,1343.78,P2P,2,Android,Same City,0,435,5,UPI PIN,0
TXN104027,USER3275,4432.04,Merchant,8,iOS,Same City,0,1951,5,Auto Debit,1
TXN104028,USER4326,1044.41,P2P,0,Android,Different City,1,1136,4,UPI PIN,1
TXN104029,USER2616,4379.39,P2P,17,Android,Different City,0,762,3,UPI PIN,0
TXN104030,USER4559,4303.41,Bill Payment,1,Android,Same City,0,176,2,UPI PIN,0
TXN104031,USER4895,631.98,Bill Payment,11,iOS,Different State,1,2688,2,UPI PIN,0
TXN104032,USER2968,737.66,Recharge,15,Android,Same City,0,689,4,Biometric,0
TXN104033,USER1143,1909.84,Recharge,0,Android,Same City,0,2520,5,Auto Debit,0
TXN104034,USER2457,2533.67,Bill Payment,6,Android,Same City,0,3011,2,Auto Debit,0
TXN104035,USER2176,965.55,Recharge,13,Android,Same City,0,1306,3,UPI PIN,0
TXN104036,USER3274,7725.39,Recharge,23,Android,Same City,2,516,4,UPI PIN,1
TXN104037,USER2505,1122.66,Bill Payment,0,iOS,Same City,0,3986,4,Biometric,0
TXN104038,USER4184,518.42,Merchant,12,iOS,Same City,0,2340,1,UPI PIN,0
TXN104039,USER1005,4350.27,Merchant,6,iOS,Same City,2,1787,3,Biometric,1
TXN104040,USER4404,118.82,Merchant,16,iOS,Different State,0,1666,7,UPI PIN,0
TXN104041,USER2533,1800.64,Bill Payment,19,Android,Same City,1,1020,1,Auto Debit,0
TXN104042,USER3012,1638.59,Recharge,10,Android,Same City,0,731,3,UPI PIN,0
TXN104043,USER3025,650.93,Bill Payment,18,Android,Same City,0,3017,2,Biometric,0
TXN104044,USER1200,2679.97,P2P,2,Web,Same City,1,2744,2,Auto Debit,0
TXN104045,USER2113,690.97,Merchant,19,Android,Same City,2,968,2,UPI PIN,0
TXN104046,USER2231,5158.02,Bill Payment,10,Android,Different City,0,3674,1,Biometric,0
TXN104047,USER1354,8051.69,P2P,21,iOS,Same City,0,1226,6,UPI PIN,0
TXN104048,USER1148,946.12,P2P,12,iOS,Same City,1,1231,4,UPI PIN,0
TXN104049,USER3733,2190.17,Merchant,0,iOS,Same City,0,1913,3,UPI PIN,0
TXN104050,USER2580,2594.15,Bill Payment,19,Android,Same City,0,3987,5,UPI PIN,0
TXN104051,USER2743,309.84,Recharge,4,Android,Same City,1,605,3,Biometric,1
TXN104052,USER4174,1887.87,Bill Payment,19,Android,Same City,0,2969,3,Biometric,1
TXN104053,USER1859,144.57,P2P,7,Android,Same City,0,2527,3,UPI PIN,0
TXN104054,USER1912,1033.88,Merchant,14,Android,Same City,0,3547,4,UPI PIN,1
TXN104055,USER3159,6483.21,P2P,12,iOS,Same City,1,2782,2,Biometric,0
TXN104056,USER1587,1074.92,Merchant,4,iOS,Same City,0,3356,4,UPI PIN,0
TXN104057,USER1062,506.26,P2P,6,Android,Same City,0,522,1,Biometric,0
TXN104058,USER2564,202.3,Recharge,1,Android,Same City,1,2356,2,UPI PIN,0
TXN104059,USER3623,260.67,P2P,22,iOS,Different State,1,228,4,UPI PIN,0
TXN104060,USER3086,966.38,Recharge,15,Android,Same City,0,627,2,Biometric,1
TXN104061,USER3129,23.71,P2P,3,Android,Same City,1,2987,3,Biometric,0
TXN104062,USER1735,244.76,Merchant,4,Web,Different City,0,1298,3,UPI PIN,0
TXN104063,USER2875,370.26,P2P,13,Android,Different City,1,1704,1,UPI PIN,0
TXN104064,USER2155,747.22,Merchant,20,Android,Same City,0,2816,1,UPI PIN,0
TXN104065,USER1801,530.94,Merchant,20,Android,Same City,0,184,2,UPI PIN,0
TXN104066,USER2648,1231.2,P2P,20,Android,Same City,0,33,3,UPI PIN,0
TXN104067,USER3789,907.03,Merchant,19,Android,Same City,0,3730,4,Biometric,0
TXN104068,USER4218,321.89,Merchant,15,Android,Same City,0,1621,2,UPI PIN,0
TXN104069,USER3351,18.15,P2P,3,Android,Same City,0,1104,2,UPI PIN,0
TXN104070,USER4821,1633.55,P2P,16,iOS,Same City,0,2110,0,Auto Debit,0
TXN104071,USER3631,5206.0,Recharge,5,Web,Same City,0,2741,4,Biometric,1
TXN104072,USER3111,1655.42,P2P,12,Android,Same City,1,2183,6,Biometric,0
TXN104073,USER1309,668.56,Merchant,1,Android,Different State,0,1876,4,UPI PIN,0
TXN104074,USER4239,1331.65,Merchant,2,Android,Same City,0,1464,4,UPI PIN,0
TXN104075,USER4731,1224.74,Merchant,10,Web,Same City,1,51,2,Auto Debit,1
TXN104076,USER3960,290.6,Bill Payment,16,Android,Same City,0,1013,4,UPI PIN,0
TXN104077,USER2877,823.21,P2P,7,Android,Different State,1,325,1,UPI PIN,0
TXN104078,USER1958,5050.47,Recharge,19,Web,Same City,0,416,5,UPI PIN,0
TXN104079,USER3328,1510.11,Bill Payment,6,Android,Same City,1,559,2,Biometric,1
TXN104080,USER4405,1371.14,P2P,22,Android,Same City,1,3847,2,UPI PIN,0
TXN104081,USER1528,3389.04,P2P,22,Android,Same City,0,1095,3,Biometric,1
TXN104082,USER3448,6004.23,P2P,11,Android,Same City,0,242,4,UPI PIN,0
TXN104083,USER1549,314.11,P2P,1,Android,Different City,0,3465,3,UPI PIN,0
TXN104084,USER1075,2958.0,P2P,2,iOS,Same City,0,1676,1,UPI PIN,0
TXN104085,USER3660,1628.21,Bill Payment,20,iOS,Same City,0,322,3,UPI PIN,0
TXN104086,USER1671,563.86,Bill Payment,23,iOS,Same City,0,3382,6,UPI PIN,0
TXN104087,USER2263,0.9,Recharge,2,Android,Different City,0,37,4,UPI PIN,0
TXN104088,USER4835,2070.81,Bill Payment,22,iOS,Different City,0,2856,2,UPI PIN,0
TXN104089,USER1319,8308.46,Merchant,5,iOS,Same City,0,813,4,Auto Debit,0
TXN104090,USER1950,1111.21,Merchant,22,Android,Same City,0,3594,9,UPI PIN,0
TXN104091,USER2857,1340.94,Recharge,13,iOS,Same City,0,320,5,Biometric,1
TXN104092,USER4338,4541.11,P2P,4,iOS,Same City,1,2828,2,UPI PIN,0
TXN104093,USER1128,3366.17,Recharge,14,Android,Same City,1,704,4,UPI PIN,1
TXN104094,USER1001,9808.06,P2P,9,Android,Same City,0,1795,3,UPI PIN,0
TXN104095,USER2556,1121.06,P2P,0,Android,Same City,1,2403,1,UPI PIN,0
TXN104096,USER4456,49.82,Merchant,3,iOS,Different State,0,2862,1,Biometric,0
TXN104097,USER3193,3249.6,Bill Payment,16,Android,Different State,1,3825,2,UPI PIN,0
TXN104098,USER2406,4109.7,P2P,10,Android,Same City,0,177,0,Biometric,0
TXN104099,USER4342,4926.93,Merchant,21,Android,Same City,0,913,4,UPI PIN,0
TXN104100,USER1252,5281.49,Recharge,8,iOS,Same City,1,3669,4,UPI PIN,1
TXN104101,USER3719,2654.81,Merchant,10,Web,Same City,0,308,2,Biometric,1
TXN104102,USER1060,2521.89,Bill Payment,9,iOS,Same City,0,1604,0,UPI PIN,1
TXN104103,USER1413,3363.37,Merchant,16,Android,Different State,0,3593,5,UPI PIN,0
TXN104104,USER1883,1962.34,Merchant,9,Web,Same City,0,909,2,UPI PIN,0
TXN104105,USER2898,3043.01,Merchant,20,Android,Same City,0,944,4,Auto Debit,0
TXN104106,USER3561,4753.25,Bill Payment,2,Web,Different City,0,2004,1,UPI PIN,0
TXN104107,USER1067,1986.18,Recharge,14,Android,Same City,1,1225,3,UPI PIN,0
TXN104108,USER2985,4655.85,P2P,20,Android,Same City,0,2474,2,Biometric,0
TXN104109,USER4445,1237.55,Recharge,10,iOS,Same City,0,3090,3,UPI PIN,0
TXN104110,USER1247,214.05,Bill Payment,22,Android,Same City,0,2079,2,UPI PIN,0
TXN104111,USER3480,2084.1,Recharge,23,Android,Different City,0,548,3,Auto Debit,1
TXN104112,USER4060,566.5,P2P,2,Android,Same City,0,424,1,UPI PIN,0
TXN104113,USER2662,1488.61,Recharge,7,Android,Different City,1,699,2,Auto Debit,0
TXN104114,USER4573,751.75,Bill Payment,23,iOS,Different City,0,633,3,UPI PIN,0
TXN104115,USER3280,1295.84,Bill Payment,3,Android,Same City,0,1448,3,UPI PIN,0
TXN104116,USER2421,2967.25,Recharge,0,Android,Same City,0,531,3,Auto Debit,1
TXN104117,USER4072,2544.55,Bill Payment,15,iOS,Same City,0,2990,2,UPI PIN,0
TXN104118,USER2819,46.74,Merchant,7,Android,Same City,0,927,3,UPI PIN,0
TXN104119,USER3299,1291.17,Recharge,13,Android,Different State,0,3750,1,UPI PIN,0
TXN104120,USER4386,95.34,Merchant,8,Web,Same City,2,1441,0,Biometric,0
TXN104121,USER2367,1322.32,Merchant,21,Web,Same City,0,182,2,Auto Debit,1
TXN104122,USER4160,962.14,P2P,9,Android,Different City,0,2865,2,UPI PIN,0
TXN104123,USER4257,4755.45,Merchant,12,Android,Same City,1,242,1,Biometric,0
TXN104124,USER4716,354.18,Bill Payment,17,iOS,Same City,0,1995,8,Auto Debit,0
TXN104125,USER4735,373.6,P2P,2,Android,Same City,0,3346,0,UPI PIN,0
TXN104126,USER3657,2116.27,Merchant,0,Android,Different City,1,2628,4,UPI PIN,0
TXN104127,USER3963,1009.72,Recharge,20,Android,Different City,0,3946,5,UPI PIN,0
TXN104128,USER1258,482.39,Merchant,22,Android,Same City,2,2221,8,UPI PIN,0
TXN104129,USER2233,835.75,P2P,17,iOS,Different City,0,3409,2,Biometric,1
TXN104130,USER4791,1191.01,Merchant,11,Android,Same City,0,2547,4,UPI PIN,0
TXN104131,USER4956,501.41,Recharge,15,Android,Same City,0,716,3,UPI PIN,0
TXN104132,USER3639,1499.17,Recharge,19,Android,Same City,0,1649,1,UPI PIN,0
TXN104133,USER4996,797.59,P2P,18,Android,Same City,0,185,4,UPI PIN,1
TXN104134,USER4520,935.84,Merchant,17,iOS,Different City,0,472,7,UPI PIN,0
TXN104135,USER1483,3562.07,Merchant,16,Android,Different City,0,1269,4,UPI PIN,1
TXN104136,USER3300,551.95,Merchant,16,iOS,Same City,3,116,6,UPI PIN,0
TXN104137,USER1779,2261.22,Bill Payment,12,Android,Same City,0,3176,3,UPI PIN,0
TXN104138,USER2958,4530.53,P2P,21,Android,Same City,1,3936,1,UPI PIN,0
TXN104139,USER2467,2428.98,Bill Payment,14,iOS,Same City,1,3264,4,UPI PIN,0
TXN104140,USER1048,361.38,Merchant,8,Web,Different City,0,2740,2,UPI PIN,0
TXN104141,USER4517,358.25,P2P,16,Android,Same City,0,1448,5,Auto Debit,0
TXN104142,USER3342,172.33,Bill Payment,10,Android,Same City,0,176,1,UPI PIN,0
TXN104143,USER1190,189.74,Merchant,17,iOS,Same City,0,3824,3,UPI PIN,0
TXN104144,USER2928,433.2,Merchant,21,Android,Same City,0,360,3,UPI PIN,0
TXN104145,USER3531,1510.88,Bill Payment,13,Android,Different State,1,630,3,Auto Debit,1
TXN104146,USER2341,2542.4,Bill Payment,12,Android,Same City,1,3976,2,Biometric,0
TXN104147,USER2802,839.41,Bill Payment,19,Android,Same City,0,2972,4,UPI PIN,0
TXN104148,USER1830,231.57,Merchant,11,Android,Same City,0,1938,2,Auto Debit,0
TXN104149,USER3699,1689.35,Merchant,6,Android,Different State,0,3075,3,UPI PIN,0
TXN104150,USER4970,49.16,P2P,8,Android,Different City,0,2499,2,UPI PIN,0
TXN104151,USER2167,3301.68,P2P,13,iOS,Same City,0,1175,6,UPI PIN,0
TXN104152,USER3805,564.33,Bill Payment,11,Web,Different City,0,3258,2,UPI PIN,1
TXN104153,USER4338,538.02,Recharge,0,Android,Different State,2,2313,1,Auto Debit,1
TXN104154,USER1006,2762.82,Recharge,7,Android,Same City,0,3238,1,UPI PIN,1
TXN104155,USER3273,279.24,P2P,21,Web,Same City,0,2840,2,UPI PIN,0
TXN104156,USER4339,2327.79,Bill Payment,17,iOS,Same City,0,3804,3,Auto Debit,0
TXN104157,USER3552,170.26,P2P,9,Android,Different State,2,2889,5,UPI PIN,0
TXN104158,USER4641,340.81,Bill Payment,16,Android,Same City,1,2132,2,UPI PIN,0
TXN104159,USER3186,101.92,Bill Payment,15,Android,Same City,0,3750,1,Auto Debit,0
TXN104160,USER4510,1718.04,P2P,23,Android,Same City,0,1697,2,UPI PIN,1
TXN104161,USER1731,115.05,Bill Payment,13,Android,Different City,0,3897,3,UPI PIN,0
TXN104162,USER2658,5023.54,P2P,2,Android,Different State,0,655,0,Biometric,0
TXN104163,USER1951,3011.29,Recharge,1,iOS,Same City,2,2997,5,UPI PIN,0
TXN104164,USER3113,4458.41,Merchant,22,Android,Same City,0,3229,2,UPI PIN,0
TXN104165,USER4205,1047.81,Recharge,11,Android,Different City,1,927,5,UPI PIN,0
TXN104166,USER4537,474.25,P2P,22,iOS,Different State,0,2938,4,UPI PIN,0
TXN104167,USER2893,365.5,Merchant,13,Android,Same City,0,2512,2,Biometric,0
TXN104168,USER3083,891.39,Bill Payment,12,Android,Different State,0,848,2,UPI PIN,1
TXN104169,USER1087,2522.53,Recharge,3,iOS,Same City,1,917,4,Biometric,0
TXN104170,USER1874,2039.11,Bill Payment,19,iOS,Different City,0,355,3,Auto Debit,0
TXN104171,USER3026,624.51,Merchant,21,iOS,Same City,1,2107,4,UPI PIN,0
TXN104172,USER2781,8660.92,Bill Payment,3,Android,Same City,0,763,1,Auto Debit,0
TXN104173,USER1251,1927.89,Bill Payment,5,iOS,Different State,0,780,3,UPI PIN,0
TXN104174,USER3670,2035.33,P2P,14,Android,Same City,0,561,2,UPI PIN,0
TXN104175,USER3310,1207.47,P2P,6,Android,Different City,0,3546,2,UPI PIN,0
TXN104176,USER4957,994.07,P2P,6,iOS,Different City,0,2795,3,UPI PIN,0
TXN104177,USER4313,2234.21,Merchant,20,Android,Same City,0,130,5,Auto Debit,0
TXN104178,USER3236,3030.6,P2P,13,iOS,Different City,0,843,1,Biometric,1
TXN104179,USER1745,2633.08,Bill Payment,11,iOS,Different State,1,3051,0,UPI PIN,1
TXN104180,USER3837,609.35,Merchant,18,Android,Same City,0,743,3,Auto Debit,1
TXN104181,USER4411,945.76,P2P,1,Android,Same City,0,935,3,Auto Debit,0
TXN104182,USER4862,1096.87,Recharge,12,Android,Different State,0,1057,1,UPI PIN,0
TXN104183,USER1921,5633.83,P2P,0,Android,Different State,1,3281,2,Biometric,1
TXN104184,USER1078,683.61,Recharge,5,Android,Same City,0,192,1,Biometric,0
TXN104185,USER3406,3103.69,Merchant,4,Android,Different City,1,3315,5,UPI PIN,1
TXN104186,USER4094,771.46,Recharge,17,Web,Same City,1,401,5,UPI PIN,0
TXN104187,USER4977,5562.22,P2P,16,Android,Different City,0,780,3,UPI PIN,0
TXN104188,USER4666,377.39,P2P,16,Android,Same City,1,1677,2,UPI PIN,0
TXN104189,USER4065,2417.84,P2P,15,iOS,Different City,0,2212,4,UPI PIN,0
TXN104190,USER4362,523.63,Merchant,1,iOS,Same City,0,1794,3,UPI PIN,0
TXN104191,USER1524,1203.32,Bill Payment,21,Android,Same City,1,576,2,UPI PIN,0
TXN104192,USER3742,446.65,Merchant,2,Web,Same City,0,162,3,UPI PIN,0
TXN104193,USER1233,837.81,Recharge,23,iOS,Different State,0,3389,3,UPI PIN,0
TXN104194,USER4699,3621.3,P2P,9,iOS,Same City,0,158,1,UPI PIN,0
TXN104195,USER4014,3437.32,Merchant,2,Android,Same City,0,3742,4,UPI PIN,0
TXN104196,USER2338,3905.67,Bill Payment,22,iOS,Same City,0,1470,4,UPI PIN,1
TXN104197,USER1373,3502.56,P2P,13,iOS,Same City,1,3572,3,UPI PIN,0
TXN104198,USER2286,3440.89,Bill Payment,18,Android,Same City,0,2799,3,UPI PIN,0
TXN104199,USER1002,4517.71,P2P,0,Android,Different State,0,43,3,UPI PIN,0
TXN104200,USER1721,245.6,Bill Payment,3,Web,Same City,0,2574,3,UPI PIN,0
TXN104201,USER4192,4319.67,P2P,2,iOS,Same City,0,3555,2,UPI PIN,0
TXN104202,USER2984,3525.08,P2P,20,Android,Same City,0,2264,5,UPI PIN,0
TXN104203,USER1515,771.12,Bill Payment,16,Android,Same City,0,938,4,Biometric,0
TXN104204,USER2918,2196.03,Recharge,7,Android,Same City,0,1621,6,Biometric,0
TXN104205,USER3160,2698.11,Bill Payment,23,iOS,Same City,1,2346,2,UPI PIN,1
TXN104206,USER1194,3755.97,Merchant,9,Android,Different State,0,2517,0,UPI PIN,0
TXN104207,USER2156,11.58,P2P,9,Android,Different City,0,2389,4,Auto Debit,0
TXN104208,USER3396,2017.06,Merchant,13,Android,Same City,0,3559,3,UPI PIN,1
TXN104209,USER3501,497.28,P2P,15,Android,Same City,0,374,5,UPI PIN,0
TXN104210,USER2727,152.94,Bill Payment,18,Android,Same City,0,1493,2,Biometric,0
TXN104211,USER2920,1231.06,Merchant,11,Android,Different City,0,3412,5,UPI PIN,0
TXN104212,USER4195,2187.32,P2P,12,Android,Same City,0,3348,5,UPI PIN,1
TXN104213,USER3870,4272.35,Recharge,11,Android,Same City,0,1475,4,Biometric,0
TXN104214,USER2636,5317.39,Merchant,20,iOS,Same City,0,3369,1,UPI PIN,0
TXN104215,USER1925,1083.97,Bill Payment,7,Android,Different City,0,910,4,UPI PIN,0
TXN104216,USER2065,1289.07,Recharge,14,Android,Same City,0,2307,2,UPI PIN,0
TXN104217,USER4562,2068.52,Merchant,19,Android,Same City,0,2935,3,Biometric,1
TXN104218,USER1223,1881.19,Recharge,8,Android,Same City,1,666,7,UPI PIN,1
TXN104219,USER3410,782.58,P2P,10,Android,Same City,1,487,3,UPI PIN,0
TXN104220,USER4577,2126.86,Recharge,21,Android,Same City,0,2990,5,UPI PIN,0
TXN104221,USER4971,2749.72,Merchant,5,iOS,Same City,0,1789,3,UPI PIN,0
TXN104222,USER1956,1656.21,Bill Payment,8,Android,Same City,0,124,4,UPI PIN,1
TXN104223,USER1758,3631.49,P2P,9,iOS,Same City,0,384,4,UPI PIN,1
TXN104224,USER4162,1855.14,P2P,5,Android,Same City,0,3118,2,Biometric,0
TXN104225,USER2692,1059.98,P2P,16,Android,Different City,0,3343,4,UPI PIN,0
TXN104226,USER2686,35.86,Recharge,5,Android,Same City,0,2431,3,UPI PIN,0
TXN104227,USER1192,1132.49,P2P,12,iOS,Same City,2,617,3,UPI PIN,0
TXN104228,USER1817,1936.24,Recharge,20,iOS,Same City,0,1940,3,Biometric,1
TXN104229,USER3864,1898.87,Merchant,7,Android,Same City,1,2836,2,UPI PIN,0
TXN104230,USER4361,691.8,P2P,13,Web,Different State,0,1094,2,Biometric,0
TXN104231,USER3583,1194.48,Bill Payment,5,iOS,Same City,1,3784,2,Biometric,0
TXN104232,USER4034,710.5,Merchant,18,Android,Same City,0,167,4,Biometric,0
TXN104233,USER3963,999.76,P2P,12,Android,Same City,0,925,2,UPI PIN,0
TXN104234,USER4257,23.0,P2P,0,Android,Same City,0,3136,3,Auto Debit,0
TXN104235,USER3841,131.26,Recharge,13,iOS,Different City,0,2404,2,Biometric,0
TXN104236,USER2690,5800.76,P2P,12,Android,Same City,0,404,4,UPI PIN,0
TXN104237,USER4752,1072.45,P2P,19,Android,Same City,1,2422,1,UPI PIN,1
TXN104238,USER3389,724.49,P2P,16,Android,Different State,0,1480,0,UPI PIN,0
TXN104239,USER3089,2279.73,Recharge,19,Android,Different State,0,1261,1,UPI PIN,0
TXN104240,USER1896,2035.49,Bill Payment,1,Web,Same City,0,2332,0,UPI PIN,0
TXN104241,USER1326,1426.57,Recharge,0,Android,Same City,1,1463,3,UPI PIN,0
TXN104242,USER3216,9025.44,Bill Payment,8,iOS,Same City,1,3731,3,UPI PIN,1
TXN104243,USER4906,10958.71,P2P,23,Android,Same City,1,3116,3,UPI PIN,1
TXN104244,USER3515,2623.45,Merchant,14,Android,Same City,0,925,4,Biometric,0
TXN104245,USER3652,263.63,Bill Payment,3,iOS,Same City,0,3015,2,Biometric,0
TXN104246,USER4164,1034.64,P2P,18,iOS,Same City,0,651,6,UPI PIN,0
TXN104247,USER4591,467.11,Recharge,9,Web,Same City,0,2363,3,UPI PIN,0
TXN104248,USER3051,393.1,Bill Payment,3,iOS,Same City,1,2284,4,UPI PIN,0
TXN104249,USER4976,266.28,Bill Payment,22,Android,Same City,1,809,3,Biometric,0
TXN104250,USER2030,442.24,Recharge,1,iOS,Same City,0,3836,3,UPI PIN,0
TXN104251,USER4181,8120.48,P2P,20,Android,Same City,0,3340,5,UPI PIN,1
TXN104252,USER2420,2536.78,P2P,3,Android,Same City,2,1344,3,UPI PIN,0
TXN104253,USER3824,10220.41,Merchant,12,Android,Same City,0,776,4,UPI PIN,1
TXN104254,USER1926,385.76,Recharge,15,Android,Different City,0,2231,6,UPI PIN,0
TXN104255,USER2170,373.73,Bill Payment,7,iOS,Same City,1,3474,1,Auto Debit,0
TXN104256,USER4432,6158.49,P2P,23,Android,Same City,0,2677,1,Biometric,1
TXN104257,USER2231,2417.76,Bill Payment,3,Android,Same City,0,3252,1,UPI PIN,0
TXN104258,USER4123,1303.89,Bill Payment,9,Android,Same City,0,3108,2,Biometric,0
TXN104259,USER1227,4681.66,Merchant,1,Android,Different State,0,3742,5,Biometric,0
TXN104260,USER4904,7625.31,Recharge,15,Android,Same City,1,944,4,UPI PIN,0
TXN104261,USER4834,5239.57,Bill Payment,19,Android,Same City,0,90,3,UPI PIN,0
TXN104262,USER2272,3185.41,P2P,9,Android,Same City,0,1647,5,Biometric,0
TXN104263,USER3601,166.43,P2P,9,Android,Same City,0,3827,5,UPI PIN,0
TXN104264,USER2060,250.52,Bill Payment,14,Android,Same City,0,3949,4,Biometric,0
TXN104265,USER3522,330.72,Recharge,18,Android,Same City,0,3956,2,UPI PIN,0
TXN104266,USER2089,1056.7,Bill Payment,21,Android,Same City,1,952,4,UPI PIN,0
TXN104267,USER3225,586.04,P2P,10,Android,Same City,0,2655,1,UPI PIN,0
TXN104268,USER2884,1223.34,Bill Payment,12,Android,Same City,0,2605,5,UPI PIN,0
TXN104269,USER1887,5825.18,Recharge,11,iOS,Same City,1,2961,2,UPI PIN,1
TXN104270,USER4596,1300.69,P2P,14,Android,Different State,0,1413,4,UPI PIN,0
TXN104271,USER2898,6157.82,Recharge,10,iOS,Same City,1,2571,2,Auto Debit,0
TXN104272,USER2280,309.02,Merchant,8,Android,Same City,0,3720,4,Biometric,0
TXN104273,USER3898,5426.0,Merchant,1,iOS,Same City,1,1402,4,Auto Debit,1
TXN104274,USER2320,4073.72,Bill Payment,4,Android,Same City,1,3638,7,Biometric,0
TXN104275,USER2152,706.55,Recharge,15,Android,Same City,0,3504,3,Auto Debit,0
TXN104276,USER1628,882.64,Merchant,1,Android,Different City,0,3840,1,Biometric,0
TXN104277,USER3874,1027.32,P2P,15,iOS,Same City,1,467,5,UPI PIN,0
TXN104278,USER1479,789.9,Bill Payment,23,Android,Different City,0,985,6,UPI PIN,0
TXN104279,USER1894,4960.31,P2P,1,iOS,Same City,0,2403,4,UPI PIN,0
TXN104280,USER4704,167.94,Merchant,6,Android,Same City,1,420,4,Auto Debit,1
TXN104281,USER4221,1177.6,Recharge,16,iOS,Different State,1,1840,6,Biometric,0
TXN104282,USER2442,6465.53,P2P,14,Android,Same City,1,309,7,UPI PIN,1
TXN104283,USER2844,856.96,Recharge,15,Web,Same City,0,3160,3,UPI PIN,0
TXN104284,USER3038,1443.85,Bill Payment,4,iOS,Different State,0,227,1,UPI PIN,1
TXN104285,USER4420,1798.48,P2P,21,iOS,Different State,0,1636,3,Biometric,0
TXN104286,USER3007,3489.36,Merchant,22,iOS,Same City,0,2334,2,Auto Debit,0
TXN104287,USER4138,941.86,Bill Payment,7,Android,Different State,0,3182,8,UPI PIN,0
TXN104288,USER2499,620.24,P2P,4,iOS,Same City,1,786,4,UPI PIN,0
TXN104289,USER1898,8415.0,Recharge,3,Android,Same City,0,2065,3,UPI PIN,0
TXN104290,USER1312,1064.48,P2P,19,Android,Same City,1,2997,4,UPI PIN,0
TXN104291,USER4584,3591.71,P2P,0,Android,Different City,0,746,1,Biometric,0
TXN104292,USER1331,962.31,Recharge,5,Android,Same City,1,2767,5,UPI PIN,0
TXN104293,USER3944,2033.11,Merchant,21,iOS,Same City,0,96,4,UPI PIN,0
TXN104294,USER4680,1481.98,Recharge,23,Android,Same City,0,2192,7,Biometric,0
TXN104295,USER1913,1299.13,Merchant,15,iOS,Same City,0,1470,5,Biometric,0
TXN104296,USER3954,886.52,Bill Payment,1,Android,Same City,1,361,4,Auto Debit,0
TXN104297,USER2084,496.7,P2P,14,Android,Different City,0,207,1,Biometric,0
TXN104298,USER4025,37.11,P2P,10,Android,Same City,0,296,4,UPI PIN,0
TXN104299,USER1797,1215.1,Recharge,7,Web,Same City,1,1879,1,UPI PIN,0
TXN104300,USER2756,1322.75,P2P,19,Android,Same City,0,3944,2,UPI PIN,0
TXN104301,USER3379,843.56,Merchant,9,Android,Same City,0,380,3,Biometric,0
TXN104302,USER4753,1154.28,Bill Payment,14,Android,Same City,0,1478,3,Auto Debit,1
TXN104303,USER2337,249.45,Bill Payment,13,iOS,Same City,0,3805,2,UPI PIN,0
TXN104304,USER4211,1663.97,Merchant,8,iOS,Same City,0,864,3,UPI PIN,0
TXN104305,USER4747,1892.91,Bill Payment,3,Web,Same City,2,964,4,UPI PIN,0
TXN104306,USER2691,1819.86,Merchant,14,iOS,Same City,0,3879,5,UPI PIN,1
TXN104307,USER4503,2429.92,Recharge,9,Android,Different State,1,2022,3,UPI PIN,0
TXN104308,USER3239,672.91,Recharge,15,Android,Same City,0,2808,5,Biometric,0
TXN104309,USER1353,10300.91,Bill Payment,4,Android,Different City,0,2213,3,Biometric,1
TXN104310,USER3787,2700.89,P2P,3,iOS,Same City,0,2345,3,UPI PIN,0
TXN104311,USER3012,681.87,P2P,3,Android,Same City,0,757,2,UPI PIN,0
TXN104312,USER1564,1195.69,Recharge,18,Android,Different State,0,1257,2,UPI PIN,1
TXN104313,USER1733,1332.35,Merchant,23,iOS,Same City,1,2429,2,UPI PIN,0
TXN104314,USER3318,1793.97,Bill Payment,20,Android,Same City,0,56,2,UPI PIN,1
TXN104315,USER4526,4408.05,Bill Payment,8,Web,Different City,0,1648,4,UPI PIN,0
TXN104316,USER3873,2133.65,Recharge,9,Android,Same City,0,1143,4,Auto Debit,0
TXN104317,USER1627,1258.53,Bill Payment,20,Android,Different City,0,1436,0,UPI PIN,1
TXN104318,USER3744,2566.38,Merchant,15,Web,Same City,0,3144,1,UPI PIN,1
TXN104319,USER2047,503.93,Bill Payment,4,iOS,Same City,0,3951,4,Auto Debit,1
TXN104320,USER4020,811.3,Merchant,6,Android,Different State,0,2705,4,UPI PIN,0
TXN104321,USER3617,3358.61,P2P,6,iOS,Different City,0,1123,5,UPI PIN,0
TXN104322,USER2410,3775.47,Merchant,14,Android,Same City,1,3385,0,UPI PIN,0
TXN104323,USER4860,5573.09,Merchant,17,iOS,Same City,1,3685,4,UPI PIN,0
TXN104324,USER3938,59.3,P2P,7,Web,Same City,0,530,3,UPI PIN,0
TXN104325,USER2124,474.48,Recharge,9,Android,Different State,0,1099,5,UPI PIN,1
TXN104326,USER1927,387.44,Bill Payment,13,iOS,Same City,0,1546,6,UPI PIN,0
TXN104327,USER2094,5.16,P2P,17,Android,Same City,0,1318,5,UPI PIN,0
TXN104328,USER1749,626.82,P2P,22,Android,Same City,0,3649,1,Biometric,0
TXN104329,USER4353,357.44,Recharge,13,Web,Same City,1,3384,3,UPI PIN,1
TXN104330,USER1296,2322.18,P2P,0,iOS,Same City,0,2942,3,UPI PIN,0
TXN104331,USER1849,526.88,Merchant,0,Android,Same City,0,759,4,UPI PIN,0
TXN104332,USER3509,1275.3,Bill Payment,19,Android,Different City,0,3550,2,Biometric,1
TXN104333,USER1475,1314.15,Merchant,20,Android,Different City,0,855,4,UPI PIN,0
TXN104334,USER3817,173.32,Recharge,3,Android,Different City,0,2633,1,UPI PIN,0
TXN104335,USER2793,490.72,Bill Payment,13,iOS,Same City,0,3567,5,UPI PIN,0
TXN104336,USER3478,2534.52,Bill Payment,13,Android,Same City,0,3480,3,UPI PIN,0
TXN104337,USER4242,2386.56,Bill Payment,20,iOS,Same City,0,2168,3,UPI PIN,1
TXN104338,USER2949,243.19,Bill Payment,18,Android,Same City,1,1019,1,Auto Debit,1
TXN104339,USER2539,3836.24,Bill Payment,7,Android,Same City,0,1922,0,Biometric,0
TXN104340,USER1974,402.32,Recharge,1,Android,Same City,1,1533,5,Biometric,0
TXN104341,USER4068,4952.74,Merchant,19,iOS,Same City,0,276,3,UPI PIN,0
TXN104342,USER1549,313.0,Bill Payment,12,iOS,Same City,0,195,4,Biometric,0
TXN104343,USER2592,1667.43,Merchant,22,Android,Same City,1,2968,2,UPI PIN,1
TXN104344,USER1285,871.21,Merchant,10,Android,Same City,0,1264,3,UPI PIN,0
TXN104345,USER2500,516.99,Recharge,5,Android,Same City,0,1637,3,UPI PIN,0
TXN104346,USER3803,1411.76,P2P,8,Android,Different City,0,2961,3,Biometric,1
TXN104347,USER4326,816.74,Merchant,4,iOS,Same City,0,38,2,UPI PIN,0
TXN104348,USER3378,2823.0,P2P,14,Android,Same City,0,3234,5,Biometric,0
TXN104349,USER4521,2977.7,Bill Payment,22,iOS,Same City,0,2774,5,UPI PIN,1
TXN104350,USER2123,3034.07,Recharge,6,Android,Same City,0,3779,2,Auto Debit,0
TXN104351,USER1923,2595.4,Bill Payment,10,Android,Same City,0,982,2,Biometric,0
TXN104352,USER1271,2197.88,Bill Payment,4,iOS,Different State,0,3532,5,UPI PIN,1
TXN104353,USER3378,216.56,Merchant,14,Android,Same City,0,3457,5,UPI PIN,0
TXN104354,USER4097,2614.82,Bill Payment,2,iOS,Same City,0,3614,1,Auto Debit,1
TXN104355,USER2526,1871.16,Merchant,20,Android,Same City,0,280,2,UPI PIN,1
TXN104356,USER1201,1881.1,Merchant,9,Android,Same City,0,2395,7,UPI PIN,0
TXN104357,USER4654,2221.19,P2P,4,Android,Same City,0,3877,0,UPI PIN,1
TXN104358,USER1559,258.94,Bill Payment,6,Android,Same City,0,2352,4,UPI PIN,0
TXN104359,USER3462,796.98,Recharge,12,Android,Same City,1,1636,5,UPI PIN,0
TXN104360,USER1540,534.21,Recharge,22,Android,Different State,1,2285,0,Biometric,0
TXN104361,USER1555,5689.06,Recharge,18,Android,Same City,0,3020,3,UPI PIN,0
TXN104362,USER1012,477.87,Merchant,10,Android,Same City,0,2517,4,UPI PIN,0
TXN104363,USER2911,886.38,Recharge,0,Android,Different State,0,1708,5,UPI PIN,0
TXN104364,USER3504,537.54,Recharge,18,iOS,Same City,1,1736,4,Auto Debit,0
TXN104365,USER3836,824.95,P2P,15,Android,Same City,1,2142,5,UPI PIN,0
TXN104366,USER1867,256.19,Bill Payment,12,iOS,Same City,2,1629,4,UPI PIN,0
TXN104367,USER4425,4509.21,Recharge,13,Android,Different State,0,3664,4,Biometric,1
TXN104368,USER2499,1374.51,Recharge,10,Android,Same City,0,458,2,UPI PIN,0
TXN104369,USER4508,2638.7,P2P,11,Android,Same City,0,1763,1,UPI PIN,0
TXN104370,USER4235,3427.13,P2P,15,iOS,Different City,2,1520,1,UPI PIN,0
TXN104371,USER3822,1492.71,Recharge,9,iOS,Different City,0,558,2,UPI PIN,1
TXN104372,USER3018,573.4,Bill Payment,7,iOS,Same City,0,716,3,UPI PIN,0
TXN104373,USER4005,1177.96,P2P,17,Android,Different State,0,1573,3,UPI PIN,0
TXN104374,USER2843,91.18,P2P,20,Android,Different City,0,340,2,UPI PIN,0
TXN104375,USER4875,994.21,Recharge,9,iOS,Same City,1,2083,0,UPI PIN,0
TXN104376,USER3846,1760.06,Bill Payment,9,iOS,Same City,3,761,3,UPI PIN,0
TXN104377,USER2447,2511.41,Bill Payment,12,Android,Same City,0,3213,2,UPI PIN,1
TXN104378,USER4230,377.19,Recharge,12,Android,Same City,0,821,2,Biometric,0
TXN104379,USER1136,1241.64,Merchant,17,Android,Different State,0,2670,4,UPI PIN,0
TXN104380,USER3937,1107.22,Recharge,18,Android,Same City,1,3673,2,Biometric,0
TXN104381,USER4421,1066.55,P2P,18,Android,Same City,0,1473,3,UPI PIN,0
TXN104382,USER4488,3038.56,P2P,3,Android,Same City,0,2680,3,UPI PIN,0
TXN104383,USER2808,829.44,Merchant,19,Android,Same City,0,3259,1,UPI PIN,0
TXN104384,USER4048,1877.14,P2P,6,Android,Same City,0,2256,5,UPI PIN,0
TXN104385,USER3343,979.92,Recharge,15,iOS,Same City,0,3607,1,UPI PIN,1
TXN104386,USER3396,1535.09,Merchant,7,Android,Same City,0,3814,4,Biometric,0
TXN104387,USER1787,1089.69,P2P,22,Android,Same City,0,2784,3,Biometric,1
TXN104388,USER2705,780.58,Bill Payment,6,Android,Different State,1,714,4,UPI PIN,0
TXN104389,USER3697,6297.48,P2P,5,Android,Different State,0,3603,1,UPI PIN,1
TXN104390,USER4237,2328.19,Bill Payment,21,Android,Same City,0,1521,5,UPI PIN,0
TXN104391,USER4015,118.3,P2P,3,Android,Same City,0,3467,6,Biometric,0
TXN104392,USER4499,695.89,Merchant,0,Android,Same City,1,3360,1,UPI PIN,0
TXN104393,USER4686,78.31,P2P,20,Android,Same City,1,3763,2,UPI PIN,1
TXN104394,USER3003,130.77,P2P,22,iOS,Same City,1,3302,2,UPI PIN,0
TXN104395,USER4026,1986.77,Merchant,8,iOS,Same City,0,3870,2,UPI PIN,0
TXN104396,USER2554,4610.48,P2P,4,Android,Same City,0,964,1,UPI PIN,1
TXN104397,USER2426,2245.03,Merchant,18,iOS,Different City,0,254,2,UPI PIN,0
TXN104398,USER1284,153.96,P2P,10,Android,Same City,0,205,4,UPI PIN,0
TXN104399,USER4396,1405.2,Bill Payment,6,iOS,Same City,0,2939,1,Biometric,0
TXN104400,USER4783,4096.95,Recharge,22,Android,Same City,0,2747,2,Auto Debit,1
TXN104401,USER4459,1468.09,Bill Payment,2,Android,Same City,0,357,4,Biometric,1
TXN104402,USER1332,172.27,Bill Payment,3,Android,Same City,0,2157,3,UPI PIN,0
TXN104403,USER2568,1768.25,Bill Payment,0,iOS,Different State,0,2162,4,UPI PIN,0
TXN104404,USER4689,2537.99,P2P,22,iOS,Same City,0,3791,2,UPI PIN,0
TXN104405,USER1317,507.13,Merchant,17,Android,Different City,0,3887,2,UPI PIN,1
TXN104406,USER2434,638.74,Bill Payment,22,Android,Same City,0,253,5,UPI PIN,0
TXN104407,USER3955,1374.25,P2P,8,Android,Same City,0,3574,2,UPI PIN,1
TXN104408,USER2592,1695.3,Merchant,10,Android,Same City,0,2294,1,UPI PIN,1
TXN104409,USER4357,1206.24,P2P,5,Android,Same City,0,1423,4,UPI PIN,0
TXN104410,USER4332,384.64,P2P,10,Android,Same City,0,2641,1,Biometric,0
TXN104411,USER2879,1560.27,Recharge,23,Android,Same City,0,2109,7,UPI PIN,0
TXN104412,USER3619,4137.71,Recharge,1,Android,Same City,0,2705,2,UPI PIN,0
TXN104413,USER4296,6355.19,P2P,23,Android,Same City,0,85,4,UPI PIN,1
TXN104414,USER2989,1354.35,Merchant,13,Android,Same City,1,1406,0,UPI PIN,0
TXN104415,USER1740,174.42,Bill Payment,0,Android,Same City,0,1962,3,UPI PIN,0
TXN104416,USER1193,3186.23,P2P,4,iOS,Different City,0,2315,0,UPI PIN,1
TXN104417,USER3497,1565.72,Merchant,13,Android,Same City,0,583,3,UPI PIN,0
TXN104418,USER4950,5285.26,Bill Payment,1,Android,Same City,0,3624,3,Auto Debit,0
TXN104419,USER1721,865.54,Recharge,7,Android,Different City,0,1380,5,UPI PIN,0
TXN104420,USER2992,4234.89,Merchant,9,Android,Same City,0,2281,4,UPI PIN,0
TXN104421,USER4224,1794.98,Merchant,0,Android,Same City,0,1546,3,Biometric,1
TXN104422,USER2848,2092.25,P2P,3,Android,Same City,1,2196,2,UPI PIN,1
TXN104423,USER4302,6375.07,P2P,20,iOS,Different City,0,2113,1,Auto Debit,0
TXN104424,USER4145,392.95,Recharge,17,Android,Same City,1,2024,1,UPI PIN,0
TXN104425,USER2909,1996.4,Bill Payment,18,Android,Same City,0,1933,4,UPI PIN,0
TXN104426,USER4892,2429.67,Bill Payment,15,iOS,Different State,0,828,1,UPI PIN,0
TXN104427,USER3105,812.86,P2P,0,Android,Different State,0,2258,0,UPI PIN,0
TXN104428,USER1873,9306.66,Recharge,21,iOS,Same City,0,267,2,Auto Debit,0
TXN104429,USER2216,1367.35,P2P,7,iOS,Same City,0,654,3,UPI PIN,0
TXN104430,USER2284,2267.81,Bill Payment,11,iOS,Same City,0,498,5,Biometric,1
TXN104431,USER4175,1962.5,Bill Payment,21,Web,Different State,0,1858,3,UPI PIN,1
TXN104432,USER4875,842.62,Bill Payment,22,Android,Different City,0,453,3,UPI PIN,0
TXN104433,USER4030,565.99,P2P,1,Android,Same City,1,2555,4,UPI PIN,1
TXN104434,USER4633,384.56,Merchant,17,iOS,Same City,1,1764,1,UPI PIN,1
TXN104435,USER2411,260.12,P2P,5,Android,Different City,0,3876,2,Biometric,1
TXN104436,USER3995,259.58,Merchant,23,Android,Different State,1,255,3,UPI PIN,1
TXN104437,USER2895,5711.57,Recharge,3,Android,Same City,0,1225,3,Auto Debit,0
TXN104438,USER2728,472.7,Recharge,2,iOS,Same City,0,2185,3,UPI PIN,0
TXN104439,USER4097,964.13,Bill Payment,23,iOS,Same City,0,3223,2,UPI PIN,0
TXN104440,USER2085,1797.72,Bill Payment,19,Android,Same City,0,2192,1,UPI PIN,0
TXN104441,USER2638,496.1,P2P,19,Web,Same City,0,3543,4,Biometric,0
TXN104442,USER2744,1168.17,Recharge,12,Web,Same City,0,2454,2,UPI PIN,0
TXN104443,USER1127,1177.45,P2P,15,iOS,Same City,0,2003,2,Biometric,1
TXN104444,USER1685,777.85,Bill Payment,12,Android,Same City,0,1074,4,UPI PIN,1
TXN104445,USER3665,476.34,Recharge,17,Android,Same City,0,1659,5,UPI PIN,0
TXN104446,USER2820,3306.9,Recharge,10,Android,Same City,0,3833,1,UPI PIN,0
TXN104447,USER3828,4602.67,Merchant,16,iOS,Different State,0,752,1,UPI PIN,0
TXN104448,USER1414,2416.25,P2P,16,Android,Different State,0,3361,2,UPI PIN,1
TXN104449,USER3843,9141.13,Recharge,21,Android,Same City,0,2547,0,UPI PIN,0
TXN104450,USER1501,1531.27,P2P,0,iOS,Same City,0,2070,5,Auto Debit,0
TXN104451,USER3171,1354.93,Bill Payment,22,Android,Same City,1,691,1,UPI PIN,1
TXN104452,USER2891,2373.22,Bill Payment,5,Android,Same City,0,1186,4,UPI PIN,1
TXN104453,USER3294,4544.09,P2P,6,Android,Same City,0,2213,8,UPI PIN,0
TXN104454,USER2143,1436.5,Recharge,17,iOS,Different City,1,994,2,Auto Debit,0
TXN104455,USER2144,5100.39,P2P,16,iOS,Different City,0,1476,3,UPI PIN,0
TXN104456,USER4564,2032.78,Merchant,13,Android,Same City,0,2838,6,UPI PIN,0
TXN104457,USER1202,1823.95,Recharge,4,Android,Different State,1,1438,2,UPI PIN,0
TXN104458,USER3356,986.74,Merchant,13,Android,Same City,0,3928,1,UPI PIN,0
TXN104459,USER1209,598.53,P2P,0,iOS,Same City,0,51,4,UPI PIN,0
TXN104460,USER2453,336.83,P2P,14,Android,Different City,0,1937,3,UPI PIN,0
TXN104461,USER1419,222.17,Merchant,9,Android,Same City,0,1558,3,UPI PIN,0
TXN104462,USER4969,1015.76,P2P,11,Android,Same City,0,2355,2,UPI PIN,0
TXN104463,USER1795,405.23,Merchant,20,iOS,Same City,0,3518,1,UPI PIN,0
TXN104464,USER4483,1909.35,Bill Payment,17,Android,Different State,0,3534,4,UPI PIN,0
TXN104465,USER1570,427.59,Bill Payment,15,Android,Same City,1,3666,2,UPI PIN,0
TXN104466,USER2611,44.49,Merchant,20,Android,Same City,1,3562,1,UPI PIN,0
TXN104467,USER3940,527.76,Recharge,20,Android,Same City,1,1405,6,UPI PIN,1
TXN104468,USER1414,1324.22,Bill Payment,4,Android,Same City,1,262,3,UPI PIN,0
TXN104469,USER4460,183.38,Merchant,8,iOS,Same City,1,1293,4,UPI PIN,0
TXN104470,USER4085,3968.31,P2P,21,Android,Same City,1,338,9,UPI PIN,1
TXN104471,USER4707,1224.64,P2P,4,Android,Same City,0,3200,3,UPI PIN,0
TXN104472,USER1616,504.53,Merchant,0,Android,Same City,0,1010,4,UPI PIN,0
TXN104473,USER2564,918.53,Bill Payment,22,Android,Same City,0,596,1,UPI PIN,0
TXN104474,USER3562,2780.33,Recharge,4,Android,Same City,0,1696,3,Auto Debit,0
TXN104475,USER3840,54.97,P2P,14,Android,Different City,0,34,5,Biometric,0
TXN104476,USER4052,6321.3,Merchant,4,iOS,Different State,0,1283,1,UPI PIN,0
TXN104477,USER3386,549.49,P2P,7,Android,Same City,0,3968,3,UPI PIN,0
TXN104478,USER3040,766.85,Bill Payment,16,Web,Different State,1,3685,4,UPI PIN,0
TXN104479,USER1311,2873.92,Recharge,23,Android,Same City,0,3088,2,UPI PIN,1
TXN104480,USER2059,3526.94,Recharge,15,iOS,Different State,0,1339,2,UPI PIN,0
TXN104481,USER1351,4202.32,Recharge,7,Android,Same City,0,3225,5,Auto Debit,0
TXN104482,USER1183,1076.22,P2P,2,Android,Same City,0,3886,0,Biometric,0
TXN104483,USER4927,66.49,P2P,16,Android,Same City,0,2034,2,Biometric,0
TXN104484,USER1865,185.83,Merchant,12,iOS,Same City,0,3204,2,Biometric,0
TXN104485,USER1831,254.13,Recharge,21,Android,Same City,0,3461,1,UPI PIN,0
TXN104486,USER3986,678.24,Recharge,10,iOS,Same City,0,3252,1,UPI PIN,0
TXN104487,USER3018,314.67,Recharge,3,Android,Same City,0,370,3,Auto Debit,0
TXN104488,USER3619,2682.26,P2P,12,iOS,Same City,0,1552,0,UPI PIN,0
TXN104489,USER3718,363.43,Bill Payment,14,Android,Same City,2,3110,3,UPI PIN,1
TXN104490,USER2633,5262.31,P2P,7,Android,Different City,1,1160,6,UPI PIN,0
TXN104491,USER4042,2043.7,Recharge,6,Android,Same City,0,1074,0,UPI PIN,1
TXN104492,USER2795,1485.49,Bill Payment,4,iOS,Different City,1,3667,1,UPI PIN,0
TXN104493,USER2138,475.91,Bill Payment,9,Android,Same City,0,3705,4,UPI PIN,0
TXN104494,USER3878,1366.81,Bill Payment,17,Android,Same City,0,3643,2,Biometric,0
TXN104495,USER1725,2579.76,Bill Payment,13,Android,Same City,0,2400,4,Biometric,0
TXN104496,USER3456,544.97,P2P,21,Android,Same City,0,676,2,Auto Debit,0
TXN104497,USER4345,4312.13,Bill Payment,21,Android,Same City,0,2091,5,UPI PIN,1
TXN104498,USER3271,7475.31,Merchant,8,iOS,Same City,0,1457,3,UPI PIN,0
TXN104499,USER3422,755.53,Recharge,15,iOS,Same City,0,3679,0,UPI PIN,0
TXN104500,USER3678,4709.64,Bill Payment,12,iOS,Different City,0,1819,4,Biometric,0
TXN104501,USER3444,163.0,Merchant,6,Android,Same City,1,2372,2,Biometric,0
TXN104502,USER4570,832.97,Bill Payment,6,iOS,Same City,0,3254,5,UPI PIN,0
TXN104503,USER2922,1175.3,Recharge,6,iOS,Different State,0,3388,1,UPI PIN,0
TXN104504,USER3386,8431.07,Recharge,1,Android,Different State,0,158,4,UPI PIN,0
TXN104505,USER3543,76.13,P2P,2,Android,Same City,0,1196,2,UPI PIN,0
TXN104506,USER2388,256.35,P2P,7,Android,Same City,1,2262,1,UPI PIN,0
TXN104507,USER3128,6506.49,Recharge,16,Android,Same City,0,421,0,UPI PIN,1
TXN104508,USER3699,166.49,Bill Payment,15,Android,Same City,0,3122,2,UPI PIN,0
TXN104509,USER4892,53.0,Merchant,23,Android,Same City,1,370,4,Biometric,0
TXN104510,USER4856,1869.41,Bill Payment,18,iOS,Different State,1,317,6,Biometric,0
TXN104511,USER2754,494.75,P2P,7,Android,Same City,0,3619,2,UPI PIN,0
TXN104512,USER2730,7745.57,P2P,22,Android,Different City,1,2111,6,UPI PIN,0
TXN104513,USER3367,2837.92,Recharge,5,Android,Same City,0,1900,1,Biometric,0
TXN104514,USER2784,71.79,Merchant,9,Android,Same City,0,232,0,UPI PIN,0
TXN104515,USER4932,2207.75,Recharge,13,Android,Same City,1,236,2,Biometric,0
TXN104516,USER1533,2828.25,Recharge,16,iOS,Same City,0,1054,2,Auto Debit,0
TXN104517,USER1050,496.08,Merchant,6,iOS,Same City,1,52,4,UPI PIN,1
TXN104518,USER4932,151.78,Merchant,11,Android,Same City,0,2124,1,UPI PIN,0
TXN104519,USER1550,5570.96,Bill Payment,20,Android,Different State,0,2967,3,UPI PIN,1
TXN104520,USER2572,4768.65,Merchant,21,Android,Different City,1,2730,5,UPI PIN,0
TXN104521,USER1416,859.07,P2P,1,iOS,Different City,1,3363,1,UPI PIN,0
TXN104522,USER1534,591.68,Merchant,0,iOS,Same City,0,45,5,Biometric,0
TXN104523,USER3720,3106.76,Bill Payment,5,Android,Same City,0,456,1,Biometric,0
TXN104524,USER3080,819.83,P2P,19,iOS,Same City,2,2417,4,UPI PIN,0
TXN104525,USER2383,2874.06,Merchant,8,Web,Different City,0,2044,1,UPI PIN,0
TXN104526,USER3147,3526.27,Bill Payment,5,Android,Same City,0,1242,6,UPI PIN,0
TXN104527,USER1318,546.1,P2P,7,Android,Different City,0,3999,5,UPI PIN,0
TXN104528,USER3058,59.19,Bill Payment,4,Android,Same City,0,3667,3,UPI PIN,0
TXN104529,USER1324,6890.35,Merchant,7,Android,Same City,0,2124,3,Auto Debit,1
TXN104530,USER3301,10726.94,Bill Payment,2,iOS,Same City,0,564,3,Biometric,1
TXN104531,USER1632,1554.42,Bill Payment,6,iOS,Same City,0,1830,3,UPI PIN,1
TXN104532,USER3021,5248.82,Merchant,20,Android,Same City,2,1347,5,UPI PIN,1
TXN104533,USER1393,5331.4,Merchant,9,iOS,Different State,1,3344,3,UPI PIN,0
TXN104534,USER1124,911.26,Merchant,6,Android,Different City,1,1415,2,UPI PIN,1
TXN104535,USER2659,2731.34,P2P,15,Android,Same City,0,144,4,Biometric,0
TXN104536,USER3437,1209.54,Bill Payment,11,Android,Same City,0,3668,2,UPI PIN,0
TXN104537,USER3427,371.03,P2P,15,iOS,Same City,0,972,5,UPI PIN,0
TXN104538,USER1524,2980.18,Bill Payment,21,iOS,Same City,0,2804,5,UPI PIN,0
TXN104539,USER4849,272.3,P2P,1,Android,Same City,0,3147,2,Biometric,0
TXN104540,USER4832,3206.86,Merchant,21,iOS,Different City,0,1708,3,UPI PIN,0
TXN104541,USER4398,237.94,Recharge,19,Android,Same City,0,389,3,UPI PIN,0
TXN104542,USER3567,389.8,Bill Payment,16,iOS,Same City,0,173,4,Biometric,0
TXN104543,USER1369,21.41,Merchant,7,iOS,Same City,2,1392,1,UPI PIN,0
TXN104544,USER3818,2184.72,P2P,16,iOS,Same City,1,633,1,Biometric,1
TXN104545,USER3888,1379.76,P2P,9,Android,Same City,0,298,1,UPI PIN,0
TXN104546,USER2176,2065.77,Recharge,7,Android,Same City,0,1998,1,UPI PIN,0
TXN104547,USER3412,2026.56,Bill Payment,9,iOS,Different State,0,1217,0,UPI PIN,0
TXN104548,USER1125,947.33,Merchant,7,Android,Same City,1,1867,4,UPI PIN,0
TXN104549,USER1647,2907.57,Recharge,17,Android,Same City,0,3868,5,Biometric,1
TXN104550,USER4873,2863.76,Bill Payment,4,Android,Same City,0,821,4,Biometric,0
TXN104551,USER1476,273.53,Recharge,12,iOS,Same City,0,200,3,Biometric,1
TXN104552,USER1315,200.08,Bill Payment,18,iOS,Same City,0,3218,3,UPI PIN,0
TXN104553,USER2829,732.95,Recharge,17,Android,Same City,0,2333,1,Biometric,0
TXN104554,USER1099,27.06,Recharge,23,iOS,Same City,0,1951,0,UPI PIN,0
TXN104555,USER2276,3437.28,Bill Payment,14,Web,Same City,1,3132,2,UPI PIN,0
TXN104556,USER2176,2103.99,Merchant,0,Android,Same City,0,1489,3,UPI PIN,1
TXN104557,USER3670,973.7,Recharge,3,Android,Same City,1,995,2,UPI PIN,0
TXN104558,USER1705,5967.73,Merchant,21,Android,Same City,0,3449,2,Biometric,1
TXN104559,USER2139,1101.58,P2P,9,Android,Different State,0,3237,5,UPI PIN,0
TXN104560,USER2805,2519.89,Bill Payment,19,Web,Same City,0,1580,0,Biometric,0
TXN104561,USER1176,6785.03,P2P,7,Android,Different State,0,3264,2,UPI PIN,1
TXN104562,USER3492,38.62,P2P,16,iOS,Different City,0,256,6,UPI PIN,0
TXN104563,USER1295,804.36,Bill Payment,23,iOS,Same City,0,694,1,Auto Debit,0
TXN104564,USER4821,134.0,Bill Payment,2,Android,Different City,1,2238,1,Auto Debit,0
TXN104565,USER3294,911.66,Merchant,9,Android,Same City,0,3527,2,UPI PIN,0
TXN104566,USER4371,4003.59,Merchant,23,iOS,Same City,0,295,3,Biometric,0
TXN104567,USER3461,3722.65,Merchant,21,Android,Same City,1,43,3,UPI PIN,0
TXN104568,USER2569,7049.65,Merchant,20,Android,Same City,0,3937,5,UPI PIN,0
TXN104569,USER4958,5503.29,Merchant,5,Android,Same City,1,2470,1,UPI PIN,1
TXN104570,USER2889,466.71,Bill Payment,23,Android,Same City,1,461,1,Biometric,0
TXN104571,USER1030,1406.03,Bill Payment,0,Android,Same City,0,455,1,UPI PIN,0
TXN104572,USER1313,2663.37,Merchant,14,Android,Different City,1,3933,1,UPI PIN,1
TXN104573,USER3473,592.08,Bill Payment,21,Android,Same City,0,3720,1,UPI PIN,0
TXN104574,USER3398,2310.34,Merchant,2,Web,Same City,0,714,3,Biometric,0
TXN104575,USER2568,4251.03,Bill Payment,1,Android,Same City,0,664,5,UPI PIN,1
TXN104576,USER3996,7819.61,P2P,18,Android,Same City,0,3153,2,UPI PIN,0
TXN104577,USER2062,353.08,Recharge,0,Web,Same City,1,1302,3,Biometric,0
TXN104578,USER4484,3144.44,Merchant,23,Android,Same City,1,2478,3,UPI PIN,1
TXN104579,USER2728,990.33,Merchant,17,Android,Same City,0,1363,4,UPI PIN,0
TXN104580,USER1565,392.44,Merchant,13,Android,Different State,1,1678,2,Biometric,1
TXN104581,USER2350,2769.26,Merchant,20,Android,Same City,1,3735,6,UPI PIN,0
TXN104582,USER3531,750.1,Bill Payment,22,Android,Different City,0,2406,1,UPI PIN,0
TXN104583,USER4709,4820.48,P2P,4,Android,Different City,0,1993,3,UPI PIN,0
TXN104584,USER3426,310.62,P2P,6,Android,Same City,0,658,1,UPI PIN,0
TXN104585,USER4447,89.53,Merchant,21,Android,Different City,2,1047,3,UPI PIN,0
TXN104586,USER1109,1664.19,Recharge,14,Android,Different City,0,2185,5,Biometric,0
TXN104587,USER4408,274.03,Recharge,5,Android,Same City,0,2032,1,Auto Debit,0
TXN104588,USER1692,2525.66,P2P,1,Android,Different State,2,3591,2,UPI PIN,1
TXN104589,USER1337,476.66,Recharge,11,Android,Same City,0,1616,1,UPI PIN,0
TXN104590,USER1865,3676.79,Merchant,13,Android,Different City,0,2589,3,UPI PIN,0
TXN104591,USER4637,722.53,P2P,17,iOS,Same City,0,780,4,UPI PIN,0
TXN104592,USER2054,5276.61,P2P,9,Android,Same City,0,3994,4,UPI PIN,0
TXN104593,USER3224,364.67,Bill Payment,6,Android,Same City,0,106,5,UPI PIN,0
TXN104594,USER2665,1518.34,Bill Payment,21,iOS,Different City,0,827,5,Auto Debit,1
TXN104595,USER4932,957.17,P2P,9,iOS,Same City,0,2954,2,UPI PIN,1
TXN104596,USER4141,1841.4,P2P,17,Android,Same City,0,595,2,Auto Debit,0
TXN104597,USER2830,46.94,P2P,14,Android,Same City,1,3232,4,Biometric,0
TXN104598,USER4923,557.0,Bill Payment,16,Android,Same City,1,2501,3,UPI PIN,0
TXN104599,USER2383,2750.86,Recharge,0,iOS,Same City,0,186,1,UPI PIN,0
TXN104600,USER1352,225.21,P2P,11,Android,Same City,0,1133,2,Biometric,0
TXN104601,USER4987,2246.37,Recharge,17,iOS,Same City,1,1579,3,Biometric,1
TXN104602,USER2662,532.76,Bill Payment,18,iOS,Same City,0,3080,2,Biometric,1
TXN104603,USER3714,184.98,Recharge,4,Android,Same City,0,2784,5,UPI PIN,0
TXN104604,USER2369,113.9,P2P,7,iOS,Same City,0,3853,2,UPI PIN,1
TXN104605,USER2869,28.47,Merchant,4,iOS,Different City,0,328,4,Biometric,0
TXN104606,USER3714,2851.41,P2P,8,Android,Same City,0,213,4,Biometric,0
TXN104607,USER3976,1339.94,Merchant,8,Android,Same City,0,3589,2,Auto Debit,0
TXN104608,USER4752,4835.23,Bill Payment,10,iOS,Same City,2,1398,1,Biometric,0
TXN104609,USER4211,972.92,Merchant,20,Android,Same City,1,1708,2,Biometric,0
TXN104610,USER2113,3818.77,P2P,8,Android,Same City,0,353,5,UPI PIN,0
TXN104611,USER4171,2514.33,Recharge,13,Android,Different City,2,568,1,UPI PIN,0
TXN104612,USER2886,334.94,P2P,19,Android,Same City,0,1941,3,UPI PIN,0
TXN104613,USER3885,933.31,Recharge,15,Android,Different City,1,735,1,UPI PIN,0
TXN104614,USER3753,1962.17,P2P,20,iOS,Same City,0,2682,3,UPI PIN,0
TXN104615,USER3172,766.35,Recharge,15,Android,Different State,0,1119,3,UPI PIN,0
TXN104616,USER3603,2113.4,Recharge,11,Android,Different City,0,1007,4,UPI PIN,0
TXN104617,USER1029,7926.11,Recharge,13,iOS,Same City,1,649,0,UPI PIN,1
TXN104618,USER4182,864.08,Merchant,11,iOS,Different State,0,2577,5,UPI PIN,0
TXN104619,USER1633,1460.43,P2P,11,Android,Same City,1,67,4,UPI PIN,1
TXN104620,USER4188,2070.88,P2P,22,Android,Same City,0,2339,5,UPI PIN,0
TXN104621,USER4199,2001.83,Bill Payment,4,Android,Different City,0,3403,2,UPI PIN,1
TXN104622,USER3350,446.11,Recharge,17,Android,Same City,1,3601,5,Biometric,0
TXN104623,USER2418,621.91,Bill Payment,13,iOS,Same City,0,2683,2,Biometric,0
TXN104624,USER3503,4310.21,Recharge,2,iOS,Same City,1,1734,3,UPI PIN,0
TXN104625,USER2435,1377.77,Recharge,7,Android,Same City,0,2476,5,UPI PIN,0
TXN104626,USER2841,1030.6,Bill Payment,1,Web,Same City,0,2138,5,UPI PIN,0
TXN104627,USER3149,6227.07,Merchant,14,iOS,Same City,0,1021,3,Biometric,0
TXN104628,USER4979,7259.75,Merchant,18,Android,Different State,0,1406,5,UPI PIN,0
TXN104629,USER3994,115.35,Merchant,22,Android,Same City,0,2147,4,Biometric,0
TXN104630,USER1497,1062.1,Merchant,12,Android,Different City,0,3996,2,Biometric,0
TXN104631,USER1177,439.36,Merchant,5,Android,Different City,0,3996,3,Biometric,0
TXN104632,USER3869,838.86,Merchant,2,Android,Same City,0,3905,4,Auto Debit,1
TXN104633,USER2395,82.28,Recharge,1,iOS,Same City,0,1700,6,UPI PIN,0
TXN104634,USER1690,1556.72,Bill Payment,14,Android,Same City,0,3260,1,UPI PIN,0
TXN104635,USER2733,151.81,Bill Payment,1,Android,Same City,0,749,4,UPI PIN,0
TXN104636,USER4886,2911.05,Recharge,5,Android,Same City,0,3111,3,Biometric,1
TXN104637,USER3151,1866.9,Bill Payment,22,Android,Different City,1,3899,2,UPI PIN,0
TXN104638,USER2075,2819.21,Merchant,1,Android,Same City,0,748,4,Biometric,0
TXN104639,USER2047,1049.08,Bill Payment,3,Android,Same City,0,221,6,Biometric,0
TXN104640,USER1142,447.8,Recharge,14,iOS,Same City,1,1239,2,UPI PIN,1
TXN104641,USER3188,1135.64,P2P,18,Android,Different City,0,879,3,UPI PIN,0
TXN104642,USER1344,2256.07,Bill Payment,3,Android,Different City,1,318,4,UPI PIN,0
TXN104643,USER2715,2742.72,P2P,13,Android,Same City,0,1795,6,UPI PIN,0
TXN104644,USER4491,3046.01,Merchant,7,Android,Same City,1,3306,0,UPI PIN,0
TXN104645,USER3422,344.64,Recharge,1,Android,Same City,1,228,0,UPI PIN,0
TXN104646,USER1574,4232.72,Merchant,22,Android,Same City,0,3361,6,UPI PIN,0
TXN104647,USER4732,48.98,P2P,22,Android,Same City,0,365,3,Biometric,0
TXN104648,USER1654,9343.98,Recharge,9,Android,Same City,0,3314,1,Biometric,0
TXN104649,USER3099,92.46,P2P,20,Android,Same City,0,1893,4,UPI PIN,0
TXN104650,USER4988,451.57,Merchant,17,Android,Different City,0,2980,2,Biometric,0
TXN104651,USER4123,4836.0,Merchant,12,Android,Different City,1,2495,1,UPI PIN,0
TXN104652,USER1201,2485.13,Merchant,10,Android,Same City,2,3473,4,UPI PIN,0
TXN104653,USER4141,2040.83,Recharge,23,Android,Same City,1,1968,5,Biometric,1
TXN104654,USER1247,956.94,Merchant,14,Android,Same City,0,1625,1,UPI PIN,0
TXN104655,USER4818,3371.53,Bill Payment,3,iOS,Same City,0,2080,5,Biometric,0
TXN104656,USER2180,3613.19,Merchant,18,Android,Same City,1,2952,0,Biometric,1
TXN104657,USER1330,2186.79,Merchant,19,Android,Same City,0,695,4,UPI PIN,0
TXN104658,USER3711,1132.2,Bill Payment,20,iOS,Same City,0,3402,3,Biometric,0
TXN104659,USER3339,1263.57,Bill Payment,22,Android,Same City,0,3693,2,UPI PIN,0
TXN104660,USER3548,714.44,Merchant,5,Android,Same City,0,2833,2,UPI PIN,0
TXN104661,USER4804,953.1,Recharge,13,Android,Same City,0,3306,3,UPI PIN,0
TXN104662,USER4736,1396.04,Bill Payment,2,Android,Different State,0,3465,2,UPI PIN,0
TXN104663,USER1273,4267.5,Recharge,5,Android,Same City,0,2507,3,UPI PIN,0
TXN104664,USER4688,1529.46,P2P,23,iOS,Same City,0,3754,3,Biometric,0
TXN104665,USER4214,1362.54,Recharge,14,Android,Same City,1,2739,4,UPI PIN,1
TXN104666,USER4684,180.99,Recharge,10,iOS,Same City,1,2869,3,Biometric,0
TXN104667,USER3761,7873.73,Merchant,6,Android,Same City,2,1113,4,Biometric,0
TXN104668,USER4822,1889.72,Bill Payment,9,Android,Same City,0,1095,4,Biometric,0
TXN104669,USER2019,1525.86,Merchant,19,Android,Same City,1,1916,1,UPI PIN,1
TXN104670,USER4693,406.22,Bill Payment,14,Web,Same City,0,3380,2,UPI PIN,0
TXN104671,USER1190,310.41,Merchant,0,Android,Same City,0,484,3,UPI PIN,1
TXN104672,USER1650,5737.02,P2P,16,Android,Same City,1,1352,1,UPI PIN,0
TXN104673,USER4134,462.82,P2P,1,Android,Same City,0,3727,1,UPI PIN,0
TXN104674,USER2376,3768.6,P2P,9,Android,Same City,0,404,2,UPI PIN,0
TXN104675,USER4123,5584.33,Merchant,2,iOS,Same City,0,3161,4,Auto Debit,1
TXN104676,USER2444,393.59,Bill Payment,2,Android,Same City,0,3165,7,Biometric,0
TXN104677,USER4223,1307.88,Bill Payment,8,iOS,Same City,0,201,3,Auto Debit,0
TXN104678,USER3538,2838.92,Bill Payment,16,Android,Different State,0,3290,2,UPI PIN,0
TXN104679,USER1625,7044.15,Merchant,5,Android,Same City,0,3046,2,UPI PIN,0
TXN104680,USER1502,379.2,Merchant,4,iOS,Same City,0,3570,7,UPI PIN,0
TXN104681,USER3632,1243.2,P2P,1,iOS,Same City,0,781,4,Biometric,0
TXN104682,USER2297,208.85,Recharge,7,Android,Same City,0,186,3,UPI PIN,0
TXN104683,USER1596,2319.83,Merchant,3,Android,Same City,1,3001,3,UPI PIN,0
TXN104684,USER1215,2250.53,Bill Payment,8,Android,Same City,1,1397,1,Biometric,0
TXN104685,USER3251,34.48,Merchant,20,iOS,Different State,0,3223,3,UPI PIN,0
TXN104686,USER4205,2973.95,Bill Payment,15,Android,Same City,1,176,1,UPI PIN,0
TXN104687,USER1071,1597.82,Bill Payment,11,Android,Different City,0,3670,5,UPI PIN,1
TXN104688,USER3901,655.17,P2P,10,Android,Same City,0,1649,5,Auto Debit,0
TXN104689,USER2185,1400.61,Merchant,15,Android,Same City,0,2937,2,UPI PIN,0
TXN104690,USER1733,760.94,Recharge,9,Android,Same City,1,1890,3,UPI PIN,1
TXN104691,USER3577,881.75,Recharge,3,Web,Different City,0,210,2,UPI PIN,0
TXN104692,USER3079,1653.17,Recharge,5,Android,Same City,1,2352,2,UPI PIN,0
TXN104693,USER3071,2453.49,Recharge,10,Android,Same City,0,2380,3,UPI PIN,1
TXN104694,USER1145,421.35,Merchant,21,Android,Different State,0,871,2,UPI PIN,0
TXN104695,USER3098,130.18,Recharge,9,iOS,Same City,0,2091,2,UPI PIN,0
TXN104696,USER4240,3384.94,P2P,3,Android,Same City,0,2144,3,UPI PIN,1
TXN104697,USER4952,3958.17,P2P,7,iOS,Same City,0,1020,2,UPI PIN,0
TXN104698,USER3002,1988.35,P2P,13,iOS,Same City,0,1979,3,Auto Debit,1
TXN104699,USER4657,2648.96,Bill Payment,4,iOS,Same City,0,2892,3,Auto Debit,1
TXN104700,USER4663,9.5,P2P,17,Android,Same City,1,199,5,UPI PIN,0
TXN104701,USER4608,1345.19,P2P,22,Android,Different City,0,962,3,UPI PIN,1
TXN104702,USER3493,7002.72,Bill Payment,22,Android,Same City,1,3065,4,UPI PIN,1
TXN104703,USER3558,532.06,Bill Payment,9,iOS,Different State,0,497,3,Biometric,1
TXN104704,USER2130,1356.49,P2P,3,iOS,Same City,1,1658,5,UPI PIN,0
TXN104705,USER4282,1138.92,P2P,13,iOS,Same City,0,788,0,UPI PIN,0
TXN104706,USER1928,3863.59,Bill Payment,10,Android,Same City,0,897,0,UPI PIN,1
TXN104707,USER3728,47.21,Bill Payment,2,Android,Same City,2,2784,3,UPI PIN,1
TXN104708,USER4279,7439.64,Bill Payment,19,Android,Same City,1,697,2,UPI PIN,0
TXN104709,USER2548,118.24,P2P,9,iOS,Different State,0,689,1,UPI PIN,0
TXN104710,USER1773,855.14,Bill Payment,14,Android,Same City,1,62,5,UPI PIN,0
TXN104711,USER1353,725.25,Recharge,20,Android,Same City,0,968,5,Biometric,1
TXN104712,USER4229,465.32,P2P,18,Android,Different City,0,1574,2,UPI PIN,0
TXN104713,USER2379,324.96,Merchant,14,Android,Same City,2,1354,5,UPI PIN,0
TXN104714,USER4516,23.2,Bill Payment,2,Android,Different City,1,3430,2,UPI PIN,0
TXN104715,USER3749,5.98,P2P,16,Android,Same City,0,1098,2,UPI PIN,0
TXN104716,USER4787,3080.59,Recharge,5,Android,Same City,1,2047,4,UPI PIN,0
TXN104717,USER2367,304.13,Bill Payment,1,Android,Same City,1,3755,3,UPI PIN,0
TXN104718,USER4109,582.42,Bill Payment,6,Android,Different State,0,2486,2,UPI PIN,0
TXN104719,USER1284,2819.1,Merchant,12,Android,Same City,1,2859,5,UPI PIN,0
TXN104720,USER1914,1952.24,Bill Payment,7,Android,Same City,0,3616,4,Biometric,0
TXN104721,USER3385,2169.32,P2P,6,Android,Same City,0,880,4,Biometric,0
TXN104722,USER4823,443.55,Merchant,14,iOS,Same City,0,918,4,UPI PIN,0
TXN104723,USER2248,702.44,Recharge,8,iOS,Different City,1,1062,3,UPI PIN,0
TXN104724,USER2303,586.34,P2P,7,Android,Same City,0,2351,5,UPI PIN,1
TXN104725,USER2075,1597.57,Bill Payment,18,Android,Same City,0,2824,3,UPI PIN,1
TXN104726,USER4191,2113.7,Bill Payment,21,iOS,Same City,0,2784,6,UPI PIN,0
TXN104727,USER3991,4502.85,Bill Payment,1,Android,Same City,0,2923,3,UPI PIN,1
TXN104728,USER4611,333.2,P2P,14,iOS,Same City,0,2748,4,UPI PIN,0
TXN104729,USER4943,5691.41,Bill Payment,5,iOS,Same City,0,2329,1,UPI PIN,1
TXN104730,USER3406,11134.86,P2P,5,Android,Same City,1,3651,8,UPI PIN,0
TXN104731,USER2373,1545.25,Recharge,3,iOS,Same City,2,1813,0,UPI PIN,0
TXN104732,USER2735,446.97,Merchant,13,Android,Different State,1,2421,0,UPI PIN,0
TXN104733,USER3936,10.35,Bill Payment,17,iOS,Same City,0,2787,2,UPI PIN,0
TXN104734,USER3388,2657.16,Recharge,20,iOS,Different City,0,1061,2,UPI PIN,1
TXN104735,USER2780,208.6,Recharge,4,Android,Same City,0,3397,4,UPI PIN,0
TXN104736,USER2086,3395.08,Bill Payment,18,Android,Same City,0,1319,1,Biometric,1
TXN104737,USER2946,331.02,P2P,8,Android,Same City,1,3650,1,UPI PIN,0
TXN104738,USER3982,4363.5,P2P,5,Android,Different City,0,3629,2,Auto Debit,1
TXN104739,USER3793,1167.66,Recharge,2,Android,Different State,0,516,3,UPI PIN,0
TXN104740,USER2031,1276.35,P2P,16,Web,Same City,0,200,2,Auto Debit,0
TXN104741,USER3017,4092.22,P2P,9,iOS,Different City,0,1109,0,UPI PIN,0
TXN104742,USER4461,6315.25,Recharge,18,Android,Same City,0,2171,5,UPI PIN,0
TXN104743,USER3779,306.76,Bill Payment,13,Android,Same City,0,257,0,Biometric,0
TXN104744,USER3669,6284.23,Merchant,10,Android,Same City,1,1391,3,Biometric,1
TXN104745,USER4703,402.01,Bill Payment,23,iOS,Same City,0,3279,2,UPI PIN,0
TXN104746,USER2951,323.9,P2P,7,iOS,Same City,1,2263,6,UPI PIN,0
TXN104747,USER3510,111.02,Recharge,5,iOS,Same City,0,3932,5,UPI PIN,0
TXN104748,USER3744,1179.4,P2P,13,Android,Different State,0,572,2,UPI PIN,1
TXN104749,USER3928,32.11,P2P,3,iOS,Same City,0,407,7,UPI PIN,1
TXN104750,USER1007,5864.59,P2P,21,Android,Different City,1,2448,3,UPI PIN,0
TXN104751,USER1532,2122.24,Bill Payment,22,Android,Same City,0,2147,3,UPI PIN,1
TXN104752,USER2955,1891.75,P2P,11,iOS,Different City,0,2087,1,Biometric,0
TXN104753,USER1258,1477.18,Merchant,18,iOS,Same City,0,2304,2,UPI PIN,1
TXN104754,USER1272,10088.65,P2P,16,Android,Different State,1,207,4,Biometric,0
TXN104755,USER4114,1483.58,Recharge,4,iOS,Same City,0,930,4,UPI PIN,0
TXN104756,USER3009,4801.17,P2P,3,iOS,Different City,0,3795,4,UPI PIN,0
TXN104757,USER3403,2895.93,P2P,8,Android,Same City,0,2220,3,UPI PIN,0
TXN104758,USER3689,6067.58,Merchant,18,Android,Same City,0,1971,3,UPI PIN,1
TXN104759,USER2089,1265.73,P2P,19,Android,Same City,0,636,3,Auto Debit,1
TXN104760,USER3860,1053.06,Bill Payment,16,Android,Same City,0,802,6,UPI PIN,0
TXN104761,USER2812,312.34,Merchant,0,Android,Same City,0,3061,4,UPI PIN,0
TXN104762,USER3800,908.59,P2P,15,Android,Same City,1,3896,1,Auto Debit,0
TXN104763,USER3994,2223.47,Merchant,11,Android,Same City,0,485,1,UPI PIN,0
TXN104764,USER4270,51.96,Bill Payment,20,iOS,Same City,0,953,3,UPI PIN,0
TXN104765,USER4545,1745.26,Recharge,3,Android,Different City,0,1202,1,UPI PIN,0
TXN104766,USER2119,1383.0,Bill Payment,17,Android,Different State,0,1184,4,Biometric,1
TXN104767,USER4031,1553.77,P2P,3,Android,Same City,0,455,2,UPI PIN,1
TXN104768,USER2839,711.04,Recharge,16,Web,Same City,0,69,4,UPI PIN,0
TXN104769,USER2445,85.1,Recharge,19,iOS,Same City,1,272,2,Biometric,0
TXN104770,USER4890,1504.53,Recharge,23,iOS,Same City,2,2830,8,UPI PIN,0
TXN104771,USER4393,2551.94,Merchant,19,Android,Same City,0,2310,2,Biometric,0
TXN104772,USER2122,1161.93,P2P,7,Web,Same City,0,1559,2,Biometric,0
TXN104773,USER4407,3267.1,P2P,4,Android,Same City,0,2716,2,Biometric,0
TXN104774,USER2335,205.82,Merchant,16,Android,Same City,0,1709,2,UPI PIN,0
TXN104775,USER4114,4540.73,Merchant,20,Android,Different State,0,3952,1,UPI PIN,0
TXN104776,USER2452,1218.88,Bill Payment,21,Android,Different City,0,460,6,UPI PIN,0
TXN104777,USER1008,1945.17,P2P,8,iOS,Same City,0,234,7,Auto Debit,1
TXN104778,USER3248,3046.98,Bill Payment,7,iOS,Same City,0,310,3,UPI PIN,0
TXN104779,USER2051,3648.55,Recharge,22,iOS,Same City,0,3116,2,UPI PIN,0
TXN104780,USER4914,2038.23,Bill Payment,20,iOS,Same City,0,1513,0,UPI PIN,1
TXN104781,USER4745,165.12,P2P,12,iOS,Same City,0,3425,2,UPI PIN,0
TXN104782,USER3974,2235.88,Bill Payment,16,iOS,Same City,0,2999,2,UPI PIN,0
TXN104783,USER2923,3697.68,Bill Payment,7,Android,Different State,1,3426,6,UPI PIN,0
TXN104784,USER1713,313.4,Bill Payment,13,Android,Different City,0,2262,3,UPI PIN,0
TXN104785,USER4751,1908.17,Merchant,11,Web,Different State,0,350,4,UPI PIN,0
TXN104786,USER2383,441.89,Recharge,9,Android,Different City,0,3005,3,UPI PIN,0
TXN104787,USER3574,1813.99,Bill Payment,7,iOS,Same City,1,428,1,UPI PIN,0
TXN104788,USER1470,1165.84,Recharge,3,Android,Same City,0,1710,3,UPI PIN,0
TXN104789,USER3399,245.17,P2P,9,iOS,Same City,0,1731,1,Biometric,1
TXN104790,USER4584,2106.11,P2P,2,iOS,Same City,0,1388,2,UPI PIN,1
TXN104791,USER2983,1342.48,Bill Payment,15,iOS,Same City,0,3992,2,UPI PIN,0
TXN104792,USER2357,5865.55,P2P,12,Android,Same City,0,527,3,UPI PIN,0
TXN104793,USER4780,164.13,Bill Payment,1,iOS,Different City,1,3887,3,UPI PIN,1
TXN104794,USER4543,1198.83,P2P,20,iOS,Same City,0,1949,2,UPI PIN,0
TXN104795,USER1477,1547.87,P2P,20,Android,Same City,1,148,2,UPI PIN,0
TXN104796,USER2352,2110.27,Merchant,20,Android,Same City,0,743,3,UPI PIN,1
TXN104797,USER3661,2120.33,Bill Payment,13,iOS,Same City,1,3293,3,Biometric,1
TXN104798,USER3659,2191.8,Merchant,10,Android,Same City,1,248,3,UPI PIN,0
TXN104799,USER4400,1222.24,Merchant,20,Android,Same City,0,1722,3,Auto Debit,1
TXN104800,USER3047,455.7,Recharge,15,iOS,Same City,0,3620,4,UPI PIN,0
TXN104801,USER4671,652.97,Bill Payment,7,iOS,Same City,1,2072,3,UPI PIN,0
TXN104802,USER4859,585.95,Merchant,3,iOS,Same City,0,3403,0,UPI PIN,0
TXN104803,USER3097,722.02,Recharge,11,iOS,Same City,0,3249,2,UPI PIN,0
TXN104804,USER1625,1444.3,Merchant,6,iOS,Same City,0,1126,1,Auto Debit,0
TXN104805,USER3476,1217.79,Recharge,22,Android,Same City,0,2132,3,Biometric,0
TXN104806,USER1486,1950.22,Recharge,2,Web,Same City,2,1716,3,UPI PIN,0
TXN104807,USER3839,3190.81,Recharge,12,iOS,Same City,0,1697,3,UPI PIN,0
TXN104808,USER1185,655.0,Bill Payment,8,Android,Same City,0,1625,1,UPI PIN,1
TXN104809,USER3608,147.25,Bill Payment,3,Android,Same City,0,2664,1,UPI PIN,0
TXN104810,USER3258,948.29,Merchant,20,Android,Same City,0,2069,6,Auto Debit,0
TXN104811,USER4892,2053.15,Recharge,12,Android,Same City,0,3613,1,Auto Debit,0
TXN104812,USER3874,379.66,P2P,14,Android,Same City,0,137,7,UPI PIN,0
TXN104813,USER2775,874.88,Bill Payment,5,iOS,Same City,0,3452,8,UPI PIN,0
TXN104814,USER4600,369.31,Merchant,17,Android,Same City,0,3230,2,Biometric,0
TXN104815,USER3469,3922.45,Merchant,6,Android,Different State,2,1518,6,Biometric,1
TXN104816,USER3467,3088.37,Bill Payment,13,Android,Different City,0,1188,5,UPI PIN,0
TXN104817,USER1729,2312.79,Bill Payment,7,Android,Same City,1,3295,3,UPI PIN,1
TXN104818,USER1271,6645.47,Bill Payment,3,iOS,Same City,0,720,2,UPI PIN,1
TXN104819,USER3144,4119.32,Merchant,21,Android,Same City,0,1174,4,UPI PIN,0
TXN104820,USER3810,742.81,Merchant,6,iOS,Same City,0,3182,5,UPI PIN,0
TXN104821,USER1093,1662.12,P2P,16,Android,Different City,0,3385,4,Biometric,0
TXN104822,USER2812,921.31,Merchant,14,Android,Different State,0,423,3,UPI PIN,0
TXN104823,USER2658,1915.36,Merchant,16,Android,Same City,0,3027,5,Biometric,0
TXN104824,USER2656,1669.44,P2P,14,Android,Different City,0,3215,6,Biometric,0
TXN104825,USER4450,11299.26,Merchant,2,Android,Same City,1,3256,3,UPI PIN,1
TXN104826,USER4551,1644.53,Merchant,19,Android,Same City,0,2175,2,UPI PIN,0
TXN104827,USER3768,1070.02,Merchant,15,Android,Same City,0,1947,1,UPI PIN,1
TXN104828,USER4911,461.15,P2P,12,iOS,Different State,0,1600,3,UPI PIN,0
TXN104829,USER3103,1350.64,Merchant,14,Android,Same City,1,260,4,UPI PIN,0
TXN104830,USER4412,3208.17,Recharge,10,iOS,Same City,0,2448,8,UPI PIN,1
TXN104831,USER4150,273.79,P2P,3,Android,Different State,0,703,2,UPI PIN,0
TXN104832,USER2755,2785.22,P2P,1,Android,Different City,2,1183,2,UPI PIN,0
TXN104833,USER1788,1547.08,Bill Payment,19,Android,Same City,1,1849,5,Biometric,0
TXN104834,USER4526,7945.16,P2P,20,Android,Same City,0,1841,2,UPI PIN,1
TXN104835,USER4222,6142.65,Bill Payment,8,iOS,Different State,0,2136,6,UPI PIN,0
TXN104836,USER4440,940.45,Recharge,22,iOS,Different City,0,3143,2,Auto Debit,0
TXN104837,USER4607,337.2,P2P,20,Android,Same City,1,3729,1,Auto Debit,0
TXN104838,USER2657,107.46,Bill Payment,16,iOS,Different City,1,1135,2,Biometric,0
TXN104839,USER4706,276.04,P2P,11,Android,Different City,1,2576,3,Auto Debit,0
TXN104840,USER1224,3968.89,Bill Payment,23,iOS,Different City,0,359,0,UPI PIN,0
TXN104841,USER4929,3672.0,Bill Payment,3,Android,Same City,0,2069,7,UPI PIN,1
TXN104842,USER3317,710.43,Merchant,7,iOS,Same City,0,100,5,UPI PIN,0
TXN104843,USER1649,5270.62,Merchant,14,Android,Same City,1,1225,1,UPI PIN,0
TXN104844,USER1203,1495.13,P2P,3,iOS,Same City,0,679,4,UPI PIN,0
TXN104845,USER1845,1791.2,Bill Payment,13,Android,Same City,0,2172,3,UPI PIN,0
TXN104846,USER4124,864.14,Merchant,20,Android,Same City,1,909,2,UPI PIN,0
TXN104847,USER2499,1.56,Bill Payment,5,iOS,Same City,0,1683,2,Biometric,0
TXN104848,USER4077,1199.49,Merchant,0,Web,Same City,0,3879,2,UPI PIN,1
TXN104849,USER2032,1361.02,P2P,6,Android,Different State,1,2868,3,UPI PIN,0
TXN104850,USER2128,2634.4,Recharge,1,Android,Different State,0,1570,6,UPI PIN,0
TXN104851,USER4468,428.42,P2P,21,Android,Same City,0,3311,5,UPI PIN,0
TXN104852,USER4316,1059.01,Bill Payment,5,Android,Different City,0,2513,0,UPI PIN,0
TXN104853,USER3177,816.9,Bill Payment,7,Android,Same City,0,2492,4,UPI PIN,0
TXN104854,USER1604,56.75,Merchant,14,Android,Same City,0,3887,3,Biometric,0
TXN104855,USER4502,4158.36,Merchant,12,iOS,Same City,1,1816,2,Biometric,0
TXN104856,USER1099,2959.42,Recharge,20,Android,Same City,0,2684,4,UPI PIN,1
TXN104857,USER3295,2160.52,Recharge,13,iOS,Same City,1,627,3,UPI PIN,0
TXN104858,USER3391,160.2,P2P,19,Android,Different State,0,2530,2,UPI PIN,0
TXN104859,USER2812,647.49,Bill Payment,4,Android,Same City,0,2183,4,UPI PIN,0
TXN104860,USER3612,1833.82,Bill Payment,0,iOS,Same City,0,1623,3,Biometric,0
TXN104861,USER4549,2146.49,Merchant,2,Android,Same City,1,3376,6,UPI PIN,1
TXN104862,USER4218,353.19,Bill Payment,9,Android,Different City,0,3510,2,UPI PIN,0
TXN104863,USER4991,674.76,Bill Payment,8,Android,Same City,0,3358,1,UPI PIN,0
TXN104864,USER2354,2987.2,Merchant,11,Android,Same City,0,2707,2,UPI PIN,0
TXN104865,USER4694,1038.22,Recharge,9,Android,Same City,0,1699,4,Biometric,0
TXN104866,USER4232,670.42,Merchant,1,Android,Different City,0,2716,2,UPI PIN,0
TXN104867,USER1631,466.45,Merchant,18,Android,Same City,2,3539,2,UPI PIN,0
TXN104868,USER2906,3674.58,Bill Payment,9,iOS,Different City,0,2507,4,Biometric,1
TXN104869,USER4338,2364.52,Recharge,12,iOS,Different City,0,221,2,UPI PIN,0
TXN104870,USER2499,2686.73,Recharge,18,iOS,Same City,0,1488,1,UPI PIN,1
TXN104871,USER3517,3359.72,Recharge,20,Android,Different State,0,2630,6,UPI PIN,0
TXN104872,USER2385,4170.8,Bill Payment,2,Android,Different City,0,1546,5,UPI PIN,0
TXN104873,USER1074,534.39,Recharge,10,iOS,Same City,0,1912,1,UPI PIN,0
TXN104874,USER4457,98.92,P2P,20,Web,Same City,0,164,3,UPI PIN,0
TXN104875,USER4011,226.7,Merchant,22,Android,Different City,0,636,5,UPI PIN,0
TXN104876,USER4890,317.44,Recharge,10,Android,Same City,0,872,3,UPI PIN,0
TXN104877,USER3863,2199.03,Recharge,19,Android,Different State,0,2848,3,UPI PIN,0
TXN104878,USER4394,134.0,Bill Payment,10,iOS,Same City,0,1038,8,UPI PIN,0
TXN104879,USER4227,1692.62,Merchant,15,Android,Different State,1,1195,1,UPI PIN,0
TXN104880,USER4922,2264.46,Bill Payment,16,Android,Same City,0,2549,2,Biometric,0
TXN104881,USER2423,1550.46,Bill Payment,13,Android,Different State,0,161,2,UPI PIN,1
TXN104882,USER2289,2911.69,Merchant,3,Android,Different City,0,3502,2,UPI PIN,0
TXN104883,USER3631,1400.72,Recharge,10,iOS,Same City,2,2002,4,UPI PIN,0
TXN104884,USER1370,1802.7,P2P,17,iOS,Same City,2,1562,7,UPI PIN,0
TXN104885,USER4468,21.47,Merchant,13,Android,Same City,0,1761,6,UPI PIN,0
TXN104886,USER2570,152.62,Bill Payment,8,iOS,Same City,0,3440,1,UPI PIN,0
TXN104887,USER2304,737.29,Bill Payment,22,Android,Different City,0,675,6,UPI PIN,0
TXN104888,USER1411,4598.54,Bill Payment,11,iOS,Same City,0,3201,3,UPI PIN,1
TXN104889,USER2703,5766.25,P2P,2,Android,Same City,0,396,3,UPI PIN,0
TXN104890,USER4950,4983.51,Recharge,13,Android,Same City,2,2361,2,UPI PIN,0
TXN104891,USER4293,182.84,P2P,15,Android,Same City,1,2194,3,Auto Debit,0
TXN104892,USER3668,2913.42,Recharge,21,Android,Same City,0,1025,3,UPI PIN,0
TXN104893,USER1458,42.09,Merchant,7,Android,Different State,0,1525,4,UPI PIN,0
TXN104894,USER2653,491.31,Recharge,19,Android,Different City,0,265,6,UPI PIN,0
TXN104895,USER3584,1447.41,Bill Payment,13,Android,Same City,0,666,2,Auto Debit,0
TXN104896,USER3851,2646.17,Merchant,9,Android,Same City,0,1499,3,UPI PIN,1
TXN104897,USER1338,333.47,Merchant,20,Android,Same City,0,489,6,UPI PIN,0
TXN104898,USER4092,697.1,Bill Payment,9,Android,Same City,1,3861,4,UPI PIN,0
TXN104899,USER4957,1376.65,Bill Payment,2,Android,Same City,2,1756,5,Biometric,1
TXN104900,USER2785,6194.86,Recharge,13,Android,Same City,0,1583,2,UPI PIN,1
TXN104901,USER4846,2534.64,Bill Payment,22,Android,Same City,0,705,5,Auto Debit,0
TXN104902,USER1782,3520.3,P2P,16,Android,Same City,0,2385,2,UPI PIN,0
TXN104903,USER1255,2367.52,Bill Payment,22,iOS,Different City,0,404,5,UPI PIN,0
TXN104904,USER1114,2736.93,Merchant,15,iOS,Same City,1,1513,3,Auto Debit,0
TXN104905,USER3830,1776.4,Recharge,13,Android,Same City,0,57,1,Biometric,0
TXN104906,USER2957,755.71,Bill Payment,1,iOS,Same City,1,2837,2,Biometric,0
TXN104907,USER1915,5237.05,Merchant,14,Android,Different City,1,60,5,UPI PIN,1
TXN104908,USER3291,1474.46,Merchant,10,iOS,Same City,1,2931,2,Biometric,0
TXN104909,USER2151,115.79,Bill Payment,5,Android,Same City,1,2479,5,Biometric,0
TXN104910,USER1940,4221.33,Recharge,11,Android,Same City,0,2274,4,Biometric,1
TXN104911,USER1584,3058.85,Bill Payment,16,Android,Same City,3,3263,1,Auto Debit,1
TXN104912,USER1609,3005.61,P2P,23,Android,Same City,1,1183,3,UPI PIN,0
TXN104913,USER2217,439.27,Bill Payment,17,Android,Same City,0,491,6,Biometric,0
TXN104914,USER2411,1761.65,Recharge,11,Android,Same City,0,1085,1,UPI PIN,0
TXN104915,USER3195,1361.1,Recharge,7,Android,Different City,0,2706,2,UPI PIN,0
TXN104916,USER2793,988.7,Merchant,5,Android,Different City,1,1270,7,UPI PIN,0
TXN104917,USER1538,3906.67,Merchant,8,Android,Same City,0,762,2,UPI PIN,0
TXN104918,USER4067,1658.47,Merchant,8,Android,Same City,0,3220,3,Auto Debit,0
TXN104919,USER3874,1488.74,P2P,4,iOS,Same City,1,2566,1,UPI PIN,0
TXN104920,USER2121,1408.89,P2P,10,Web,Same City,1,1664,4,Biometric,0
TXN104921,USER3027,586.17,Merchant,21,Android,Same City,0,980,9,UPI PIN,0
TXN104922,USER4726,3272.32,Recharge,20,Android,Same City,1,1531,3,Biometric,1
TXN104923,USER2561,633.44,Merchant,18,Android,Same City,0,3232,6,UPI PIN,0
TXN104924,USER1706,470.38,P2P,18,Android,Same City,0,3449,5,Biometric,0
TXN104925,USER2055,90.28,Bill Payment,3,Android,Same City,0,2539,3,UPI PIN,1
TXN104926,USER4634,3366.83,Merchant,7,iOS,Same City,1,2978,1,UPI PIN,1
TXN104927,USER4809,2156.07,Merchant,16,Android,Same City,0,3323,2,UPI PIN,0
TXN104928,USER1237,984.6,P2P,0,Android,Same City,0,3233,4,Biometric,1
TXN104929,USER3638,269.16,Bill Payment,9,Android,Same City,0,666,5,UPI PIN,0
TXN104930,USER1582,502.09,P2P,23,iOS,Same City,0,2159,1,UPI PIN,0
TXN104931,USER1301,152.55,Recharge,9,Android,Different City,0,601,1,Biometric,0
TXN104932,USER4043,2478.89,Bill Payment,10,Android,Same City,2,1265,0,UPI PIN,0
TXN104933,USER4105,692.75,Recharge,14,Android,Same City,0,1774,3,UPI PIN,0
TXN104934,USER4565,623.87,Merchant,0,iOS,Same City,0,600,2,UPI PIN,0
TXN104935,USER2070,375.5,Merchant,17,Android,Same City,0,2783,1,Biometric,0
TXN104936,USER2098,1941.8,Recharge,11,Web,Same City,0,2078,5,UPI PIN,0
TXN104937,USER2947,1238.37,Recharge,7,Android,Different City,0,341,2,UPI PIN,0
TXN104938,USER2382,953.92,P2P,2,iOS,Same City,0,169,5,UPI PIN,0
TXN104939,USER3875,5242.41,Recharge,5,Android,Same City,0,2279,3,UPI PIN,0
TXN104940,USER2313,1074.4,P2P,22,Android,Same City,1,2496,4,Auto Debit,0
TXN104941,USER1371,2086.23,P2P,12,iOS,Same City,1,3144,1,UPI PIN,0
TXN104942,USER3209,1677.33,Bill Payment,19,iOS,Same City,0,607,4,Biometric,0
TXN104943,USER3616,27.51,Recharge,9,Android,Same City,0,1227,1,UPI PIN,0
TXN104944,USER3198,661.87,P2P,17,iOS,Different City,0,2985,3,Biometric,0
TXN104945,USER2067,205.49,Recharge,19,Android,Different City,0,3314,4,UPI PIN,0
TXN104946,USER2388,976.41,Bill Payment,7,Web,Same City,2,1145,2,Biometric,1
TXN104947,USER3308,846.15,P2P,16,iOS,Same City,0,3908,3,UPI PIN,0
TXN104948,USER4754,3990.08,P2P,19,Android,Same City,1,2144,4,UPI PIN,0
TXN104949,USER4119,516.43,Recharge,6,Android,Same City,0,3691,1,UPI PIN,0
TXN104950,USER3081,3211.37,Recharge,5,Android,Same City,0,1018,3,UPI PIN,0
TXN104951,USER2953,3569.07,Recharge,19,iOS,Same City,0,1121,4,UPI PIN,1
TXN104952,USER3951,2424.5,P2P,20,Android,Same City,0,2785,4,UPI PIN,1
TXN104953,USER1438,1552.01,Merchant,8,Android,Same City,0,710,2,UPI PIN,0
TXN104954,USER4287,1553.36,P2P,20,Android,Same City,0,517,3,UPI PIN,0
TXN104955,USER2964,47.2,Recharge,3,iOS,Same City,0,840,4,UPI PIN,0
TXN104956,USER4222,4550.52,P2P,6,iOS,Same City,0,3190,4,Auto Debit,1
TXN104957,USER3280,3126.87,Merchant,20,iOS,Same City,0,436,5,UPI PIN,0
TXN104958,USER3495,167.05,Recharge,10,Android,Different State,0,3309,5,UPI PIN,0
TXN104959,USER2178,1477.55,Merchant,10,Android,Same City,0,3339,3,Biometric,0
TXN104960,USER3142,451.87,Merchant,18,iOS,Same City,0,1936,5,UPI PIN,0
TXN104961,USER2804,1408.39,Bill Payment,23,iOS,Different City,0,1846,4,UPI PIN,0
TXN104962,USER1431,3051.47,Recharge,23,Android,Same City,0,1311,4,UPI PIN,0
TXN104963,USER1580,878.18,Bill Payment,22,iOS,Different City,0,2784,3,UPI PIN,0
TXN104964,USER1455,553.51,Merchant,10,iOS,Same City,0,2998,5,UPI PIN,0
TXN104965,USER4321,284.14,Recharge,9,Android,Different State,0,3975,4,UPI PIN,0
TXN104966,USER1600,1478.2,Bill Payment,6,iOS,Same City,0,902,1,Auto Debit,0
TXN104967,USER3937,627.62,Bill Payment,5,Android,Same City,0,551,5,UPI PIN,0
TXN104968,USER1934,321.83,Recharge,1,Android,Same City,0,332,3,Biometric,0
TXN104969,USER1819,1138.85,Bill Payment,10,Android,Different City,1,2263,1,Biometric,1
TXN104970,USER3283,82.53,Bill Payment,12,iOS,Same City,0,1003,1,Biometric,1
TXN104971,USER4336,144.67,Recharge,23,Android,Same City,0,270,4,UPI PIN,0
TXN104972,USER1913,3669.41,Recharge,16,iOS,Same City,0,2544,1,UPI PIN,0
TXN104973,USER3975,1122.67,Merchant,4,Android,Different City,1,2047,3,UPI PIN,1
TXN104974,USER1709,55.98,Bill Payment,3,Android,Same City,1,3136,6,Auto Debit,0
TXN104975,USER4881,102.52,Merchant,22,iOS,Same City,1,3431,3,Biometric,0
TXN104976,USER1392,1728.34,Merchant,7,Android,Different City,1,2658,0,UPI PIN,0
TXN104977,USER4006,1369.82,Recharge,10,Android,Same City,0,1349,1,Auto Debit,1
TXN104978,USER1402,21.99,P2P,1,Android,Same City,0,3151,2,UPI PIN,0
TXN104979,USER2862,819.43,Recharge,0,Android,Same City,0,3771,4,Auto Debit,0
TXN104980,USER4516,1164.03,P2P,16,Android,Same City,0,3657,3,UPI PIN,0
TXN104981,USER3630,1279.55,P2P,7,iOS,Same City,0,3637,2,UPI PIN,1
TXN104982,USER2119,3803.24,P2P,9,Android,Same City,0,3912,2,Auto Debit,0
TXN104983,USER1710,1436.71,Bill Payment,13,Android,Same City,0,2943,2,UPI PIN,0
TXN104984,USER3355,139.53,P2P,15,Android,Same City,0,3631,3,Auto Debit,0
TXN104985,USER4568,1539.21,P2P,1,Android,Same City,0,981,3,UPI PIN,0
TXN104986,USER3074,183.84,Merchant,0,iOS,Same City,1,98,7,UPI PIN,1
TXN104987,USER3627,3885.64,Recharge,20,iOS,Same City,0,119,4,UPI PIN,1
TXN104988,USER2674,2044.41,P2P,4,iOS,Same City,0,3184,6,UPI PIN,1
TXN104989,USER4045,669.89,Recharge,4,iOS,Same City,0,1808,4,UPI PIN,1
TXN104990,USER1795,332.18,Recharge,22,iOS,Same City,0,1625,1,UPI PIN,0
TXN104991,USER2897,2706.21,Merchant,0,Android,Same City,0,1708,6,Biometric,1
TXN104992,USER1501,2649.2,Bill Payment,3,Android,Same City,0,67,3,UPI PIN,1
TXN104993,USER4211,3374.16,P2P,11,Android,Same City,0,3982,5,UPI PIN,0
TXN104994,USER3835,791.95,Recharge,10,iOS,Same City,0,2439,2,UPI PIN,1
TXN104995,USER1751,2071.03,Bill Payment,17,Android,Different City,1,3319,3,UPI PIN,1
TXN104996,USER2696,2603.73,Merchant,2,Android,Same City,1,1826,2,UPI PIN,1
TXN104997,USER2664,1530.99,Recharge,10,iOS,Different City,1,103,0,UPI PIN,1
TXN104998,USER3068,1454.1,Merchant,3,Android,Same City,0,151,5,UPI PIN,0
TXN104999,USER3615,650.22,Bill Payment,11,Android,Same City,0,1203,3,UPI PIN,0
